gloss_sequence,target_sentence,predicted_sentence,exact_match,token_f1,rouge_l,similarity_ratio
bo can keo khong,Bố có cần kẹo không?,Bố có cần kẹo không?,1,1.0,1.0,1.0
nam con_gai dang nghi,Năm con gái đang nghỉ.,Năm con gái đang nghỉ.,1,1.0,1.0,1.0
bay_gio chi dang xem,Bây giờ chị đang xem.,Bây giờ chị đang xem.,1,1.0,1.0,1.0
thu_bay me lam_viec,Thứ bảy mẹ làm việc.,Thứ bảy mẹ làm việc.,1,1.0,1.0,1.0
buoi_chieu em dang tap_the_duc,Buổi chiều em đang tập thể dục.,Buổi chiều em đang tập thể dục.,1,1.0,1.0,1.0
buoi_trua anh dang di_cho,Buổi trưa anh đang đi chợ.,Buổi trưa anh đang đi chợ.,1,1.0,1.0,1.0
toi muon chin sua,Tôi muốn chín sữa.,Tôi muốn chín sữa.,1,1.0,1.0,1.0
thu_hai anh bi dau_bung,Thứ hai anh bị đau bụng.,Thứ hai anh bị đau bụng.,1,1.0,1.0,1.0
toi can hai_muoi chao,Tôi cần hai mươi cháo.,Tôi cần hai mươi cháo.,1,1.0,1.0,1.0
bo mat den,Bố mất đèn.,Bố mất đèn.,1,1.0,1.0,1.0
con_trai thich dong_ho,Con trai thích đồng hồ.,Con trai thích đồng hồ.,1,1.0,1.0,1.0
ong muon hai ban_phim,Ông muốn hai bàn phím.,Ông muốn hai bàn phím.,1,1.0,1.0,1.0
hom_qua con_trai dang nghe,Hôm qua con trai đang nghe.,Hôm qua con trai đang nghe.,1,1.0,1.0,1.0
buoi_chieu ban dang noi,Buổi chiều bạn đang nói.,Buổi chiều bạn đang nói.,1,1.0,1.0,1.0
hom_qua ba dang noi,Hôm qua bà đang nói.,Hôm qua bà đang nói.,1,1.0,1.0,1.0
thu_tu bao khong,Thứ tư có bão không?,Thứ tư có bão không?,1,1.0,1.0,1.0
co bi bi_thuong can goi_bac_si,"Cô bị bị thương, cần gọi bác sĩ.","Cô bị bị thương, cần gọi bác sĩ.",1,1.0,1.0,1.0
buoi_trua em bi dau,Buổi trưa em bị đau.,Buổi trưa em bị đau.,1,1.0,1.0,1.0
ong khong muon kinh,Ông không muốn kính.,Ông không muốn kính.,1,1.0,1.0,1.0
mua_dong anh dang tap_the_duc,Mùa đông anh đang tập thể dục.,Mùa đông anh đang tập thể dục.,1,1.0,1.0,1.0
thu_tu ba dang lam_viec,Thứ tư bà đang làm việc.,Thứ tư bà đang làm việc.,1,1.0,1.0,1.0
thu_nam chi dang nghe,Thứ năm chị đang nghe.,Thứ năm chị đang nghe.,1,1.0,1.0,1.0
thu_nam thay_giao dang tap_the_duc,Thứ năm thầy giáo đang tập thể dục.,Thứ năm thầy giáo đang tập thể dục.,1,1.0,1.0,1.0
ong muon bun o phong_kham,Ông muốn bún ở phòng khám.,Ông muốn bún ở phòng khám.,1,1.0,1.0,1.0
thu_hai chi dang nghe,Thứ hai chị đang nghe.,Thứ hai chị đang nghe.,1,1.0,1.0,1.0
ong thich chao,Ông thích cháo.,Ông thích cháo.,1,1.0,1.0,1.0
ngay con_gai bi dau_hong,Ngày con gái bị đau họng.,Ngày con gái bị đau họng.,1,1.0,1.0,1.0
ngay_mai chung_toi bi kho_tho,Ngày mai chúng tôi bị khó thở.,Ngày mai chúng tôi bị khó thở.,1,1.0,1.0,1.0
hom_qua nguoi_khiem_thinh bi cam_lanh,Hôm qua người khiếm thính bị cảm lạnh.,Hôm qua người khiếm thính bị cảm lạnh.,1,1.0,1.0,1.0
anh thich rau,Anh thích rau.,Anh thích rau.,1,1.0,1.0,1.0
thu_hai toi dang lam_bai_tap,Thứ hai tôi đang làm bài tập.,Thứ hai tôi đang làm bài tập.,1,1.0,1.0,1.0
toi muon sua o cho,Tôi muốn sữa ở chợ.,Tôi muốn sữa ở chợ.,1,1.0,1.0,1.0
em di van_phong,Em đi văn phòng.,Em đi văn phòng.,1,1.0,1.0,1.0
chu_nhat chi doc_sach,Chủ nhật chị đọc sách.,Chủ nhật chị đọc sách.,1,1.0,1.0,1.0
me muon mot_tram tivi,Mẹ muốn một trăm ti vi.,Mẹ muốn một trăm ti vi.,1,1.0,1.0,1.0
benh_nhan can goi_bac_si khong,Bệnh nhân có cần gọi bác sĩ không?,Bệnh nhân có cần gọi bác sĩ không?,1,1.0,1.0,1.0
thang benh_nhan bi dau_lung,Tháng bệnh nhân bị đau lưng.,Tháng bệnh nhân bị đau lưng.,1,1.0,1.0,1.0
thang co_giao dang uong,Tháng cô giáo đang uống.,Tháng cô giáo đang uống.,1,1.0,1.0,1.0
mua_dong chi lam_bai_tap,Mùa đông chị làm bài tập.,Mùa đông chị làm bài tập.,1,1.0,1.0,1.0
co muon xe_cuu_thuong,Cô muốn xe cứu thương.,Cô muốn xe cứu thương.,1,1.0,1.0,1.0
ngay_mai em dang uong,Ngày mai em đang uống.,Ngày mai em đang uống.,1,1.0,1.0,1.0
me muon mua tra,Mẹ muốn mua trà.,Mẹ muốn mua trà.,1,1.0,1.0,1.0
bo thich nuoc,Bố thích nước.,Bố thích nước.,1,1.0,1.0,1.0
thu_ba chi dang choi,Thứ ba chị đang chơi.,Thứ ba chị đang chơi.,1,1.0,1.0,1.0
ong bi dau_dau nen can com,Ông bị đau đầu nên cần cơm.,Ông bị đau đầu nên cần cơm.,1,1.0,1.0,1.0
buoi_chieu bo noi,Buổi chiều bố nói.,Buổi chiều bố nói.,1,1.0,1.0,1.0
thay_giao muon di phong_ngu,Thầy giáo muốn đi phòng ngủ.,Thầy giáo muốn đi phòng ngủ.,1,1.0,1.0,1.0
chi bi di_ung nen can goi_bac_si,Chị bị dị ứng nên cần gọi bác sĩ.,Chị bị dị ứng nên cần gọi bác sĩ.,1,1.0,1.0,1.0
bay_gio bo noi,Bây giờ bố nói.,Bây giờ bố nói.,1,1.0,1.0,1.0
buoi_toi ong dang viet,Buổi tối ông đang viết.,Buổi tối ông đang viết.,1,1.0,1.0,1.0
ngay_mai thay_giao hoc_bai,Ngày mai thầy giáo học bài.,Ngày mai thầy giáo học bài.,1,1.0,1.0,1.0
hom_nay ong dang nghi,Hôm nay ông đang nghỉ.,Hôm nay ông đang nghỉ.,1,1.0,1.0,1.0
ong muon mot_tram but,Ông muốn một trăm bút.,Ông muốn một trăm bút.,1,1.0,1.0,1.0
ngay thay_giao bi buon_non,Ngày thầy giáo bị buồn nôn.,Ngày thầy giáo bị buồn nôn.,1,1.0,1.0,1.0
ngay_mai ban an,Ngày mai bạn ăn.,Ngày mai bạn ăn.,1,1.0,1.0,1.0
ngay co dang di_cho,Ngày cô đang đi chợ.,Ngày cô đang đi chợ.,1,1.0,1.0,1.0
nam anh bi cam_lanh,Năm anh bị cảm lạnh.,Năm anh bị cảm lạnh.,1,1.0,1.0,1.0
ngay_mai ong bi kho_tho,Ngày mai ông bị khó thở.,Ngày mai ông bị khó thở.,1,1.0,1.0,1.0
thu_bay con_trai dang nghi,Thứ bảy con trai đang nghỉ.,Thứ bảy con trai đang nghỉ.,1,1.0,1.0,1.0
buoi_sang co_may khong,Buổi sáng có có mây không?,Buổi sáng có có mây không?,1,1.0,1.0,1.0
toi can bon banh_mi,Tôi cần bốn bánh mì.,Tôi cần bốn bánh mì.,1,1.0,1.0,1.0
ngay_mai bo dang giat_do,Ngày mai bố đang giặt đồ.,Ngày mai bố đang giặt đồ.,1,1.0,1.0,1.0
thu_hai con_trai bi ho,Thứ hai con trai bị ho.,Thứ hai con trai bị ho.,1,1.0,1.0,1.0
thu_hai me dang tam,Thứ hai mẹ đang tắm.,Thứ hai mẹ đang tắm.,1,1.0,1.0,1.0
ban se tam,Bạn sẽ tắm.,Bạn sẽ tắm.,1,1.0,1.0,1.0
ngay co_giao bi dau_tay,Ngày cô giáo bị đau tay.,Ngày cô giáo bị đau tay.,1,1.0,1.0,1.0
chi dang noi,Chị đang nói.,Chị đang nói.,1,1.0,1.0,1.0
ngay ban bi buon_non,Ngày bạn bị buồn nôn.,Ngày bạn bị buồn nôn.,1,1.0,1.0,1.0
anh mat noi_com_dien,Anh mất nồi cơm điện.,Anh mất nồi cơm điện.,1,1.0,1.0,1.0
chi muon chao o phong_kham,Chị muốn cháo ở phòng khám.,Chị muốn cháo ở phòng khám.,1,1.0,1.0,1.0
buoi_trua ban dang rua_tay,Buổi trưa bạn đang rửa tay.,Buổi trưa bạn đang rửa tay.,1,1.0,1.0,1.0
em bi dau_tay nen can goi_y_ta,Em bị đau tay nên cần gọi y tá.,Em bị đau tay nên cần gọi y tá.,1,1.0,1.0,1.0
thang con_trai dang ngu,Tháng con trai đang ngủ.,Tháng con trai đang ngủ.,1,1.0,1.0,1.0
con_gai thich keo,Con gái thích kẹo.,Con gái thích kẹo.,1,1.0,1.0,1.0
bo muon di nha_ve_sinh,Bố muốn đi nhà vệ sinh.,Bố muốn đi nhà vệ sinh.,1,1.0,1.0,1.0
thay_giao muon ghe,Thầy giáo muốn ghế.,Thầy giáo muốn ghế.,1,1.0,1.0,1.0
nam bo dang doc_sach,Năm bố đang đọc sách.,Năm bố đang đọc sách.,1,1.0,1.0,1.0
thu_tu bo di_hoc,Thứ tư bố đi học.,Thứ tư bố đi học.,1,1.0,1.0,1.0
ngay ong bi dau,Ngày ông bị đau.,Ngày ông bị đau.,1,1.0,1.0,1.0
hom_nay nguoi_khiem_thinh bi dau_hong,Hôm nay người khiếm thính bị đau họng.,Hôm nay người khiếm thính bị đau họng.,1,1.0,1.0,1.0
nam co_giao hoc_bai,Năm cô giáo học bài.,Năm cô giáo học bài.,1,1.0,1.0,1.0
thu_hai me doc_sach,Thứ hai mẹ đọc sách.,Thứ hai mẹ đọc sách.,1,1.0,1.0,1.0
mua_dong nguoi_khiem_thinh dang tap_the_duc,Mùa đông người khiếm thính đang tập thể dục.,Mùa đông người khiếm thính đang tập thể dục.,1,1.0,1.0,1.0
mua_dong toi lam_bai_tap,Mùa đông tôi làm bài tập.,Mùa đông tôi làm bài tập.,1,1.0,1.0,1.0
ngay bo bi bi_thuong,Ngày bố bị bị thương.,Ngày bố bị bị thương.,1,1.0,1.0,1.0
quan cham,Quần chậm.,Quần chậm.,1,1.0,1.0,1.0
nam ba bi dau_hong,Năm bà bị đau họng.,Năm bà bị đau họng.,1,1.0,1.0,1.0
thu_tu toi dang lam_bai_tap,Thứ tư tôi đang làm bài tập.,Thứ tư tôi đang làm bài tập.,1,1.0,1.0,1.0
buoi_chieu thay_giao lam_viec,Buổi chiều thầy giáo làm việc.,Buổi chiều thầy giáo làm việc.,1,1.0,1.0,1.0
bay_gio toi dang choi,Bây giờ tôi đang chơi.,Bây giờ tôi đang chơi.,1,1.0,1.0,1.0
thu_sau em bi met,Thứ sáu em bị mệt.,Thứ sáu em bị mệt.,1,1.0,1.0,1.0
con_gai can ca_phe khong,Con gái có cần cà phê không?,Con gái có cần cà phê không?,1,1.0,1.0,1.0
nam ba di_hoc,Năm bà đi học.,Năm bà đi học.,1,1.0,1.0,1.0
nam co lam_bai_tap,Năm cô làm bài tập.,Năm cô làm bài tập.,1,1.0,1.0,1.0
buoi_chieu benh_nhan bi chong_mat,Buổi chiều bệnh nhân bị chóng mặt.,Buổi chiều bệnh nhân bị chóng mặt.,1,1.0,1.0,1.0
me can mot_tram den,Mẹ cần một trăm đèn.,Mẹ cần một trăm đèn.,1,1.0,1.0,1.0
thang co di_hoc,Tháng cô đi học.,Tháng cô đi học.,1,1.0,1.0,1.0
thu_hai chung_toi dang nghe,Thứ hai chúng tôi đang nghe.,Thứ hai chúng tôi đang nghe.,1,1.0,1.0,1.0
thu_sau thay_giao bi dau_hong,Thứ sáu thầy giáo bị đau họng.,Thứ sáu thầy giáo bị đau họng.,1,1.0,1.0,1.0
thu_ba co_giao bi dau_lung,Thứ ba cô giáo bị đau lưng.,Thứ ba cô giáo bị đau lưng.,1,1.0,1.0,1.0
ban khong muon sac_pin,Bạn không muốn sạc pin.,Bạn không muốn sạc pin.,1,1.0,1.0,1.0
me bi dau_lung nen can thuc_an,Mẹ bị đau lưng nên cần thức ăn.,Mẹ bị đau lưng nên cần thức ăn.,1,1.0,1.0,1.0
thang chi dang mua_sam,Tháng chị đang mua sắm.,Tháng chị đang mua sắm.,1,1.0,1.0,1.0
mua_he nguoi_khiem_thinh bi sot,Mùa hè người khiếm thính bị sốt.,Mùa hè người khiếm thính bị sốt.,1,1.0,1.0,1.0
thu_tu ong bi bi_thuong,Thứ tư ông bị bị thương.,Thứ tư ông bị bị thương.,1,1.0,1.0,1.0
me muon pho o lop_hoc,Mẹ muốn phở ở lớp học.,Mẹ muốn phở ở lớp học.,1,1.0,1.0,1.0
ban muon hai_muoi bun,Bạn muốn hai mươi bún.,Bạn muốn hai mươi bún.,1,1.0,1.0,1.0
mua_dong bo dang hoc_bai,Mùa đông bố đang học bài.,Mùa đông bố đang học bài.,1,1.0,1.0,1.0
buoi_toi con_gai bi bi_thuong,Buổi tối con gái bị bị thương.,Buổi tối con gái bị bị thương.,1,1.0,1.0,1.0
me khong_thich thit,Mẹ không thích thịt.,Mẹ không thích thịt.,1,1.0,1.0,1.0
ban khong doc_sach,Bạn không đọc sách.,Bạn không đọc sách.,1,1.0,1.0,1.0
gia_dinh can kinh,Gia đình cần kính.,Gia đình cần kính.,1,1.0,1.0,1.0
mua_dong ba dang lam_bai_tap,Mùa đông bà đang làm bài tập.,Mùa đông bà đang làm bài tập.,1,1.0,1.0,1.0
co_giao di giuong,Cô giáo đi giường.,Cô giáo đi giường.,1,1.0,1.0,1.0
buoi_chieu chi dang chay,Buổi chiều chị đang chạy.,Buổi chiều chị đang chạy.,1,1.0,1.0,1.0
hom_qua me bi chong_mat,Hôm qua mẹ bị chóng mặt.,Hôm qua mẹ bị chóng mặt.,1,1.0,1.0,1.0
buoi_trua ban se di truong,Buổi trưa bạn sẽ đi trường.,Buổi trưa bạn sẽ đi trường.,1,1.0,1.0,1.0
bo se lam_bai_tap,Bố sẽ làm bài tập.,Bố sẽ làm bài tập.,1,1.0,1.0,1.0
thu_bay co nghe,Thứ bảy cô nghe.,Thứ bảy cô nghe.,1,1.0,1.0,1.0
thu_tu thay_giao bi chay_mau,Thứ tư thầy giáo bị chảy máu.,Thứ tư thầy giáo bị chảy máu.,1,1.0,1.0,1.0
ong muon chin dien_thoai,Ông muốn chín điện thoại.,Ông muốn chín điện thoại.,1,1.0,1.0,1.0
bo bi ho nen can nuoc,Bố bị ho nên cần nước.,Bố bị ho nên cần nước.,1,1.0,1.0,1.0
em dang viet,Em đang viết.,Em đang viết.,1,1.0,1.0,1.0
chu_nhat chung_toi bi chong_mat,Chủ nhật chúng tôi bị chóng mặt.,Chủ nhật chúng tôi bị chóng mặt.,1,1.0,1.0,1.0
buoi_trua bo dang di_bo,Buổi trưa bố đang đi bộ.,Buổi trưa bố đang đi bộ.,1,1.0,1.0,1.0
mua_dong thay_giao bi dau_lung,Mùa đông thầy giáo bị đau lưng.,Mùa đông thầy giáo bị đau lưng.,1,1.0,1.0,1.0
buoi_toi thay_giao dang hoc_bai,Buổi tối thầy giáo đang học bài.,Buổi tối thầy giáo đang học bài.,1,1.0,1.0,1.0
ba di lop_hoc,Bà đi lớp học.,Bà đi lớp học.,1,1.0,1.0,1.0
thu_ba chung_toi bi dau_bung,Thứ ba chúng tôi bị đau bụng.,Thứ ba chúng tôi bị đau bụng.,1,1.0,1.0,1.0
thang co_giao bi chong_mat,Tháng cô giáo bị chóng mặt.,Tháng cô giáo bị chóng mặt.,1,1.0,1.0,1.0
toi muon nam pho,Tôi muốn năm phở.,Tôi muốn năm phở.,1,1.0,1.0,1.0
ban muon chin banh_mi,Bạn muốn chín bánh mì.,Bạn muốn chín bánh mì.,1,1.0,1.0,1.0
ngay bo bi chay_mau,Ngày bố bị chảy máu.,Ngày bố bị chảy máu.,1,1.0,1.0,1.0
toi muon chin may_tinh,Tôi muốn chín máy tính.,Tôi muốn chín máy tính.,1,1.0,1.0,1.0
hom_nay bo ngu,Hôm nay bố ngủ.,Hôm nay bố ngủ.,1,1.0,1.0,1.0
mua_dong chi dang xem,Mùa đông chị đang xem.,Mùa đông chị đang xem.,1,1.0,1.0,1.0
co can kinh_lup khong,Cô có cần kính lúp không?,Cô có cần kính lúp không?,1,1.0,1.0,1.0
thu_tu ong dang doc_sach,Thứ tư ông đang đọc sách.,Thứ tư ông đang đọc sách.,1,1.0,1.0,1.0
toi khong xem,Tôi không xem.,Tôi không xem.,1,1.0,1.0,1.0
hom_nay ban se di lop_hoc,Hôm nay bạn sẽ đi lớp học.,Hôm nay bạn sẽ đi lớp học.,1,1.0,1.0,1.0
toi muon sau nuoc_cam,Tôi muốn sáu nước cam.,Tôi muốn sáu nước cam.,1,1.0,1.0,1.0
hom_qua anh se di truong,Hôm qua anh sẽ đi trường.,Hôm qua anh sẽ đi trường.,1,1.0,1.0,1.0
ban can mot_tram bun,Bạn cần một trăm bún.,Bạn cần một trăm bún.,1,1.0,1.0,1.0
me bi ho nen can nuoc,Mẹ bị ho nên cần nước.,Mẹ bị ho nên cần nước.,1,1.0,1.0,1.0
benh_nhan thich giay,Bệnh nhân thích giày.,Bệnh nhân thích giày.,1,1.0,1.0,1.0
ngay_mai co_giao dang nghi,Ngày mai cô giáo đang nghỉ.,Ngày mai cô giáo đang nghỉ.,1,1.0,1.0,1.0
toi can dong_ho khong,Tôi có cần đồng hồ không?,Tôi có cần đồng hồ không?,1,1.0,1.0,1.0
nam ban dang mua_sam,Năm bạn đang mua sắm.,Năm bạn đang mua sắm.,1,1.0,1.0,1.0
mua_he anh nghi,Mùa hè anh nghỉ.,Mùa hè anh nghỉ.,1,1.0,1.0,1.0
thu_ba toi dang lam_bai_tap,Thứ ba tôi đang làm bài tập.,Thứ ba tôi đang làm bài tập.,1,1.0,1.0,1.0
ba cam_thay chay_mau,Bà cảm thấy chảy máu.,Bà cảm thấy chảy máu.,1,1.0,1.0,1.0
buoi_trua anh an,Buổi trưa anh ăn.,Buổi trưa anh ăn.,1,1.0,1.0,1.0
ngay_mai anh bi kho_tho,Ngày mai anh bị khó thở.,Ngày mai anh bị khó thở.,1,1.0,1.0,1.0
ngay thay_giao dang doc_sach,Ngày thầy giáo đang đọc sách.,Ngày thầy giáo đang đọc sách.,1,1.0,1.0,1.0
thang bo dang an,Tháng bố đang ăn.,Tháng bố đang ăn.,1,1.0,1.0,1.0
hom_nay ba xem,Hôm nay bà xem.,Hôm nay bà xem.,1,1.0,1.0,1.0
thu_nam chi dang an,Thứ năm chị đang ăn.,Thứ năm chị đang ăn.,1,1.0,1.0,1.0
ong khong rua_tay,Ông không rửa tay.,Ông không rửa tay.,1,1.0,1.0,1.0
chi can bay den,Chị cần bảy đèn.,Chị cần bảy đèn.,1,1.0,1.0,1.0
bay_gio thay_giao dang mua_sam,Bây giờ thầy giáo đang mua sắm.,Bây giờ thầy giáo đang mua sắm.,1,1.0,1.0,1.0
thu_sau co viet,Thứ sáu cô viết.,Thứ sáu cô viết.,1,1.0,1.0,1.0
toi muon mua rau,Tôi muốn mua rau.,Tôi muốn mua rau.,1,1.0,1.0,1.0
thu_bay chung_toi bi ho,Thứ bảy chúng tôi bị ho.,Thứ bảy chúng tôi bị ho.,1,1.0,1.0,1.0
ngay ba dang doc_sach,Ngày bà đang đọc sách.,Ngày bà đang đọc sách.,1,1.0,1.0,1.0
buoi_sang con_trai dang tap_the_duc,Buổi sáng con trai đang tập thể dục.,Buổi sáng con trai đang tập thể dục.,1,1.0,1.0,1.0
con_trai muon dong_ho,Con trai muốn đồng hồ.,Con trai muốn đồng hồ.,1,1.0,1.0,1.0
thu_bay chi dang nghi,Thứ bảy chị đang nghỉ.,Thứ bảy chị đang nghỉ.,1,1.0,1.0,1.0
toi khong muon nuoc,Tôi không muốn nước.,Tôi không muốn nước.,1,1.0,1.0,1.0
bay_gio chung_toi dang rua_tay,Bây giờ chúng tôi đang rửa tay.,Bây giờ chúng tôi đang rửa tay.,1,1.0,1.0,1.0
thang me dang ngu,Tháng mẹ đang ngủ.,Tháng mẹ đang ngủ.,1,1.0,1.0,1.0
toi_nay chung_toi dang lam_bai_tap,Tối nay chúng tôi đang làm bài tập.,Tối nay chúng tôi đang làm bài tập.,1,1.0,1.0,1.0
ong can khau_trang khong,Ông có cần khẩu trang không?,Ông có cần khẩu trang không?,1,1.0,1.0,1.0
buoi_toi toi ngu,Buổi tối tôi ngủ.,Buổi tối tôi ngủ.,1,1.0,1.0,1.0
ong can bao_nhieu ba_lo,Ông cần bao nhiêu ba lô?,Ông cần bao nhiêu ba lô?,1,1.0,1.0,1.0
nam con_gai dang rua_tay,Năm con gái đang rửa tay.,Năm con gái đang rửa tay.,1,1.0,1.0,1.0
co bi dau_dau nen can goi_bac_si,Cô bị đau đầu nên cần gọi bác sĩ.,Cô bị đau đầu nên cần gọi bác sĩ.,1,1.0,1.0,1.0
thang nguoi_khiem_thinh bi cam_lanh,Tháng người khiếm thính bị cảm lạnh.,Tháng người khiếm thính bị cảm lạnh.,1,1.0,1.0,1.0
toi_nay ban se di lop_hoc,Tối nay bạn sẽ đi lớp học.,Tối nay bạn sẽ đi lớp học.,1,1.0,1.0,1.0
hom_nay nguoi_khiem_thinh dang uong,Hôm nay người khiếm thính đang uống.,Hôm nay người khiếm thính đang uống.,1,1.0,1.0,1.0
em can giup_do,Em cần giúp đỡ.,Em cần giúp đỡ.,1,1.0,1.0,1.0
me can bao_nhieu ban,Mẹ cần bao nhiêu bàn?,Mẹ cần bao nhiêu bàn?,1,1.0,1.0,1.0
toi_nay benh_nhan dang viet,Tối nay bệnh nhân đang viết.,Tối nay bệnh nhân đang viết.,1,1.0,1.0,1.0
ban cam_thay sot,Bạn cảm thấy sốt.,Bạn cảm thấy sốt.,1,1.0,1.0,1.0
thu_sau ban nghe,Thứ sáu bạn nghe.,Thứ sáu bạn nghe.,1,1.0,1.0,1.0
ong muon mot_tram sua,Ông muốn một trăm sữa.,Ông muốn một trăm sữa.,1,1.0,1.0,1.0
hom_nay co dang rua_tay,Hôm nay cô đang rửa tay.,Hôm nay cô đang rửa tay.,1,1.0,1.0,1.0
buoi_trua me bi sot,Buổi trưa mẹ bị sốt.,Buổi trưa mẹ bị sốt.,1,1.0,1.0,1.0
thang co_giao dang nghi,Tháng cô giáo đang nghỉ.,Tháng cô giáo đang nghỉ.,1,1.0,1.0,1.0
ban bi dau_hong nen can com,Bạn bị đau họng nên cần cơm.,Bạn bị đau họng nên cần cơm.,1,1.0,1.0,1.0
ong muon chao o benh_vien,Ông muốn cháo ở bệnh viện.,Ông muốn cháo ở bệnh viện.,1,1.0,1.0,1.0
thu_nam co_giao ngu,Thứ năm cô giáo ngủ.,Thứ năm cô giáo ngủ.,1,1.0,1.0,1.0
ong muon hai_muoi den,Ông muốn hai mươi đèn.,Ông muốn hai mươi đèn.,1,1.0,1.0,1.0
buoi_chieu anh se di nha_thuoc,Buổi chiều anh sẽ đi nhà thuốc.,Buổi chiều anh sẽ đi nhà thuốc.,1,1.0,1.0,1.0
thu_nam toi bi dau_lung,Thứ năm tôi bị đau lưng.,Thứ năm tôi bị đau lưng.,1,1.0,1.0,1.0
nguoi_khiem_thinh bi dau nen can goi_bac_si,Người khiếm thính bị đau nên cần gọi bác sĩ.,Người khiếm thính bị đau nên cần gọi bác sĩ.,1,1.0,1.0,1.0
hom_nay benh_nhan bi sot,Hôm nay bệnh nhân bị sốt.,Hôm nay bệnh nhân bị sốt.,1,1.0,1.0,1.0
hom_nay thay_giao dang tap_the_duc,Hôm nay thầy giáo đang tập thể dục.,Hôm nay thầy giáo đang tập thể dục.,1,1.0,1.0,1.0
toi_nay ong viet,Tối nay ông viết.,Tối nay ông viết.,1,1.0,1.0,1.0
chi muon nam nuoc_cam,Chị muốn năm nước cam.,Chị muốn năm nước cam.,1,1.0,1.0,1.0
con_trai muon noi_com_dien,Con trai muốn nồi cơm điện.,Con trai muốn nồi cơm điện.,1,1.0,1.0,1.0
bay_gio thay_giao hoc_bai,Bây giờ thầy giáo học bài.,Bây giờ thầy giáo học bài.,1,1.0,1.0,1.0
thay_giao bi ho nen can goi_bac_si,Thầy giáo bị ho nên cần gọi bác sĩ.,Thầy giáo bị ho nên cần gọi bác sĩ.,1,1.0,1.0,1.0
mua_dong co_giao dang tap_the_duc,Mùa đông cô giáo đang tập thể dục.,Mùa đông cô giáo đang tập thể dục.,1,1.0,1.0,1.0
thay_giao thich tivi,Thầy giáo thích ti vi.,Thầy giáo thích ti vi.,1,1.0,1.0,1.0
hom_qua ong hoc_bai,Hôm qua ông học bài.,Hôm qua ông học bài.,1,1.0,1.0,1.0
ban can ba_muoi sach,Bạn cần ba mươi sách.,Bạn cần ba mươi sách.,1,1.0,1.0,1.0
bay_gio nguoi_khiem_thinh bi sot,Bây giờ người khiếm thính bị sốt.,Bây giờ người khiếm thính bị sốt.,1,1.0,1.0,1.0
thu_sau toi dang lam_viec,Thứ sáu tôi đang làm việc.,Thứ sáu tôi đang làm việc.,1,1.0,1.0,1.0
em can bao_nhieu ghe,Em cần bao nhiêu ghế?,Em cần bao nhiêu ghế?,1,1.0,1.0,1.0
buoi_trua chung_toi dang chay,Buổi trưa chúng tôi đang chạy.,Buổi trưa chúng tôi đang chạy.,1,1.0,1.0,1.0
em khong muon nuoc,Em không muốn nước.,Em không muốn nước.,1,1.0,1.0,1.0
ngay_mai bo an,Ngày mai bố ăn.,Ngày mai bố ăn.,1,1.0,1.0,1.0
chu_nhat nguoi_khiem_thinh dang uong,Chủ nhật người khiếm thính đang uống.,Chủ nhật người khiếm thính đang uống.,1,1.0,1.0,1.0
chi thich sach,Chị thích sách.,Chị thích sách.,1,1.0,1.0,1.0
ngay_mai me bi cam_lanh,Ngày mai mẹ bị cảm lạnh.,Ngày mai mẹ bị cảm lạnh.,1,1.0,1.0,1.0
bay_gio con_trai dang di_hoc,Bây giờ con trai đang đi học.,Bây giờ con trai đang đi học.,1,1.0,1.0,1.0
me bi met can goi_bac_si,"Mẹ bị mệt, cần gọi bác sĩ.","Mẹ bị mệt, cần gọi bác sĩ.",1,1.0,1.0,1.0
toi o phong_ngu,Tôi ở phòng ngủ.,Tôi ở phòng ngủ.,1,1.0,1.0,1.0
mua_dong thay_giao bi chay_mau,Mùa đông thầy giáo bị chảy máu.,Mùa đông thầy giáo bị chảy máu.,1,1.0,1.0,1.0
buoi_trua nguoi_khiem_thinh bi dau,Buổi trưa người khiếm thính bị đau.,Buổi trưa người khiếm thính bị đau.,1,1.0,1.0,1.0
thang ong bi dau_bung,Tháng ông bị đau bụng.,Tháng ông bị đau bụng.,1,1.0,1.0,1.0
ba can noi_com_dien,Bà cần nồi cơm điện.,Bà cần nồi cơm điện.,1,1.0,1.0,1.0
thu_nam me nghi,Thứ năm mẹ nghỉ.,Thứ năm mẹ nghỉ.,1,1.0,1.0,1.0
ngay con_trai dang noi,Ngày con trai đang nói.,Ngày con trai đang nói.,1,1.0,1.0,1.0
ong can bon vo,Ông cần bốn vở.,Ông cần bốn vở.,1,1.0,1.0,1.0
hom_qua thay_giao xem,Hôm qua thầy giáo xem.,Hôm qua thầy giáo xem.,1,1.0,1.0,1.0
thu_ba bo dang giat_do,Thứ ba bố đang giặt đồ.,Thứ ba bố đang giặt đồ.,1,1.0,1.0,1.0
buoi_sang me bi dau_chan,Buổi sáng mẹ bị đau chân.,Buổi sáng mẹ bị đau chân.,1,1.0,1.0,1.0
ngay_mai con_gai dang uong,Ngày mai con gái đang uống.,Ngày mai con gái đang uống.,1,1.0,1.0,1.0
buoi_trua bo bi di_ung,Buổi trưa bố bị dị ứng.,Buổi trưa bố bị dị ứng.,1,1.0,1.0,1.0
buoi_chieu em dang xem,Buổi chiều em đang xem.,Buổi chiều em đang xem.,1,1.0,1.0,1.0
con_trai bi chong_mat nen can goi_bac_si,Con trai bị chóng mặt nên cần gọi bác sĩ.,Con trai bị chóng mặt nên cần gọi bác sĩ.,1,1.0,1.0,1.0
hom_nay chi dang hoc_bai,Hôm nay chị đang học bài.,Hôm nay chị đang học bài.,1,1.0,1.0,1.0
thay_giao thich dong_ho,Thầy giáo thích đồng hồ.,Thầy giáo thích đồng hồ.,1,1.0,1.0,1.0
buoi_sang ba bi sot,Buổi sáng bà bị sốt.,Buổi sáng bà bị sốt.,1,1.0,1.0,1.0
ngay_mai chi se di phong_kham,Ngày mai chị sẽ đi phòng khám.,Ngày mai chị sẽ đi phòng khám.,1,1.0,1.0,1.0
ban can mot sua,Bạn cần một sữa.,Bạn cần một sữa.,1,1.0,1.0,1.0
buoi_toi ong bi dau,Buổi tối ông bị đau.,Buổi tối ông bị đau.,1,1.0,1.0,1.0
chu_nhat bo lam_bai_tap,Chủ nhật bố làm bài tập.,Chủ nhật bố làm bài tập.,1,1.0,1.0,1.0
thu_hai con_trai bi sot,Thứ hai con trai bị sốt.,Thứ hai con trai bị sốt.,1,1.0,1.0,1.0
buoi_sang ba dang an,Buổi sáng bà đang ăn.,Buổi sáng bà đang ăn.,1,1.0,1.0,1.0
thu_ba co_giao dang di_bo,Thứ ba cô giáo đang đi bộ.,Thứ ba cô giáo đang đi bộ.,1,1.0,1.0,1.0
thu_ba ong bi met,Thứ ba ông bị mệt.,Thứ ba ông bị mệt.,1,1.0,1.0,1.0
thang con_trai bi dau,Tháng con trai bị đau.,Tháng con trai bị đau.,1,1.0,1.0,1.0
thu_tu chung_toi bi sot,Thứ tư chúng tôi bị sốt.,Thứ tư chúng tôi bị sốt.,1,1.0,1.0,1.0
chung_toi bi dau_hong nen can goi_bac_si,Chúng tôi bị đau họng nên cần gọi bác sĩ.,Chúng tôi bị đau họng nên cần gọi bác sĩ.,1,1.0,1.0,1.0
ngay_mai con_trai bi dau_lung,Ngày mai con trai bị đau lưng.,Ngày mai con trai bị đau lưng.,1,1.0,1.0,1.0
toi tim ban,Tôi tìm bàn.,Tôi tìm bàn.,1,1.0,1.0,1.0
nguoi_khiem_thinh den sieu_thi,Người khiếm thính đến siêu thị.,Người khiếm thính đến siêu thị.,1,1.0,1.0,1.0
thay_giao can dien_thoai,Thầy giáo cần điện thoại.,Thầy giáo cần điện thoại.,1,1.0,1.0,1.0
nam chi bi bi_thuong,Năm chị bị bị thương.,Năm chị bị bị thương.,1,1.0,1.0,1.0
bay_gio nguoi_khiem_thinh dang rua_tay,Bây giờ người khiếm thính đang rửa tay.,Bây giờ người khiếm thính đang rửa tay.,1,1.0,1.0,1.0
hom_qua chung_toi dang noi,Hôm qua chúng tôi đang nói.,Hôm qua chúng tôi đang nói.,1,1.0,1.0,1.0
hom_nay co bi dau_lung,Hôm nay cô bị đau lưng.,Hôm nay cô bị đau lưng.,1,1.0,1.0,1.0
bo can ca_phe khong,Bố có cần cà phê không?,Bố có cần cà phê không?,1,1.0,1.0,1.0
ong can bon sach,Ông cần bốn sách.,Ông cần bốn sách.,1,1.0,1.0,1.0
buoi_toi nguoi_khiem_thinh dang tam,Buổi tối người khiếm thính đang tắm.,Buổi tối người khiếm thính đang tắm.,1,1.0,1.0,1.0
em khong_thich sua,Em không thích sữa.,Em không thích sữa.,1,1.0,1.0,1.0
hom_qua co bi dau_hong,Hôm qua cô bị đau họng.,Hôm qua cô bị đau họng.,1,1.0,1.0,1.0
hom_qua ba bi dau_tay,Hôm qua bà bị đau tay.,Hôm qua bà bị đau tay.,1,1.0,1.0,1.0
co bi dau_chan nen can goi_bac_si,Cô bị đau chân nên cần gọi bác sĩ.,Cô bị đau chân nên cần gọi bác sĩ.,1,1.0,1.0,1.0
bay_gio chung_toi dang nghi,Bây giờ chúng tôi đang nghỉ.,Bây giờ chúng tôi đang nghỉ.,1,1.0,1.0,1.0
thu_bay me lam_bai_tap,Thứ bảy mẹ làm bài tập.,Thứ bảy mẹ làm bài tập.,1,1.0,1.0,1.0
mua_he ong dang lam_viec,Mùa hè ông đang làm việc.,Mùa hè ông đang làm việc.,1,1.0,1.0,1.0
buoi_trua thay_giao dang nau_an,Buổi trưa thầy giáo đang nấu ăn.,Buổi trưa thầy giáo đang nấu ăn.,1,1.0,1.0,1.0
toi_nay co_giao dang uong,Tối nay cô giáo đang uống.,Tối nay cô giáo đang uống.,1,1.0,1.0,1.0
toi muon di san_bay,Tôi muốn đi sân bay.,Tôi muốn đi sân bay.,1,1.0,1.0,1.0
chung_toi thich thit,Chúng tôi thích thịt.,Chúng tôi thích thịt.,1,1.0,1.0,1.0
thu_sau co xem,Thứ sáu cô xem.,Thứ sáu cô xem.,1,1.0,1.0,1.0
nam benh_nhan dang di_bo,Năm bệnh nhân đang đi bộ.,Năm bệnh nhân đang đi bộ.,1,1.0,1.0,1.0
em can ao_khoac khong,Em có cần áo khoác không?,Em có cần áo khoác không?,1,1.0,1.0,1.0
buoi_trua chi dang rua_tay,Buổi trưa chị đang rửa tay.,Buổi trưa chị đang rửa tay.,1,1.0,1.0,1.0
hom_qua chi bi dau_hong,Hôm qua chị bị đau họng.,Hôm qua chị bị đau họng.,1,1.0,1.0,1.0
hom_nay con_gai dang ngu,Hôm nay con gái đang ngủ.,Hôm nay con gái đang ngủ.,1,1.0,1.0,1.0
ba cam_thay lo_lang,Bà cảm thấy lo lắng.,Bà cảm thấy lo lắng.,1,1.0,1.0,1.0
thu_hai co_giao bi dau_chan,Thứ hai cô giáo bị đau chân.,Thứ hai cô giáo bị đau chân.,1,1.0,1.0,1.0
chu_nhat co bi buon_non,Chủ nhật cô bị buồn nôn.,Chủ nhật cô bị buồn nôn.,1,1.0,1.0,1.0
buoi_toi chi dang nghi,Buổi tối chị đang nghỉ.,Buổi tối chị đang nghỉ.,1,1.0,1.0,1.0
ngay bo xem,Ngày bố xem.,Ngày bố xem.,1,1.0,1.0,1.0
me bi chong_mat nen can goi_y_ta,Mẹ bị chóng mặt nên cần gọi y tá.,Mẹ bị chóng mặt nên cần gọi y tá.,1,1.0,1.0,1.0
ngay thay_giao bi dau_hong,Ngày thầy giáo bị đau họng.,Ngày thầy giáo bị đau họng.,1,1.0,1.0,1.0
ong bi ho nen can nuoc,Ông bị ho nên cần nước.,Ông bị ho nên cần nước.,1,1.0,1.0,1.0
thu_ba con_trai dang viet,Thứ ba con trai đang viết.,Thứ ba con trai đang viết.,1,1.0,1.0,1.0
buoi_chieu bo dang giat_do,Buổi chiều bố đang giặt đồ.,Buổi chiều bố đang giặt đồ.,1,1.0,1.0,1.0
chu_nhat chung_toi dang rua_tay,Chủ nhật chúng tôi đang rửa tay.,Chủ nhật chúng tôi đang rửa tay.,1,1.0,1.0,1.0
benh_nhan o lop_hoc,Bệnh nhân ở lớp học.,Bệnh nhân ở lớp học.,1,1.0,1.0,1.0
ong hieu,Ông hiểu.,Ông hiểu.,1,1.0,1.0,1.0
nam thay_giao bi met,Năm thầy giáo bị mệt.,Năm thầy giáo bị mệt.,1,1.0,1.0,1.0
mua_dong me xem,Mùa đông mẹ xem.,Mùa đông mẹ xem.,1,1.0,1.0,1.0
thu_hai ba viet,Thứ hai bà viết.,Thứ hai bà viết.,1,1.0,1.0,1.0
ngay_mai troi_nang,Ngày mai trời nắng.,Ngày mai trời nắng.,1,1.0,1.0,1.0
mua_he bo dang nghe,Mùa hè bố đang nghe.,Mùa hè bố đang nghe.,1,1.0,1.0,1.0
thu_sau bo dang di_hoc,Thứ sáu bố đang đi học.,Thứ sáu bố đang đi học.,1,1.0,1.0,1.0
thu_tu chi nghe,Thứ tư chị nghe.,Thứ tư chị nghe.,1,1.0,1.0,1.0
toi dang ngu,Tôi đang ngủ.,Tôi đang ngủ.,1,1.0,1.0,1.0
bo bi dau_dau nen can goi_y_ta,Bố bị đau đầu nên cần gọi y tá.,Bố bị đau đầu nên cần gọi y tá.,1,1.0,1.0,1.0
thu_nam anh noi,Thứ năm anh nói.,Thứ năm anh nói.,1,1.0,1.0,1.0
hom_qua thay_giao bi sot,Hôm qua thầy giáo bị sốt.,Hôm qua thầy giáo bị sốt.,1,1.0,1.0,1.0
toi bi sot nen can giup_do,Tôi bị sốt nên cần giúp đỡ.,Tôi bị sốt nên cần giúp đỡ.,1,1.0,1.0,1.0
mua_dong ong bi buon_non,Mùa đông ông bị buồn nôn.,Mùa đông ông bị buồn nôn.,1,1.0,1.0,1.0
hom_nay con_gai dang chay,Hôm nay con gái đang chạy.,Hôm nay con gái đang chạy.,1,1.0,1.0,1.0
bay_gio chi bi dau_tay,Bây giờ chị bị đau tay.,Bây giờ chị bị đau tay.,1,1.0,1.0,1.0
ban muon vo,Bạn muốn vở.,Bạn muốn vở.,1,1.0,1.0,1.0
nguoi_than dang ngu,Người thân đang ngủ.,Người thân đang ngủ.,1,1.0,1.0,1.0
ngay bo viet,Ngày bố viết.,Ngày bố viết.,1,1.0,1.0,1.0
ong den ban,Ông đến bàn.,Ông đến bàn.,1,1.0,1.0,1.0
hom_qua ba bi cam_lanh,Hôm qua bà bị cảm lạnh.,Hôm qua bà bị cảm lạnh.,1,1.0,1.0,1.0
ban bi dau_tay can goi_bac_si,"Bạn bị đau tay, cần gọi bác sĩ.","Bạn bị đau tay, cần gọi bác sĩ.",1,1.0,1.0,1.0
hom_nay nguoi_khiem_thinh dang giat_do,Hôm nay người khiếm thính đang giặt đồ.,Hôm nay người khiếm thính đang giặt đồ.,1,1.0,1.0,1.0
hom_nay me se di van_phong,Hôm nay mẹ sẽ đi văn phòng.,Hôm nay mẹ sẽ đi văn phòng.,1,1.0,1.0,1.0
hom_qua ban se di nha_thuoc,Hôm qua bạn sẽ đi nhà thuốc.,Hôm qua bạn sẽ đi nhà thuốc.,1,1.0,1.0,1.0
buoi_sang ong bi cam_lanh,Buổi sáng ông bị cảm lạnh.,Buổi sáng ông bị cảm lạnh.,1,1.0,1.0,1.0
nguoi_khiem_thinh can ghe,Người khiếm thính cần ghế.,Người khiếm thính cần ghế.,1,1.0,1.0,1.0
co_giao can giay,Cô giáo cần giày.,Cô giáo cần giày.,1,1.0,1.0,1.0
chung_toi thich quan,Chúng tôi thích quần.,Chúng tôi thích quần.,1,1.0,1.0,1.0
ba thich nghi_ngoi,Bà thích nghỉ ngơi.,Bà thích nghỉ ngơi.,1,1.0,1.0,1.0
me muon chao,Mẹ muốn cháo.,Mẹ muốn cháo.,1,1.0,1.0,1.0
mua_he thay_giao doc_sach,Mùa hè thầy giáo đọc sách.,Mùa hè thầy giáo đọc sách.,1,1.0,1.0,1.0
thu_ba benh_nhan dang viet,Thứ ba bệnh nhân đang viết.,Thứ ba bệnh nhân đang viết.,1,1.0,1.0,1.0
hom_qua em dang an,Hôm qua em đang ăn.,Hôm qua em đang ăn.,1,1.0,1.0,1.0
me thich bun,Mẹ thích bún.,Mẹ thích bún.,1,1.0,1.0,1.0
mua_he co_giao dang giat_do,Mùa hè cô giáo đang giặt đồ.,Mùa hè cô giáo đang giặt đồ.,1,1.0,1.0,1.0
y_ta dang noi,Y tá đang nói.,Y tá đang nói.,1,1.0,1.0,1.0
thu_ba em dang lam_viec,Thứ ba em đang làm việc.,Thứ ba em đang làm việc.,1,1.0,1.0,1.0
ba muon nguoi_phien_dich,Bà muốn người phiên dịch.,Bà muốn người phiên dịch.,1,1.0,1.0,1.0
hom_nay toi doc_sach,Hôm nay tôi đọc sách.,Hôm nay tôi đọc sách.,1,1.0,1.0,1.0
hom_qua thay_giao lam_bai_tap,Hôm qua thầy giáo làm bài tập.,Hôm qua thầy giáo làm bài tập.,1,1.0,1.0,1.0
ban thich noi_com_dien,Bạn thích nồi cơm điện.,Bạn thích nồi cơm điện.,1,1.0,1.0,1.0
hom_qua ba dang ngu,Hôm qua bà đang ngủ.,Hôm qua bà đang ngủ.,1,1.0,1.0,1.0
ong thich nuoc_cam,Ông thích nước cam.,Ông thích nước cam.,1,1.0,1.0,1.0
thang ban dang ngu,Tháng bạn đang ngủ.,Tháng bạn đang ngủ.,1,1.0,1.0,1.0
me dang uong,Mẹ đang uống.,Mẹ đang uống.,1,1.0,1.0,1.0
anh khong di_hoc,Anh không đi học.,Anh không đi học.,1,1.0,1.0,1.0
em muon mot_tram dien_thoai,Em muốn một trăm điện thoại.,Em muốn một trăm điện thoại.,1,1.0,1.0,1.0
ba la ky_su,Bà là kỹ sư.,Bà là kỹ sư.,1,1.0,1.0,1.0
me muon com o cho,Mẹ muốn cơm ở chợ.,Mẹ muốn cơm ở chợ.,1,1.0,1.0,1.0
me can dia_chi khong,Mẹ có cần địa chỉ không?,Mẹ có cần địa chỉ không?,1,1.0,1.0,1.0
nam ong bi sot,Năm ông bị sốt.,Năm ông bị sốt.,1,1.0,1.0,1.0
nam ong xem,Năm ông xem.,Năm ông xem.,1,1.0,1.0,1.0
anh tim cua,Anh tìm cửa.,Anh tìm cửa.,1,1.0,1.0,1.0
ban muon ba_muoi sach,Bạn muốn ba mươi sách.,Bạn muốn ba mươi sách.,1,1.0,1.0,1.0
mua_dong em dang di_bo,Mùa đông em đang đi bộ.,Mùa đông em đang đi bộ.,1,1.0,1.0,1.0
bo muon ba_muoi dien_thoai,Bố muốn ba mươi điện thoại.,Bố muốn ba mươi điện thoại.,1,1.0,1.0,1.0
thang chung_toi dang chay,Tháng chúng tôi đang chạy.,Tháng chúng tôi đang chạy.,1,1.0,1.0,1.0
chi muon mua thit,Chị muốn mua thịt.,Chị muốn mua thịt.,1,1.0,1.0,1.0
thu_nam ong bi chay_mau,Thứ năm ông bị chảy máu.,Thứ năm ông bị chảy máu.,1,1.0,1.0,1.0
hom_nay ong hoc_bai,Hôm nay ông học bài.,Hôm nay ông học bài.,1,1.0,1.0,1.0
em can nuoc_cam khong,Em có cần nước cam không?,Em có cần nước cam không?,1,1.0,1.0,1.0
thu_tu anh bi chay_mau,Thứ tư anh bị chảy máu.,Thứ tư anh bị chảy máu.,1,1.0,1.0,1.0
giay mau_vang,Giày màu vàng.,Giày màu vàng.,1,1.0,1.0,1.0
buoi_trua benh_nhan bi dau_tay,Buổi trưa bệnh nhân bị đau tay.,Buổi trưa bệnh nhân bị đau tay.,1,1.0,1.0,1.0
nam em dang noi,Năm em đang nói.,Năm em đang nói.,1,1.0,1.0,1.0
toi can kinh khong,Tôi có cần kính không?,Tôi có cần kính không?,1,1.0,1.0,1.0
chi thich mua_he,Chị thích mùa hè.,Chị thích mua hè.,0,0.75,0.7272727272727272,0.9411764705882353
co_giao se chay,Cô giáo sẽ chạy.,Cô giáo sẽ chạy.,1,1.0,1.0,1.0
buoi_chieu chung_toi dang mua_sam,Buổi chiều chúng tôi đang mua sắm.,Buổi chiều chúng tôi đang mua sắm.,1,1.0,1.0,1.0
em bi chong_mat can goi_bac_si,"Em bị chóng mặt, cần gọi bác sĩ.","Em bị chóng mặt, cần gọi bác sĩ.",1,1.0,1.0,1.0
ngay em dang lam_viec,Ngày em đang làm việc.,Ngày em đang làm việc.,1,1.0,1.0,1.0
me can nam tivi,Mẹ cần năm ti vi.,Mẹ cần năm ti vi.,1,1.0,1.0,1.0
ban muon mua bun,Bạn muốn mua bún.,Bạn muốn mua bún.,1,1.0,1.0,1.0
ong di xe_dap,Ông đi xe đạp.,Ông đi xe đạp.,1,1.0,1.0,1.0
bay_gio me bi cam_lanh,Bây giờ mẹ bị cảm lạnh.,Bây giờ mẹ bị cảm lạnh.,1,1.0,1.0,1.0
bay_gio con_gai bi di_ung,Bây giờ con gái bị dị ứng.,Bây giờ con gái bị dị ứng.,1,1.0,1.0,1.0
ong cam_thay cam_lanh,Ông cảm thấy cảm lạnh.,Ông cảm thấy cảm lạnh.,1,1.0,1.0,1.0
benh_nhan can chao,Bệnh nhân cần cháo.,Bệnh nhân cần cháo.,1,1.0,1.0,1.0
thay_giao can den,Thầy giáo cần đèn.,Thầy giáo cần đèn.,1,1.0,1.0,1.0
em muon mot_tram sach,Em muốn một trăm sách.,Em muốn một trăm sách.,1,1.0,1.0,1.0
thu_ba ban dang mua_sam,Thứ ba bạn đang mua sắm.,Thứ ba bạn đang mua sắm.,1,1.0,1.0,1.0
thu_nam con_gai dang viet,Thứ năm con gái đang viết.,Thứ năm con gái đang viết.,1,1.0,1.0,1.0
ban muon chin pho,Bạn muốn chín phở.,Bạn muốn chín phở.,1,1.0,1.0,1.0
chi can ban,Chị cần bàn.,Chị cần bàn.,1,1.0,1.0,1.0
thu_ba toi xem,Thứ ba tôi xem.,Thứ ba tôi xem.,1,1.0,1.0,1.0
mua_dong ban dang doc_sach,Mùa đông bạn đang đọc sách.,Mùa đông bạn đang đọc sách.,1,1.0,1.0,1.0
ong bi ho nen can goi_y_ta,Ông bị ho nên cần gọi y tá.,Ông bị ho nên cần gọi y tá.,1,1.0,1.0,1.0
thu_nam em dang chay,Thứ năm em đang chạy.,Thứ năm em đang chạy.,1,1.0,1.0,1.0
ong can thuoc khong,Ông có cần thuốc không?,Ông có cần thuốc không?,1,1.0,1.0,1.0
ngay_mai ba bi dau_bung,Ngày mai bà bị đau bụng.,Ngày mai bà bị đau bụng.,1,1.0,1.0,1.0
buoi_toi ban se di phong_kham,Buổi tối bạn sẽ đi phòng khám.,Buổi tối bạn sẽ đi phòng khám.,1,1.0,1.0,1.0
thu_tu benh_nhan bi bi_thuong,Thứ tư bệnh nhân bị bị thương.,Thứ tư bệnh nhân bị bị thương.,1,1.0,1.0,1.0
thu_sau co dang ngu,Thứ sáu cô đang ngủ.,Thứ sáu cô đang ngủ.,1,1.0,1.0,1.0
toi_nay ba dang di_cho,Tối nay bà đang đi chợ.,Tối nay bà đang đi chợ.,1,1.0,1.0,1.0
ban den ghe,Bạn đến ghế.,Bạn đến ghế.,1,1.0,1.0,1.0
thu_nam chi dang di_bo,Thứ năm chị đang đi bộ.,Thứ năm chị đang đi bộ.,1,1.0,1.0,1.0
nam co_giao dang hoc_bai,Năm cô giáo đang học bài.,Năm cô giáo đang học bài.,1,1.0,1.0,1.0
thu_ba con_gai bi dau_dau,Thứ ba con gái bị đau đầu.,Thứ ba con gái bị đau đầu.,1,1.0,1.0,1.0
thu_ba ba dang nau_an,Thứ ba bà đang nấu ăn.,Thứ ba bà đang nấu ăn.,1,1.0,1.0,1.0
thang em lam_bai_tap,Tháng em làm bài tập.,Tháng em làm bài tập.,1,1.0,1.0,1.0
buoi_chieu toi dang hoc_bai,Buổi chiều tôi đang học bài.,Buổi chiều tôi đang học bài.,1,1.0,1.0,1.0
chi can sau nuoc_cam,Chị cần sáu nước cam.,Chị cần sáu nước cam.,1,1.0,1.0,1.0
thu_hai con_gai dang lam_bai_tap,Thứ hai con gái đang làm bài tập.,Thứ hai con gái đang làm bài tập.,1,1.0,1.0,1.0
anh khong_thich ca,Anh không thích cá.,Anh không thích cá.,1,1.0,1.0,1.0
ban tim vo,Bạn tìm vở.,Bạn tìm vở.,1,1.0,1.0,1.0
em da hoc_bai,Em đã học bài.,Em đã học bài.,1,1.0,1.0,1.0
ban muon bay banh_mi,Bạn muốn bảy bánh mì.,Bạn muốn bảy bánh mì.,1,1.0,1.0,1.0
buoi_chieu troi_mua,Buổi chiều trời mưa.,Buổi chiều trời mưa.,1,1.0,1.0,1.0
anh can ba_muoi but,Anh cần ba mươi bút.,Anh cần ba mươi bút.,1,1.0,1.0,1.0
thu_bay chi bi dau_lung,Thứ bảy chị bị đau lưng.,Thứ bảy chị bị đau lưng.,1,1.0,1.0,1.0
nam co_giao noi,Năm cô giáo nói.,Năm cô giáo nói.,1,1.0,1.0,1.0
buoi_sang anh dang an,Buổi sáng anh đang ăn.,Buổi sáng anh đang ăn.,1,1.0,1.0,1.0
buoi_trua con_trai bi dau_bung,Buổi trưa con trai bị đau bụng.,Buổi trưa con trai bị đau bụng.,1,1.0,1.0,1.0
buoi_toi em an,Buổi tối em ăn.,Buổi tối em ăn.,1,1.0,1.0,1.0
chu_nhat con_trai dang tam,Chủ nhật con trai đang tắm.,Chủ nhật con trai đang tắm.,1,1.0,1.0,1.0
chung_toi muon khau_trang,Chúng tôi muốn khẩu trang.,Chúng tôi muốn khẩu trang.,1,1.0,1.0,1.0
anh bi sot nen can thuoc,Anh bị sốt nên cần thuốc.,Anh bị sốt nên cần thuốc.,1,1.0,1.0,1.0
em muon ca o nha,Em muốn cá ở nhà.,Em muốn cá ở nhà.,1,1.0,1.0,1.0
chi muon nuoc o cho,Chị muốn nước ở chợ.,Chị muốn nước ở chợ.,1,1.0,1.0,1.0
hom_qua con_trai bi sot,Hôm qua con trai bị sốt.,Hôm qua con trai bị sốt.,1,1.0,1.0,1.0
anh dang chay,Anh đang chạy.,Anh đang chạy.,1,1.0,1.0,1.0
buoi_chieu ba nghe,Buổi chiều bà nghe.,Buổi chiều bà nghe.,1,1.0,1.0,1.0
buoi_sang chung_toi dang lam_bai_tap,Buổi sáng chúng tôi đang làm bài tập.,Buổi sáng chúng tôi đang làm bài tập.,1,1.0,1.0,1.0
nguoi_khiem_thinh thich giuong,Người khiếm thính thích giường.,Người khiếm thính thích giường.,1,1.0,1.0,1.0
co o giuong,Cô ở giường.,Cô ở giường.,1,1.0,1.0,1.0
nam em bi met,Năm em bị mệt.,Năm em bị mệt.,1,1.0,1.0,1.0
mua_he ban bi dau_dau,Mùa hè bạn bị đau đầu.,Mùa hè bạn bị đau đầu.,1,1.0,1.0,1.0
thu_hai chi xem,Thứ hai chị xem.,Thứ hai chị xem.,1,1.0,1.0,1.0
thu_tu co dang lam_viec,Thứ tư cô đang làm việc.,Thứ tư cô đang làm việc.,1,1.0,1.0,1.0
em muon tra o phong_kham,Em muốn trà ở phòng khám.,Em muốn trà ở phòng khám.,1,1.0,1.0,1.0
thang bo ngu,Tháng bố ngủ.,Tháng bố ngủ.,1,1.0,1.0,1.0
hom_nay ong bi dau_hong,Hôm nay ông bị đau họng.,Hôm nay ông bị đau họng.,1,1.0,1.0,1.0
bo cam_thay chong_mat,Bố cảm thấy chóng mặt.,Bố cảm thấy chóng mặt.,1,1.0,1.0,1.0
em da rua_tay,Em đã rửa tay.,Em đã rửa tay.,1,1.0,1.0,1.0
me muon di cho,Mẹ muốn đi chợ.,Mẹ muốn đi chợ.,1,1.0,1.0,1.0
em muon nam com,Em muốn năm cơm.,Em muốn năm cơm.,1,1.0,1.0,1.0
co can pho,Cô cần phở.,Cô cần phở.,1,1.0,1.0,1.0
anh muon goi_y_ta,Anh muốn gọi y tá.,Anh muốn gọi y tá.,1,1.0,1.0,1.0
chu_nhat chi dang di_cho,Chủ nhật chị đang đi chợ.,Chủ nhật chị đang đi chợ.,1,1.0,1.0,1.0
ngay_mai bo dang chay,Ngày mai bố đang chạy.,Ngày mai bố đang chạy.,1,1.0,1.0,1.0
hom_qua troi_nang khong,Hôm qua có nắng không?,Hôm qua có nắng không?,1,1.0,1.0,1.0
me muon thit o phong_kham,Mẹ muốn thịt ở phòng khám.,Mẹ muốn thịt ở phòng khám.,1,1.0,1.0,1.0
buoi_chieu con_gai dang noi,Buổi chiều con gái đang nói.,Buổi chiều con gái đang nói.,1,1.0,1.0,1.0
thu_sau benh_nhan dang doc_sach,Thứ sáu bệnh nhân đang đọc sách.,Thứ sáu bệnh nhân đang đọc sách.,1,1.0,1.0,1.0
bo bi dau_dau,Bố bị đau đầu.,Bố bị đau đầu.,1,1.0,1.0,1.0
thu_sau con_trai dang an,Thứ sáu con trai đang ăn.,Thứ sáu con trai đang ăn.,1,1.0,1.0,1.0
toi_nay anh bi dau_lung,Tối nay anh bị đau lưng.,Tối nay anh bị đau lưng.,1,1.0,1.0,1.0
thu_bay con_gai dang nghe,Thứ bảy con gái đang nghe.,Thứ bảy con gái đang nghe.,1,1.0,1.0,1.0
ong muon nuoc_cam o nha_thuoc,Ông muốn nước cam ở nhà thuốc.,Ông muốn nước cam ở nhà thuốc.,1,1.0,1.0,1.0
thang ba dang nau_an,Tháng bà đang nấu ăn.,Tháng bà đang nấu ăn.,1,1.0,1.0,1.0
buoi_trua ban dang tam,Buổi trưa bạn đang tắm.,Buổi trưa bạn đang tắm.,1,1.0,1.0,1.0
chi can thuoc khong,Chị có cần thuốc không?,Chị có cần thuốc không?,1,1.0,1.0,1.0
thu_tu ban dang hoc_bai,Thứ tư bạn đang học bài.,Thứ tư bạn đang học bài.,1,1.0,1.0,1.0
anh mat quan,Anh mất quần.,Anh mất quần.,1,1.0,1.0,1.0
mua_dong em dang lam_bai_tap,Mùa đông em đang làm bài tập.,Mùa đông em đang làm bài tập.,1,1.0,1.0,1.0
ngay ba dang mua_sam,Ngày bà đang mua sắm.,Ngày bà đang mua sắm.,1,1.0,1.0,1.0
thu_tu benh_nhan bi sot,Thứ tư bệnh nhân bị sốt.,Thứ tư bệnh nhân bị sốt.,1,1.0,1.0,1.0
chi muon mua may_tinh,Chị muốn mua máy tính.,Chị muốn mua máy tính.,1,1.0,1.0,1.0
nam con_trai dang doc_sach,Năm con trai đang đọc sách.,Năm con trai đang đọc sách.,1,1.0,1.0,1.0
co can ao khong,Cô có cần áo không?,Cô có cần áo không?,1,1.0,1.0,1.0
hom_qua toi se di benh_vien,Hôm qua tôi sẽ đi bệnh viện.,Hôm qua tôi sẽ đi bệnh viện.,1,1.0,1.0,1.0
ong can mot com,Ông cần một cơm.,Ông cần một cơm.,1,1.0,1.0,1.0
hom_nay em dang lam_viec,Hôm nay em đang làm việc.,Hôm nay em đang làm việc.,1,1.0,1.0,1.0
mua_he bo bi sot,Mùa hè bố bị sốt.,Mùa hè bố bị sốt.,1,1.0,1.0,1.0
ong can bay chao,Ông cần bảy cháo.,Ông cần bảy cháo.,1,1.0,1.0,1.0
thu_bay chung_toi bi chong_mat,Thứ bảy chúng tôi bị chóng mặt.,Thứ bảy chúng tôi bị chóng mặt.,1,1.0,1.0,1.0
bay_gio bo bi di_ung,Bây giờ bố bị dị ứng.,Bây giờ bố bị dị ứng.,1,1.0,1.0,1.0
buoi_chieu benh_nhan dang rua_tay,Buổi chiều bệnh nhân đang rửa tay.,Buổi chiều bệnh nhân đang rửa tay.,1,1.0,1.0,1.0
ong muon mua com,Ông muốn mua cơm.,Ông muốn mua cơm.,1,1.0,1.0,1.0
thu_bay ong bi dau_tay,Thứ bảy ông bị đau tay.,Thứ bảy ông bị đau tay.,1,1.0,1.0,1.0
ba can giup_do,Bà cần giúp đỡ.,Bà cần giúp đỡ.,1,1.0,1.0,1.0
anh dang uong,Anh đang uống.,Anh đang uống.,1,1.0,1.0,1.0
buoi_chieu co dang giat_do,Buổi chiều cô đang giặt đồ.,Buổi chiều cô đang giặt đồ.,1,1.0,1.0,1.0
thu_tu ba bi dau_lung,Thứ tư bà bị đau lưng.,Thứ tư bà bị đau lưng.,1,1.0,1.0,1.0
buoi_trua nguoi_khiem_thinh bi dau_chan,Buổi trưa người khiếm thính bị đau chân.,Buổi trưa người khiếm thính bị đau chân.,1,1.0,1.0,1.0
ngay_mai em bi dau_chan,Ngày mai em bị đau chân.,Ngày mai em bị đau chân.,1,1.0,1.0,1.0
chi can chin nuoc_cam,Chị cần chín nước cam.,Chị cần chín nước cam.,1,1.0,1.0,1.0
mua_dong anh dang an,Mùa đông anh đang ăn.,Mùa đông anh đang ăn.,1,1.0,1.0,1.0
thu_nam ong bi dau_hong,Thứ năm ông bị đau họng.,Thứ năm ông bị đau họng.,1,1.0,1.0,1.0
co_giao thich khau_trang,Cô giáo thích khẩu trang.,Cô giáo thích khẩu trang.,1,1.0,1.0,1.0
buoi_sang anh se di sieu_thi,Buổi sáng anh sẽ đi siêu thị.,Buổi sáng anh sẽ đi siêu thị.,1,1.0,1.0,1.0
ngay co_giao bi di_ung,Ngày cô giáo bị dị ứng.,Ngày cô giáo bị dị ứng.,1,1.0,1.0,1.0
buoi_sang ong se di cong_ty,Buổi sáng ông sẽ đi công ty.,Buổi sáng ông sẽ đi công ty.,1,1.0,1.0,1.0
con_trai can o khong,Con trai có cần ô không?,Con trai có cần ô không?,1,1.0,1.0,1.0
buoi_sang troi_mua khong,Buổi sáng có mưa không?,Buổi sáng có mưa không?,1,1.0,1.0,1.0
buoi_sang em se di nha_thuoc,Buổi sáng em sẽ đi nhà thuốc.,Buổi sáng em sẽ đi nhà thuốc.,1,1.0,1.0,1.0
nam chi bi met,Năm chị bị mệt.,Năm chị bị mệt.,1,1.0,1.0,1.0
ong muon nuoc o benh_vien,Ông muốn nước ở bệnh viện.,Ông muốn nước ở bệnh viện.,1,1.0,1.0,1.0
ngay_mai me dang hoc_bai,Ngày mai mẹ đang học bài.,Ngày mai mẹ đang học bài.,1,1.0,1.0,1.0
buoi_sang anh dang mua_sam,Buổi sáng anh đang mua sắm.,Buổi sáng anh đang mua sắm.,1,1.0,1.0,1.0
chi bi dau_hong nen can goi_bac_si,Chị bị đau họng nên cần gọi bác sĩ.,Chị bị đau họng nên cần gọi bác sĩ.,1,1.0,1.0,1.0
thu_hai anh dang nau_an,Thứ hai anh đang nấu ăn.,Thứ hai anh đang nấu ăn.,1,1.0,1.0,1.0
ong can chin nuoc,Ông cần chín nước.,Ông cần chín nước.,1,1.0,1.0,1.0
con_gai can dien_thoai,Con gái cần điện thoại.,Con gái cần điện thoại.,1,1.0,1.0,1.0
ong den cong_vien,Ông đến công viên.,Ông đến công viên.,1,1.0,1.0,1.0
thu_nam bo bi dau,Thứ năm bố bị đau.,Thứ năm bố bị đau.,1,1.0,1.0,1.0
em thich giup_do,Em thích giúp đỡ.,Em thích giúp đỡ.,1,1.0,1.0,1.0
chi muon pho o nha,Chị muốn phở ở nhà.,Chị muốn phở ở nhà.,1,1.0,1.0,1.0
tivi xau,Ti vi xấu.,Ti vi xấu.,1,1.0,1.0,1.0
mua_dong ba bi dau_hong,Mùa đông bà bị đau họng.,Mùa đông bà bị đau họng.,1,1.0,1.0,1.0
may_tinh mau_tim,Máy tính màu tím.,Máy tính màu tím.,1,1.0,1.0,1.0
con_trai muon ca,Con trai muốn cá.,Con trai muốn cá.,1,1.0,1.0,1.0
chi muon sua o phong_kham,Chị muốn sữa ở phòng khám.,Chị muốn sữa ở phòng khám.,1,1.0,1.0,1.0
buoi_toi co dang tap_the_duc,Buổi tối cô đang tập thể dục.,Buổi tối cô đang tập thể dục.,1,1.0,1.0,1.0
anh bi sot nen can di_nha_ve_sinh,Anh bị sốt nên cần đi nhà vệ sinh.,Anh bị sốt nên cần đi nhà vệ sinh.,1,1.0,1.0,1.0
hom_qua co_giao dang di_cho,Hôm qua cô giáo đang đi chợ.,Hôm qua cô giáo đang đi chợ.,1,1.0,1.0,1.0
mua_dong chi dang di_bo,Mùa đông chị đang đi bộ.,Mùa đông chị đang đi bộ.,1,1.0,1.0,1.0
toi di duong,Tôi đi đường.,Tôi đi đường.,1,1.0,1.0,1.0
buoi_sang ong bi kho_tho,Buổi sáng ông bị khó thở.,Buổi sáng ông bị khó thở.,1,1.0,1.0,1.0
thu_hai me lam_viec,Thứ hai mẹ làm việc.,Thứ hai mẹ làm việc.,1,1.0,1.0,1.0
mua_he ong dang uong,Mùa hè ông đang uống.,Mùa hè ông đang uống.,1,1.0,1.0,1.0
lam_on lay ban giup toi,Làm ơn lấy bàn giúp tôi.,Làm ơn lấy bàn giúp tôi.,1,1.0,1.0,1.0
buoi_toi troi_nang,Buổi tối trời nắng.,Buổi tối trời nắng.,1,1.0,1.0,1.0
ngay_mai thay_giao bi chay_mau,Ngày mai thầy giáo bị chảy máu.,Ngày mai thầy giáo bị chảy máu.,1,1.0,1.0,1.0
anh can bay sach,Anh cần bảy sách.,Anh cần bảy sách.,1,1.0,1.0,1.0
ong o benh_vien,Ông ở bệnh viện.,Ông ở bệnh viện.,1,1.0,1.0,1.0
nam benh_nhan dang mua_sam,Năm bệnh nhân đang mua sắm.,Năm bệnh nhân đang mua sắm.,1,1.0,1.0,1.0
co la sinh_vien,Cô là sinh viên.,Cô là sinh viên.,1,1.0,1.0,1.0
bo bi dau_bung nen can giup_do,Bố bị đau bụng nên cần giúp đỡ.,Bố bị đau bụng nên cần giúp đỡ.,1,1.0,1.0,1.0
mua_he co ngu,Mùa hè cô ngủ.,Mùa hè cô ngủ.,1,1.0,1.0,1.0
me bi ho nen can goi_bac_si,Mẹ bị ho nên cần gọi bác sĩ.,Mẹ bị ho nên cần gọi bác sĩ.,1,1.0,1.0,1.0
thang chi bi sot,Tháng chị bị sốt.,Tháng chị bị sốt.,1,1.0,1.0,1.0
ba da nghi,Bà đã nghỉ.,Bà đã nghỉ.,1,1.0,1.0,1.0
nguoi_than cam_thay vui,Người thân cảm thấy vui.,Người thân cảm thấy vui.,1,1.0,1.0,1.0
con_trai thich nghi_ngoi,Con trai thích nghỉ ngơi.,Con trai thích nghỉ ngơi.,1,1.0,1.0,1.0
thu_bay con_trai dang noi,Thứ bảy con trai đang nói.,Thứ bảy con trai đang nói.,1,1.0,1.0,1.0
thu_ba chung_toi dang di_cho,Thứ ba chúng tôi đang đi chợ.,Thứ ba chúng tôi đang đi chợ.,1,1.0,1.0,1.0
buoi_chieu ong hoc_bai,Buổi chiều ông học bài.,Buổi chiều ông học bài.,1,1.0,1.0,1.0
ong se di_hoc,Ông sẽ đi học.,Ông sẽ đi học.,1,1.0,1.0,1.0
nam chi dang viet,Năm chị đang viết.,Năm chị đang viết.,1,1.0,1.0,1.0
mua_dong ba dang viet,Mùa đông bà đang viết.,Mùa đông bà đang viết.,1,1.0,1.0,1.0
bo can chin sua,Bố cần chín sữa.,Bố cần chín sữa.,1,1.0,1.0,1.0
anh muon den van_phong,Anh muốn đến văn phòng.,Anh muốn đến văn phòng.,1,1.0,1.0,1.0
chung_toi muon sua,Chúng tôi muốn sữa.,Chúng tôi muốn sữa.,1,1.0,1.0,1.0
anh bi dau_bung nen can di_benh_vien,Anh bị đau bụng nên cần đi bệnh viện.,Anh bị đau bụng nên cần đi bệnh viện.,1,1.0,1.0,1.0
thu_bay me dang giat_do,Thứ bảy mẹ đang giặt đồ.,Thứ bảy mẹ đang giặt đồ.,1,1.0,1.0,1.0
con_trai cam_thay met,Con trai cảm thấy mệt.,Con trai cảm thấy mệt.,1,1.0,1.0,1.0
ban bi sot nen can com,Bạn bị sốt nên cần cơm.,Bạn bị sốt nên cần cơm.,1,1.0,1.0,1.0
thu_sau ba bi dau_hong,Thứ sáu bà bị đau họng.,Thứ sáu bà bị đau họng.,1,1.0,1.0,1.0
thu_ba me bi chay_mau,Thứ ba mẹ bị chảy máu.,Thứ ba mẹ bị chảy máu.,1,1.0,1.0,1.0
buoi_toi anh se di lop_hoc,Buổi tối anh sẽ đi lớp học.,Buổi tối anh sẽ đi lớp học.,1,1.0,1.0,1.0
ban muon di_benh_vien,Bạn muốn đi bệnh viện.,Bạn muốn đi bệnh viện.,1,1.0,1.0,1.0
em muon chin tivi,Em muốn chín ti vi.,Em muốn chín ti vi.,1,1.0,1.0,1.0
buoi_chieu anh doc_sach,Buổi chiều anh đọc sách.,Buổi chiều anh đọc sách.,1,1.0,1.0,1.0
benh_nhan can giay,Bệnh nhân cần giấy.,Bệnh nhân cần giày.,0,0.75,1.0,0.9473684210526315
thu_sau nguoi_khiem_thinh dang doc_sach,Thứ sáu người khiếm thính đang đọc sách.,Thứ sáu người khiếm thính đang đọc sách.,1,1.0,1.0,1.0
me thich khau_trang,Mẹ thích khẩu trang.,Mẹ thích khẩu trang.,1,1.0,1.0,1.0
thu_sau ong dang tam,Thứ sáu ông đang tắm.,Thứ sáu ông đang tắm.,1,1.0,1.0,1.0
co muon quan,Cô muốn quần.,Cô muốn quần.,1,1.0,1.0,1.0
hom_nay bo dang nau_an,Hôm nay bố đang nấu ăn.,Hôm nay bố đang nấu ăn.,1,1.0,1.0,1.0
buoi_chieu toi bi dau_dau,Buổi chiều tôi bị đau đầu.,Buổi chiều tôi bị đau đầu.,1,1.0,1.0,1.0
ong can ban khong,Ông có cần bàn không?,Ông có cần bàn không?,1,1.0,1.0,1.0
chu_nhat ba dang choi,Chủ nhật bà đang chơi.,Chủ nhật bà đang chơi.,1,1.0,1.0,1.0
thu_hai anh bi met,Thứ hai anh bị mệt.,Thứ hai anh bị mệt.,1,1.0,1.0,1.0
bay_gio bo se di sieu_thi,Bây giờ bố sẽ đi siêu thị.,Bây giờ bố sẽ đi siêu thị.,1,1.0,1.0,1.0
benh_nhan can nguoi_phien_dich,Bệnh nhân cần người phiên dịch.,Bệnh nhân cần người phiên dịch.,1,1.0,1.0,1.0
buoi_toi anh dang nghi,Buổi tối anh đang nghỉ.,Buổi tối anh đang nghỉ.,1,1.0,1.0,1.0
bay_gio me dang lam_viec,Bây giờ mẹ đang làm việc.,Bây giờ mẹ đang làm việc.,1,1.0,1.0,1.0
thay_giao den ban,Thầy giáo đến bàn.,Thầy giáo đến bàn.,1,1.0,1.0,1.0
nguoi_khiem_thinh can keo,Người khiếm thính cần kẹo.,Người khiếm thính cần kẹo.,1,1.0,1.0,1.0
ngay anh dang di_hoc,Ngày anh đang đi học.,Ngày anh đang đi học.,1,1.0,1.0,1.0
bay_gio thay_giao dang hoc_bai,Bây giờ thầy giáo đang học bài.,Bây giờ thầy giáo đang học bài.,1,1.0,1.0,1.0
chi muon ca_phe o lop_hoc,Chị muốn cà phê ở lớp học.,Chị muốn cà phê ở lớp học.,1,1.0,1.0,1.0
but mau_gi,Bút màu gì?,Bút màu gì?,1,1.0,1.0,1.0
thu_sau con_trai bi chong_mat,Thứ sáu con trai bị chóng mặt.,Thứ sáu con trai bị chóng mặt.,1,1.0,1.0,1.0
thu_nam co dang an,Thứ năm cô đang ăn.,Thứ năm cô đang ăn.,1,1.0,1.0,1.0
thang ba bi bi_thuong,Tháng bà bị bị thương.,Tháng bà bị bị thương.,1,1.0,1.0,1.0
buoi_trua ba an,Buổi trưa bà ăn.,Buổi trưa bà ăn.,1,1.0,1.0,1.0
co_giao can giuong,Cô giáo cần giường.,Cô giáo cần giường.,1,1.0,1.0,1.0
toi can chin may_tinh,Tôi cần chín máy tính.,Tôi cần chín máy tính.,1,1.0,1.0,1.0
thu_tu toi bi buon_non,Thứ tư tôi bị buồn nôn.,Thứ tư tôi bị buồn nôn.,1,1.0,1.0,1.0
nam ong bi bi_thuong,Năm ông bị bị thương.,Năm ông bị bị thương.,1,1.0,1.0,1.0
thu_ba chi bi met,Thứ ba chị bị mệt.,Thứ ba chị bị mệt.,1,1.0,1.0,1.0
hom_nay bo dang doc_sach,Hôm nay bố đang đọc sách.,Hôm nay bố đang đọc sách.,1,1.0,1.0,1.0
co_giao muon vo,Cô giáo muốn vở.,Cô giáo muốn vở.,1,1.0,1.0,1.0
mua_he benh_nhan bi dau_tay,Mùa hè bệnh nhân bị đau tay.,Mùa hè bệnh nhân bị đau tay.,1,1.0,1.0,1.0
buoi_trua co_giao bi dau_dau,Buổi trưa cô giáo bị đau đầu.,Buổi trưa cô giáo bị đau đầu.,1,1.0,1.0,1.0
anh can mot may_tinh,Anh cần một máy tính.,Anh cần một máy tính.,1,1.0,1.0,1.0
thang co dang an,Tháng cô đang ăn.,Tháng cô đang ăn.,1,1.0,1.0,1.0
buoi_sang nguoi_khiem_thinh dang tam,Buổi sáng người khiếm thính đang tắm.,Buổi sáng người khiếm thính đang tắm.,1,1.0,1.0,1.0
buoi_trua bo dang di_hoc,Buổi trưa bố đang đi học.,Buổi trưa bố đang đi học.,1,1.0,1.0,1.0
buoi_sang bo dang rua_tay,Buổi sáng bố đang rửa tay.,Buổi sáng bố đang rửa tay.,1,1.0,1.0,1.0
bay_gio thay_giao doc_sach,Bây giờ thầy giáo đọc sách.,Bây giờ thầy giáo đọc sách.,1,1.0,1.0,1.0
chi muon chin pho,Chị muốn chín phở.,Chị muốn chín phở.,1,1.0,1.0,1.0
buoi_toi con_gai bi dau_dau,Buổi tối con gái bị đau đầu.,Buổi tối con gái bị đau đầu.,1,1.0,1.0,1.0
co_giao thich banh,Cô giáo thích bánh.,Cô giáo thích bánh.,1,1.0,1.0,1.0
mua_dong chi dang chay,Mùa đông chị đang chạy.,Mùa đông chị đang chạy.,1,1.0,1.0,1.0
con_trai o ben_xe,Con trai ở bến xe.,Con trai ở bến xe.,1,1.0,1.0,1.0
thu_bay bo viet,Thứ bảy bố viết.,Thứ bảy bố viết.,1,1.0,1.0,1.0
ban can hai den,Bạn cần hai đèn.,Bạn cần hai đèn.,1,1.0,1.0,1.0
chu_nhat me dang tam,Chủ nhật mẹ đang tắm.,Chủ nhật mẹ đang tắm.,1,1.0,1.0,1.0
thu_ba chi ngu,Thứ ba chị ngủ.,Thứ ba chị ngủ.,1,1.0,1.0,1.0
ngay chi bi dau_bung,Ngày chị bị đau bụng.,Ngày chị bị đau bụng.,1,1.0,1.0,1.0
ong bi dau_dau nen can nuoc,Ông bị đau đầu nên cần nước.,Ông bị đau đầu nên cần nước.,1,1.0,1.0,1.0
em can bao_nhieu den,Em cần bao nhiêu đèn?,Em cần bao nhiêu đèn?,1,1.0,1.0,1.0
anh muon ca o benh_vien,Anh muốn cá ở bệnh viện.,Anh muốn cá ở bệnh viện.,1,1.0,1.0,1.0
bo can di_benh_vien,Bố cần đi bệnh viện.,Bố cần đi bệnh viện.,1,1.0,1.0,1.0
benh_nhan o truong,Bệnh nhân ở trường.,Bệnh nhân ở trường.,1,1.0,1.0,1.0
vui_long dua giuong cho toi,Vui lòng đưa giường cho tôi.,Vui lòng đưa giường cho tôi.,1,1.0,1.0,1.0
hom_nay anh se di truong,Hôm nay anh sẽ đi trường.,Hôm nay anh sẽ đi trường.,1,1.0,1.0,1.0
ban can dia_chi,Bạn cần địa chỉ.,Bạn cần địa chỉ.,1,1.0,1.0,1.0
thang thay_giao dang lam_viec,Tháng thầy giáo đang làm việc.,Tháng thầy giáo đang làm việc.,1,1.0,1.0,1.0
hom_nay co bi kho_tho,Hôm nay cô bị khó thở.,Hôm nay cô bị khó thở.,1,1.0,1.0,1.0
buoi_trua chi dang nghe,Buổi trưa chị đang nghe.,Buổi trưa chị đang nghe.,1,1.0,1.0,1.0
toi can noi_com_dien,Tôi cần nồi cơm điện.,Tôi cần nồi cơm điện.,1,1.0,1.0,1.0
thu_ba toi dang rua_tay,Thứ ba tôi đang rửa tay.,Thứ ba tôi đang rửa tay.,1,1.0,1.0,1.0
bo thich sua,Bố thích sữa.,Bố thích sữa.,1,1.0,1.0,1.0
hom_nay bo se di sieu_thi,Hôm nay bố sẽ đi siêu thị.,Hôm nay bố sẽ đi siêu thị.,1,1.0,1.0,1.0
thu_ba con_gai bi dau_hong,Thứ ba con gái bị đau họng.,Thứ ba con gái bị đau họng.,1,1.0,1.0,1.0
buoi_toi em bi chay_mau,Buổi tối em bị chảy máu.,Buổi tối em bị chảy máu.,1,1.0,1.0,1.0
thu_hai anh di_hoc,Thứ hai anh đi học.,Thứ hai anh đi học.,1,1.0,1.0,1.0
chu_nhat anh an,Chủ nhật anh ăn.,Chủ nhật anh ăn.,1,1.0,1.0,1.0
thu_tu thay_giao noi,Thứ tư thầy giáo nói.,Thứ tư thầy giáo nói.,1,1.0,1.0,1.0
em khong rua_tay,Em không rửa tay.,Em không rửa tay.,1,1.0,1.0,1.0
ong muon di nha_ve_sinh,Ông muốn đi nhà vệ sinh.,Ông muốn đi nhà vệ sinh.,1,1.0,1.0,1.0
nam ban dang nghi,Năm bạn đang nghỉ.,Năm bạn đang nghỉ.,1,1.0,1.0,1.0
hom_nay ong bi met,Hôm nay ông bị mệt.,Hôm nay ông bị mệt.,1,1.0,1.0,1.0
ngay_mai toi bi chay_mau,Ngày mai tôi bị chảy máu.,Ngày mai tôi bị chảy máu.,1,1.0,1.0,1.0
ngay_mai ong bi di_ung,Ngày mai ông bị dị ứng.,Ngày mai ông bị dị ứng.,1,1.0,1.0,1.0
em muon mua chao,Em muốn mua cháo.,Em muốn mua cháo.,1,1.0,1.0,1.0
em mat giay,Em mất giày.,Em mất giày.,1,1.0,1.0,1.0
thu_ba troi_mua,Thứ ba trời mưa.,Thứ ba trời mưa.,1,1.0,1.0,1.0
buoi_toi co_giao dang doc_sach,Buổi tối cô giáo đang đọc sách.,Buổi tối cô giáo đang đọc sách.,1,1.0,1.0,1.0
thu_sau chung_toi dang uong,Thứ sáu chúng tôi đang uống.,Thứ sáu chúng tôi đang uống.,1,1.0,1.0,1.0
thang chung_toi dang di_hoc,Tháng chúng tôi đang đi học.,Tháng chúng tôi đang đi học.,1,1.0,1.0,1.0
ban muon mua thit,Bạn muốn mua thịt.,Bạn muốn mua thịt.,1,1.0,1.0,1.0
toi bi ho nen can com,Tôi bị ho nên cần cơm.,Tôi bị ho nên cần cơm.,1,1.0,1.0,1.0
anh cam_thay di_ung,Anh cảm thấy dị ứng.,Anh cảm thấy dị ứng.,1,1.0,1.0,1.0
em can ban_do,Em cần bản đồ.,Em cần bản đồ.,1,1.0,1.0,1.0
bo can noi_com_dien,Bố cần nồi cơm điện.,Bố cần nồi cơm điện.,1,1.0,1.0,1.0
bac_si cam_thay buon,Bác sĩ cảm thấy buồn.,Bác sĩ cảm thấy buồn.,1,1.0,1.0,1.0
ngay_mai benh_nhan bi dau_lung,Ngày mai bệnh nhân bị đau lưng.,Ngày mai bệnh nhân bị đau lưng.,1,1.0,1.0,1.0
bay_gio anh dang viet,Bây giờ anh đang viết.,Bây giờ anh đang viết.,1,1.0,1.0,1.0
thu_nam ban dang rua_tay,Thứ năm bạn đang rửa tay.,Thứ năm bạn đang rửa tay.,1,1.0,1.0,1.0
bay_gio ong bi dau_hong,Bây giờ ông bị đau họng.,Bây giờ ông bị đau họng.,1,1.0,1.0,1.0
buoi_chieu ban dang nghe,Buổi chiều bạn đang nghe.,Buổi chiều bạn đang nghe.,1,1.0,1.0,1.0
co_giao se nau_an,Cô giáo sẽ nấu ăn.,Cô giáo sẽ nấu ăn.,1,1.0,1.0,1.0
hom_qua nguoi_khiem_thinh bi dau_lung,Hôm qua người khiếm thính bị đau lưng.,Hôm qua người khiếm thính bị đau lưng.,1,1.0,1.0,1.0
hom_nay thay_giao dang nghi,Hôm nay thầy giáo đang nghỉ.,Hôm nay thầy giáo đang nghỉ.,1,1.0,1.0,1.0
chu_nhat bo an,Chủ nhật bố ăn.,Chủ nhật bố ăn.,1,1.0,1.0,1.0
thu_bay co dang tap_the_duc,Thứ bảy cô đang tập thể dục.,Thứ bảy cô đang tập thể dục.,1,1.0,1.0,1.0
nguoi_than o nha,Người thân ở nhà.,Người thân ở nhà.,1,1.0,1.0,1.0
anh se viet,Anh sẽ viết.,Anh sẽ viết.,1,1.0,1.0,1.0
ban bi kho_tho nen can di_benh_vien,Bạn bị khó thở nên cần đi bệnh viện.,Bạn bị khó thở nên cần đi bệnh viện.,1,1.0,1.0,1.0
buoi_trua anh dang nau_an,Buổi trưa anh đang nấu ăn.,Buổi trưa anh đang nấu ăn.,1,1.0,1.0,1.0
thay_giao muon dien_thoai,Thầy giáo muốn điện thoại.,Thầy giáo muốn điện thoại.,1,1.0,1.0,1.0
chi mat tivi,Chị mất ti vi.,Chị mất ti vi.,1,1.0,1.0,1.0
em muon thit o phong_kham,Em muốn thịt ở phòng khám.,Em muốn thịt ở phòng khám.,1,1.0,1.0,1.0
toi_nay co_giao hoc_bai,Tối nay cô giáo học bài.,Tối nay cô giáo học bài.,1,1.0,1.0,1.0
thu_ba ban bi buon_non,Thứ ba bạn bị buồn nôn.,Thứ ba bạn bị buồn nôn.,1,1.0,1.0,1.0
buoi_sang thay_giao nghi,Buổi sáng thầy giáo nghỉ.,Buổi sáng thầy giáo nghỉ.,1,1.0,1.0,1.0
ngay_mai anh noi,Ngày mai anh nói.,Ngày mai anh nói.,1,1.0,1.0,1.0
nam toi dang doc_sach,Năm tôi đang đọc sách.,Năm tôi đang đọc sách.,1,1.0,1.0,1.0
buoi_toi anh di_hoc,Buổi tối anh đi học.,Buổi tối anh đi học.,1,1.0,1.0,1.0
hom_qua nguoi_khiem_thinh bi di_ung,Hôm qua người khiếm thính bị dị ứng.,Hôm qua người khiếm thính bị dị ứng.,1,1.0,1.0,1.0
ngay_mai me bi dau_hong,Ngày mai mẹ bị đau họng.,Ngày mai mẹ bị đau họng.,1,1.0,1.0,1.0
thu_hai toi bi dau_bung,Thứ hai tôi bị đau bụng.,Thứ hai tôi bị đau bụng.,1,1.0,1.0,1.0
thu_nam ong an,Thứ năm ông ăn.,Thứ năm ông ăn.,1,1.0,1.0,1.0
thu_bay benh_nhan dang doc_sach,Thứ bảy bệnh nhân đang đọc sách.,Thứ bảy bệnh nhân đang đọc sách.,1,1.0,1.0,1.0
me muon nam com,Mẹ muốn năm cơm.,Mẹ muốn năm cơm.,1,1.0,1.0,1.0
bay_gio me lam_viec,Bây giờ mẹ làm việc.,Bây giờ mẹ làm việc.,1,1.0,1.0,1.0
con_gai can giuong khong,Con gái có cần giường không?,Con gái có cần giường không?,1,1.0,1.0,1.0
ngay benh_nhan dang giat_do,Ngày bệnh nhân đang giặt đồ.,Ngày bệnh nhân đang giặt đồ.,1,1.0,1.0,1.0
bay_gio nguoi_khiem_thinh dang di_cho,Bây giờ người khiếm thính đang đi chợ.,Bây giờ người khiếm thính đang đi chợ.,1,1.0,1.0,1.0
chung_toi can nuoc khong,Chúng tôi có cần nước không?,Chúng tôi có cần nước không?,1,1.0,1.0,1.0
me khong muon dien_thoai,Mẹ không muốn điện thoại.,Mẹ không muốn điện thoại.,1,1.0,1.0,1.0
nam me bi kho_tho,Năm mẹ bị khó thở.,Năm mẹ bị khó thở.,1,1.0,1.0,1.0
ban muon di benh_vien,Bạn muốn đi bệnh viện.,Bạn muốn đi bệnh viện.,1,1.0,1.0,1.0
toi muon nam banh_mi,Tôi muốn năm bánh mì.,Tôi muốn năm bánh mì.,1,1.0,1.0,1.0
buoi_chieu thay_giao bi bi_thuong,Buổi chiều thầy giáo bị bị thương.,Buổi chiều thầy giáo bị bị thương.,1,1.0,1.0,1.0
ca o_dau,Cá ở đâu?,Cá ở đâu?,1,1.0,1.0,1.0
toi_nay toi bi chay_mau,Tối nay tôi bị chảy máu.,Tối nay tôi bị chảy máu.,1,1.0,1.0,1.0
chu_nhat nguoi_khiem_thinh dang giat_do,Chủ nhật người khiếm thính đang giặt đồ.,Chủ nhật người khiếm thính đang giặt đồ.,1,1.0,1.0,1.0
buoi_chieu thay_giao dang an,Buổi chiều thầy giáo đang ăn.,Buổi chiều thầy giáo đang ăn.,1,1.0,1.0,1.0
toi_nay em dang tap_the_duc,Tối nay em đang tập thể dục.,Tối nay em đang tập thể dục.,1,1.0,1.0,1.0
toi muon tam but,Tôi muốn tám bút.,Tôi muốn tám bút.,1,1.0,1.0,1.0
may_tinh nang,Máy tính nặng.,Máy tính nặng.,1,1.0,1.0,1.0
mua_he benh_nhan bi dau_dau,Mùa hè bệnh nhân bị đau đầu.,Mùa hè bệnh nhân bị đau đầu.,1,1.0,1.0,1.0
buoi_toi co_giao dang xem,Buổi tối cô giáo đang xem.,Buổi tối cô giáo đang xem.,1,1.0,1.0,1.0
hom_qua thay_giao bi dau_lung,Hôm qua thầy giáo bị đau lưng.,Hôm qua thầy giáo bị đau lưng.,1,1.0,1.0,1.0
toi muon mua ca_phe,Tôi muốn mua cà phê.,Tôi muốn mua cà phê.,1,1.0,1.0,1.0
co_giao muon xe_cuu_thuong,Cô giáo muốn xe cứu thương.,Cô giáo muốn xe cứu thương.,1,1.0,1.0,1.0
hom_qua anh se di sieu_thi,Hôm qua anh sẽ đi siêu thị.,Hôm qua anh sẽ đi siêu thị.,1,1.0,1.0,1.0
ba can but,Bà cần bút.,Bà cần bút.,1,1.0,1.0,1.0
buoi_chieu gio_manh,Buổi chiều gió mạnh.,Buổi chiều gió mạnh.,1,1.0,1.0,1.0
buoi_sang con_gai dang tap_the_duc,Buổi sáng con gái đang tập thể dục.,Buổi sáng con gái đang tập thể dục.,1,1.0,1.0,1.0
bay_gio toi an,Bây giờ tôi ăn.,Bây giờ tôi ăn.,1,1.0,1.0,1.0
bay_gio me dang choi,Bây giờ mẹ đang chơi.,Bây giờ mẹ đang chơi.,1,1.0,1.0,1.0
ong muon di ghe,Ông muốn đi ghế.,Ông muốn đi ghế.,1,1.0,1.0,1.0
ngay_mai anh nghi,Ngày mai anh nghỉ.,Ngày mai anh nghỉ.,1,1.0,1.0,1.0
thang con_trai dang an,Tháng con trai đang ăn.,Tháng con trai đang ăn.,1,1.0,1.0,1.0
thu_nam ban bi buon_non,Thứ năm bạn bị buồn nôn.,Thứ năm bạn bị buồn nôn.,1,1.0,1.0,1.0
chi can bon banh_mi,Chị cần bốn bánh mì.,Chị cần bốn bánh mì.,1,1.0,1.0,1.0
toi_nay ban dang choi,Tối nay bạn đang chơi.,Tối nay bạn đang chơi.,1,1.0,1.0,1.0
mua_dong thay_giao bi dau_bung,Mùa đông thầy giáo bị đau bụng.,Mùa đông thầy giáo bị đau bụng.,1,1.0,1.0,1.0
toi can hai_muoi tivi,Tôi cần hai mươi ti vi.,Tôi cần hai mươi ti vi.,1,1.0,1.0,1.0
thay_giao can ban_do khong,Thầy giáo có cần bản đồ không?,Thầy giáo có cần bản đồ không?,1,1.0,1.0,1.0
co bi bi_thuong,Cô bị bị thương.,Cô bị bị thương.,1,1.0,1.0,1.0
toi muon di phong_ngu,Tôi muốn đi phòng ngủ.,Tôi muốn đi phòng ngủ.,1,1.0,1.0,1.0
thu_ba chi dang lam_bai_tap,Thứ ba chị đang làm bài tập.,Thứ ba chị đang làm bài tập.,1,1.0,1.0,1.0
mua_he chung_toi dang di_hoc,Mùa hè chúng tôi đang đi học.,Mùa hè chúng tôi đang đi học.,1,1.0,1.0,1.0
me bi dau_chan nen can goi_y_ta,Mẹ bị đau chân nên cần gọi y tá.,Mẹ bị đau chân nên cần gọi y tá.,1,1.0,1.0,1.0
me muon mua dien_thoai,Mẹ muốn mua điện thoại.,Mẹ muốn mua điện thoại.,1,1.0,1.0,1.0
mua_dong thay_giao xem,Mùa đông thầy giáo xem.,Mùa đông thầy giáo xem.,1,1.0,1.0,1.0
bay_gio con_trai dang nghe,Bây giờ con trai đang nghe.,Bây giờ con trai đang nghe.,1,1.0,1.0,1.0
em dang chay,Em đang chạy.,Em đang chạy.,1,1.0,1.0,1.0
hom_qua anh bi bi_thuong,Hôm qua anh bị bị thương.,Hôm qua anh bị bị thương.,1,1.0,1.0,1.0
thu_hai co_giao viet,Thứ hai cô giáo viết.,Thứ hai cô giáo viết.,1,1.0,1.0,1.0
buoi_chieu me bi met,Buổi chiều mẹ bị mệt.,Buổi chiều mẹ bị mệt.,1,1.0,1.0,1.0
thu_hai chung_toi bi sot,Thứ hai chúng tôi bị sốt.,Thứ hai chúng tôi bị sốt.,1,1.0,1.0,1.0
mua_he anh bi bi_thuong,Mùa hè anh bị bị thương.,Mùa hè anh bị bị thương.,1,1.0,1.0,1.0
buoi_trua con_gai dang tap_the_duc,Buổi trưa con gái đang tập thể dục.,Buổi trưa con gái đang tập thể dục.,1,1.0,1.0,1.0
ba thich nuoc_cam,Bà thích nước cam.,Bà thích nước cam.,1,1.0,1.0,1.0
buoi_sang chi bi dau_hong,Buổi sáng chị bị đau họng.,Buổi sáng chị bị đau họng.,1,1.0,1.0,1.0
thu_ba benh_nhan dang chay,Thứ ba bệnh nhân đang chạy.,Thứ ba bệnh nhân đang chạy.,1,1.0,1.0,1.0
bo muon mua com,Bố muốn mua cơm.,Bố muốn mua cơm.,1,1.0,1.0,1.0
buoi_chieu con_trai dang lam_bai_tap,Buổi chiều con trai đang làm bài tập.,Buổi chiều con trai đang làm bài tập.,1,1.0,1.0,1.0
chung_toi muon thit,Chúng tôi muốn thịt.,Chúng tôi muốn thịt.,1,1.0,1.0,1.0
thu_tu ba dang noi,Thứ tư bà đang nói.,Thứ tư bà đang nói.,1,1.0,1.0,1.0
con_gai muon noi_com_dien,Con gái muốn nồi cơm điện.,Con gái muốn nồi cơm điện.,1,1.0,1.0,1.0
thu_hai nguoi_khiem_thinh bi met,Thứ hai người khiếm thính bị mệt.,Thứ hai người khiếm thính bị mệt.,1,1.0,1.0,1.0
buoi_sang chung_toi bi dau_lung,Buổi sáng chúng tôi bị đau lưng.,Buổi sáng chúng tôi bị đau lưng.,1,1.0,1.0,1.0
ghe yen_tinh,Ghế yên tĩnh.,Ghế yên tĩnh.,1,1.0,1.0,1.0
ban muon com o benh_vien,Bạn muốn cơm ở bệnh viện.,Bạn muốn cơm ở bệnh viện.,1,1.0,1.0,1.0
ngay_mai co_giao bi kho_tho,Ngày mai cô giáo bị khó thở.,Ngày mai cô giáo bị khó thở.,1,1.0,1.0,1.0
bo can nuoc,Bố cần nước.,Bố cần nước.,1,1.0,1.0,1.0
chi muon ba but,Chị muốn ba bút.,Chị muốn ba bút.,1,1.0,1.0,1.0
ong muon chao o truong,Ông muốn cháo ở trường.,Ông muốn cháo ở trường.,1,1.0,1.0,1.0
ngay_mai me dang mua_sam,Ngày mai mẹ đang mua sắm.,Ngày mai mẹ đang mua sắm.,1,1.0,1.0,1.0
buoi_trua con_trai dang di_hoc,Buổi trưa con trai đang đi học.,Buổi trưa con trai đang đi học.,1,1.0,1.0,1.0
ngay bo dang doc_sach,Ngày bố đang đọc sách.,Ngày bố đang đọc sách.,1,1.0,1.0,1.0
may_tinh thom,Máy tính thơm.,Máy tính thơm.,1,1.0,1.0,1.0
nam bo nghe,Năm bố nghe.,Năm bố nghe.,1,1.0,1.0,1.0
ngay anh bi met,Ngày anh bị mệt.,Ngày anh bị mệt.,1,1.0,1.0,1.0
hom_qua em se di phong_kham,Hôm qua em sẽ đi phòng khám.,Hôm qua em sẽ đi phòng khám.,1,1.0,1.0,1.0
anh bi dau_lung nen can nghi_ngoi,Anh bị đau lưng nên cần nghỉ ngơi.,Anh bị đau lưng nên cần nghỉ ngơi.,1,1.0,1.0,1.0
nam chung_toi bi buon_non,Năm chúng tôi bị buồn nôn.,Năm chúng tôi bị buồn nôn.,1,1.0,1.0,1.0
con_gai thich nuoc_cam,Con gái thích nước cam.,Con gái thích nước cam.,1,1.0,1.0,1.0
thay_giao can mu khong,Thầy giáo có cần mũ không?,Thầy giáo có cần mũ không?,1,1.0,1.0,1.0
buoi_chieu thay_giao bi di_ung,Buổi chiều thầy giáo bị dị ứng.,Buổi chiều thầy giáo bị dị ứng.,1,1.0,1.0,1.0
bo muon ba sach,Bố muốn ba sách.,Bố muốn ba sách.,1,1.0,1.0,1.0
mua_dong nguoi_khiem_thinh dang di_bo,Mùa đông người khiếm thính đang đi bộ.,Mùa đông người khiếm thính đang đi bộ.,1,1.0,1.0,1.0
mua_dong me bi dau,Mùa đông mẹ bị đau.,Mùa đông mẹ bị đau.,1,1.0,1.0,1.0
thang con_gai bi sot,Tháng con gái bị sốt.,Tháng con gái bị sốt.,1,1.0,1.0,1.0
ban dang di_cho,Bạn đang đi chợ.,Bạn đang đi chợ.,1,1.0,1.0,1.0
toi_nay me dang di_hoc,Tối nay mẹ đang đi học.,Tối nay mẹ đang đi học.,1,1.0,1.0,1.0
thu_tu con_gai dang uong,Thứ tư con gái đang uống.,Thứ tư con gái đang uống.,1,1.0,1.0,1.0
thang bo dang giat_do,Tháng bố đang giặt đồ.,Tháng bố đang giặt đồ.,1,1.0,1.0,1.0
chi muon den cong_ty,Chị muốn đến công ty.,Chị muốn đến công ty.,1,1.0,1.0,1.0
chu_nhat ba dang xem,Chủ nhật bà đang xem.,Chủ nhật bà đang xem.,1,1.0,1.0,1.0
ngay_mai ba lam_bai_tap,Ngày mai bà làm bài tập.,Ngày mai bà làm bài tập.,1,1.0,1.0,1.0
thu_bay con_trai dang chay,Thứ bảy con trai đang chạy.,Thứ bảy con trai đang chạy.,1,1.0,1.0,1.0
thang toi dang giat_do,Tháng tôi đang giặt đồ.,Tháng tôi đang giặt đồ.,1,1.0,1.0,1.0
con_trai thich o,Con trai thích ô.,Con trai thích ô.,1,1.0,1.0,1.0
thu_sau anh dang di_hoc,Thứ sáu anh đang đi học.,Thứ sáu anh đang đi học.,1,1.0,1.0,1.0
ba bi dau_lung can goi_bac_si,"Bà bị đau lưng, cần gọi bác sĩ.","Bà bị đau lưng, cần gọi bác sĩ.",1,1.0,1.0,1.0
con_gai muon goi_y_ta,Con gái muốn gọi y tá.,Con gái muốn gọi y tá.,1,1.0,1.0,1.0
hom_nay nguoi_khiem_thinh bi buon_non,Hôm nay người khiếm thính bị buồn nôn.,Hôm nay người khiếm thính bị buồn nôn.,1,1.0,1.0,1.0
me di tau_hoa,Mẹ đi tàu hỏa.,Mẹ đi tàu.,0,0.5714285714285715,0.8,0.8333333333333334
toi_nay thay_giao dang nghi,Tối nay thầy giáo đang nghỉ.,Tối nay thầy giáo đang nghỉ.,1,1.0,1.0,1.0
dien_thoai kho_rao,Điện thoại khô ráo.,Điện thoại khô ráo.,1,1.0,1.0,1.0
con_gai can giup_do,Con gái cần giúp đỡ.,Con gái cần giúp đỡ.,1,1.0,1.0,1.0
ngay_mai ban dang nau_an,Ngày mai bạn đang nấu ăn.,Ngày mai bạn đang nấu ăn.,1,1.0,1.0,1.0
mua_dong ba di_hoc,Mùa đông bà đi học.,Mùa đông bà đi học.,1,1.0,1.0,1.0
ong can bay bun,Ông cần bảy bún.,Ông cần bảy bún.,1,1.0,1.0,1.0
thu_tu co_may,Thứ tư có mây.,Thứ tư có mây.,1,1.0,1.0,1.0
nam me bi bi_thuong,Năm mẹ bị bị thương.,Năm mẹ bị bị thương.,1,1.0,1.0,1.0
anh muon mot_tram vo,Anh muốn một trăm vở.,Anh muốn một trăm vở.,1,1.0,1.0,1.0
mua_dong anh bi dau,Mùa đông anh bị đau.,Mùa đông anh bị đau.,1,1.0,1.0,1.0
buoi_chieu ong se di van_phong,Buổi chiều ông sẽ đi văn phòng.,Buổi chiều ông sẽ đi văn phòng.,1,1.0,1.0,1.0
thu_bay ong dang uong,Thứ bảy ông đang uống.,Thứ bảy ông đang uống.,1,1.0,1.0,1.0
ngay ba dang nghe,Ngày bà đang nghe.,Ngày bà đang nghe.,1,1.0,1.0,1.0
anh muon di_benh_vien,Anh muốn đi bệnh viện.,Anh muốn đi bệnh viện.,1,1.0,1.0,1.0
ban bi dau_tay nen can nghi_ngoi,Bạn bị đau tay nên cần nghỉ ngơi.,Bạn bị đau tay nên cần nghỉ ngơi.,1,1.0,1.0,1.0
mua_dong ba bi dau,Mùa đông bà bị đau.,Mùa đông bà bị đau.,1,1.0,1.0,1.0
hom_nay benh_nhan bi chay_mau,Hôm nay bệnh nhân bị chảy máu.,Hôm nay bệnh nhân bị chảy máu.,1,1.0,1.0,1.0
thu_nam bo dang doc_sach,Thứ năm bố đang đọc sách.,Thứ năm bố đang đọc sách.,1,1.0,1.0,1.0
mua_dong thay_giao dang rua_tay,Mùa đông thầy giáo đang rửa tay.,Mùa đông thầy giáo đang rửa tay.,1,1.0,1.0,1.0
mua_dong anh dang uong,Mùa đông anh đang uống.,Mùa đông anh đang uống.,1,1.0,1.0,1.0
thay_giao se hoc_bai,Thầy giáo sẽ học bài.,Thầy giáo sẽ học bài.,1,1.0,1.0,1.0
thu_sau ban bi dau_hong,Thứ sáu bạn bị đau họng.,Thứ sáu bạn bị đau họng.,1,1.0,1.0,1.0
thu_sau chung_toi bi sot,Thứ sáu chúng tôi bị sốt.,Thứ sáu chúng tôi bị sốt.,1,1.0,1.0,1.0
chi muon bay chao,Chị muốn bảy cháo.,Chị muốn bảy cháo.,1,1.0,1.0,1.0
me bi buon_non nen can goi_bac_si,Mẹ bị buồn nôn nên cần gọi bác sĩ.,Mẹ bị buồn nôn nên cần gọi bác sĩ.,1,1.0,1.0,1.0
buoi_chieu em bi dau,Buổi chiều em bị đau.,Buổi chiều em bị đau.,1,1.0,1.0,1.0
hom_nay chi dang rua_tay,Hôm nay chị đang rửa tay.,Hôm nay chị đang rửa tay.,1,1.0,1.0,1.0
toi bi dau_bung nen can nuoc,Tôi bị đau bụng nên cần nước.,Tôi bị đau bụng nên cần nước.,1,1.0,1.0,1.0
buoi_chieu co bi dau_dau,Buổi chiều cô bị đau đầu.,Buổi chiều cô bị đau đầu.,1,1.0,1.0,1.0
buoi_trua co_giao dang xem,Buổi trưa cô giáo đang xem.,Buổi trưa cô giáo đang xem.,1,1.0,1.0,1.0
me can ca khong,Mẹ có cần cá không?,Mẹ có cần cá không?,1,1.0,1.0,1.0
em bi di_ung can goi_bac_si,"Em bị dị ứng, cần gọi bác sĩ.","Em bị dị ứng, cần gọi bác sĩ.",1,1.0,1.0,1.0
ban thich giuong,Bạn thích giường.,Bạn thích giường.,1,1.0,1.0,1.0
em den lop_hoc,Em đến lớp học.,Em đến lớp học.,1,1.0,1.0,1.0
bo can ca,Bố cần cá.,Bố cần cá.,1,1.0,1.0,1.0
thu_sau chung_toi dang an,Thứ sáu chúng tôi đang ăn.,Thứ sáu chúng tôi đang ăn.,1,1.0,1.0,1.0
chu_nhat em dang choi,Chủ nhật em đang chơi.,Chủ nhật em đang chơi.,1,1.0,1.0,1.0
bay_gio ban bi chay_mau,Bây giờ bạn bị chảy máu.,Bây giờ bạn bị chảy máu.,1,1.0,1.0,1.0
tivi mau_vang,Ti vi màu vàng.,Ti vi màu vàng.,1,1.0,1.0,1.0
thay_giao muon nguoi_phien_dich,Thầy giáo muốn người phiên dịch.,Thầy giáo muốn người phiên dịch.,1,1.0,1.0,1.0
em mat ghe,Em mất ghế.,Em mất ghế.,1,1.0,1.0,1.0
thu_hai con_gai dang lam_viec,Thứ hai con gái đang làm việc.,Thứ hai con gái đang làm việc.,1,1.0,1.0,1.0
buoi_toi thay_giao hoc_bai,Buổi tối thầy giáo học bài.,Buổi tối thầy giáo học bài.,1,1.0,1.0,1.0
ong muon com o phong_kham,Ông muốn cơm ở phòng khám.,Ông muốn cơm ở phòng khám.,1,1.0,1.0,1.0
mua_he thay_giao lam_bai_tap,Mùa hè thầy giáo làm bài tập.,Mùa hè thầy giáo làm bài tập.,1,1.0,1.0,1.0
chu_nhat chung_toi bi met,Chủ nhật chúng tôi bị mệt.,Chủ nhật chúng tôi bị mệt.,1,1.0,1.0,1.0
bay_gio me bi di_ung,Bây giờ mẹ bị dị ứng.,Bây giờ mẹ bị dị ứng.,1,1.0,1.0,1.0
mua_he con_trai dang rua_tay,Mùa hè con trai đang rửa tay.,Mùa hè con trai đang rửa tay.,1,1.0,1.0,1.0
but cham,Bút chậm.,Bút chậm.,1,1.0,1.0,1.0
bay_gio anh bi dau,Bây giờ anh bị đau.,Bây giờ anh bị đau.,1,1.0,1.0,1.0
nam co_giao dang doc_sach,Năm cô giáo đang đọc sách.,Năm cô giáo đang đọc sách.,1,1.0,1.0,1.0
ong muon com,Ông muốn cơm.,Ông muốn cơm.,1,1.0,1.0,1.0
hom_nay em di_hoc,Hôm nay em đi học.,Hôm nay em đi học.,1,1.0,1.0,1.0
thay_giao o van_phong,Thầy giáo ở văn phòng.,Thầy giáo ở văn phòng.,1,1.0,1.0,1.0
thu_hai me bi buon_non,Thứ hai mẹ bị buồn nôn.,Thứ hai mẹ bị buồn nôn.,1,1.0,1.0,1.0
bo can mot_tram banh_mi,Bố cần một trăm bánh mì.,Bố cần một trăm bánh mì.,1,1.0,1.0,1.0
co_giao can nghi_ngoi,Cô giáo cần nghỉ ngơi.,Cô giáo cần nghỉ ngơi.,1,1.0,1.0,1.0
mua_he ba dang di_hoc,Mùa hè bà đang đi học.,Mùa hè bà đang đi học.,1,1.0,1.0,1.0
mua_he con_gai bi dau,Mùa hè con gái bị đau.,Mùa hè con gái bị đau.,1,1.0,1.0,1.0
con_gai can ba_lo,Con gái cần ba lô.,Con gái cần ba lô.,1,1.0,1.0,1.0
nguoi_khiem_thinh o giuong,Người khiếm thính ở giường.,Người khiếm thính ở giường.,1,1.0,1.0,1.0
buoi_toi anh dang uong,Buổi tối anh đang uống.,Buổi tối anh đang uống.,1,1.0,1.0,1.0
nam nguoi_khiem_thinh bi dau_dau,Năm người khiếm thính bị đau đầu.,Năm người khiếm thính bị đau đầu.,1,1.0,1.0,1.0
nam em dang nau_an,Năm em đang nấu ăn.,Năm em đang nấu ăn.,1,1.0,1.0,1.0
thang me dang nghe,Tháng mẹ đang nghe.,Tháng mẹ đang nghe.,1,1.0,1.0,1.0
thu_tu em an,Thứ tư em ăn.,Thứ tư em ăn.,1,1.0,1.0,1.0
thu_nam co dang giat_do,Thứ năm cô đang giặt đồ.,Thứ năm cô đang giặt đồ.,1,1.0,1.0,1.0
em can mot sach,Em cần một sách.,Em cần một sách.,1,1.0,1.0,1.0
buoi_chieu anh nghi,Buổi chiều anh nghỉ.,Buổi chiều anh nghỉ.,1,1.0,1.0,1.0
co muon di nha,Cô muốn đi nhà.,Cô muốn đi nhà.,1,1.0,1.0,1.0
chi muon dien_thoai,Chị muốn điện thoại.,Chị muốn điện thoại.,1,1.0,1.0,1.0
buoi_toi bo bi dau_tay,Buổi tối bố bị đau tay.,Buổi tối bố bị đau tay.,1,1.0,1.0,1.0
quan bao_nhieu_tien,Quần bao nhiêu tiền?,Quần bao nhiêu tiền?,1,1.0,1.0,1.0
buoi_sang co_giao dang xem,Buổi sáng cô giáo đang xem.,Buổi sáng cô giáo đang xem.,1,1.0,1.0,1.0
nguoi_khiem_thinh can thuoc,Người khiếm thính cần thuốc.,Người khiếm thính cần thuốc.,1,1.0,1.0,1.0
buoi_chieu con_trai bi dau_lung,Buổi chiều con trai bị đau lưng.,Buổi chiều con trai bị đau lưng.,1,1.0,1.0,1.0
toi can ghe khong,Tôi có cần ghế không?,Tôi có cần ghế không?,1,1.0,1.0,1.0
thu_ba con_trai bi dau_dau,Thứ ba con trai bị đau đầu.,Thứ ba con trai bị đau đầu.,1,1.0,1.0,1.0
ban muon bay den,Bạn muốn bảy đèn.,Bạn muốn bảy đèn.,1,1.0,1.0,1.0
mua_dong con_gai dang nghi,Mùa đông con gái đang nghỉ.,Mùa đông con gái đang nghỉ.,1,1.0,1.0,1.0
em bi dau_tay nen can nghi_ngoi,Em bị đau tay nên cần nghỉ ngơi.,Em bị đau tay nên cần nghỉ ngơi.,1,1.0,1.0,1.0
chu_nhat me dang tap_the_duc,Chủ nhật mẹ đang tập thể dục.,Chủ nhật mẹ đang tập thể dục.,1,1.0,1.0,1.0
ban can bao_nhieu dien_thoai,Bạn cần bao nhiêu điện thoại?,Bạn cần bao nhiêu điện thoại?,1,1.0,1.0,1.0
ban can bay tivi,Bạn cần bảy ti vi.,Bạn cần bảy ti vi.,1,1.0,1.0,1.0
bay_gio benh_nhan bi cam_lanh,Bây giờ bệnh nhân bị cảm lạnh.,Bây giờ bệnh nhân bị cảm lạnh.,1,1.0,1.0,1.0
chi can tam may_tinh,Chị cần tám máy tính.,Chị cần tám máy tính.,1,1.0,1.0,1.0
buoi_toi co_giao bi dau_dau,Buổi tối cô giáo bị đau đầu.,Buổi tối cô giáo bị đau đầu.,1,1.0,1.0,1.0
em muon ao_khoac,Em muốn áo khoác.,Em muốn áo khoác.,1,1.0,1.0,1.0
em can nam may_tinh,Em cần năm máy tính.,Em cần năm máy tính.,1,1.0,1.0,1.0
thu_tu con_gai dang nau_an,Thứ tư con gái đang nấu ăn.,Thứ tư con gái đang nấu ăn.,1,1.0,1.0,1.0
thu_sau chung_toi dang lam_viec,Thứ sáu chúng tôi đang làm việc.,Thứ sáu chúng tôi đang làm việc.,1,1.0,1.0,1.0
chu_nhat co_giao bi dau,Chủ nhật cô giáo bị đau.,Chủ nhật cô giáo bị đau.,1,1.0,1.0,1.0
chu_nhat co_giao bi dau_chan,Chủ nhật cô giáo bị đau chân.,Chủ nhật cô giáo bị đau chân.,1,1.0,1.0,1.0
vui_long dua thuoc cho toi,Vui lòng đưa thuốc cho tôi.,Vui lòng đưa thuốc cho tôi.,1,1.0,1.0,1.0
thu_bay toi dang an,Thứ bảy tôi đang ăn.,Thứ bảy tôi đang ăn.,1,1.0,1.0,1.0
ong muon thuoc,Ông muốn thuốc.,Ông muốn thuốc.,1,1.0,1.0,1.0
em muon thit o lop_hoc,Em muốn thịt ở lớp học.,Em muốn thịt ở lớp học.,1,1.0,1.0,1.0
buoi_sang co dang tap_the_duc,Buổi sáng cô đang tập thể dục.,Buổi sáng cô đang tập thể dục.,1,1.0,1.0,1.0
buoi_toi benh_nhan dang nghi,Buổi tối bệnh nhân đang nghỉ.,Buổi tối bệnh nhân đang nghỉ.,1,1.0,1.0,1.0
toi muon giup_do,Tôi muốn giúp đỡ.,Tôi muốn giúp đỡ.,1,1.0,1.0,1.0
anh khong ngu,Anh không ngủ.,Anh không ngủ.,1,1.0,1.0,1.0
co dang lam_viec,Cô đang làm việc.,Cô đang làm việc.,1,1.0,1.0,1.0
ba se hoc_bai,Bà sẽ học bài.,Bà sẽ học bài.,1,1.0,1.0,1.0
benh_nhan muon ao_khoac,Bệnh nhân muốn áo khoác.,Bệnh nhân muốn áo khoác.,1,1.0,1.0,1.0
buoi_sang ong nghi,Buổi sáng ông nghỉ.,Buổi sáng ông nghỉ.,1,1.0,1.0,1.0
toi_nay nguoi_khiem_thinh dang nghe,Tối nay người khiếm thính đang nghe.,Tối nay người khiếm thính đang nghe.,1,1.0,1.0,1.0
den on_ao,Đèn ồn ào.,Đèn ào.,0,0.8,0.8,0.8235294117647058
thang em hoc_bai,Tháng em học bài.,Tháng em học bài.,1,1.0,1.0,1.0
thu_sau em dang di_bo,Thứ sáu em đang đi bộ.,Thứ sáu em đang đi bộ.,1,1.0,1.0,1.0
buoi_trua thay_giao dang an,Buổi trưa thầy giáo đang ăn.,Buổi trưa thầy giáo đang ăn.,1,1.0,1.0,1.0
buoi_toi anh bi kho_tho,Buổi tối anh bị khó thở.,Buổi tối anh bị khó thở.,1,1.0,1.0,1.0
em muon sua o nha,Em muốn sữa ở nhà.,Em muốn sữa ở nhà.,1,1.0,1.0,1.0
hom_nay ban dang viet,Hôm nay bạn đang viết.,Hôm nay bạn đang viết.,1,1.0,1.0,1.0
chung_toi di nha_bep,Chúng tôi đi nhà bếp.,Chúng tôi đi nhà bếp.,1,1.0,1.0,1.0
toi can muoi bun,Tôi cần mười bún.,Tôi cần mười bún.,1,1.0,1.0,1.0
buoi_toi chi dang xem,Buổi tối chị đang xem.,Buổi tối chị đang xem.,1,1.0,1.0,1.0
me thich sach,Mẹ thích sách.,Mẹ thích sách.,1,1.0,1.0,1.0
thang co_giao dang noi,Tháng cô giáo đang nói.,Tháng cô giáo đang nói.,1,1.0,1.0,1.0
hom_nay em bi dau_bung,Hôm nay em bị đau bụng.,Hôm nay em bị đau bụng.,1,1.0,1.0,1.0
bo muon tam banh_mi,Bố muốn tám bánh mì.,Bố muốn tám bánh mì.,1,1.0,1.0,1.0
buoi_chieu co_giao dang xem,Buổi chiều cô giáo đang xem.,Buổi chiều cô giáo đang xem.,1,1.0,1.0,1.0
anh o cho,Anh ở chợ.,Anh ở chợ.,1,1.0,1.0,1.0
ba bi dau_lung,Bà bị đau lưng.,Bà bị đau lưng.,1,1.0,1.0,1.0
thu_tu chi bi met,Thứ tư chị bị mệt.,Thứ tư chị bị mệt.,1,1.0,1.0,1.0
bo tim ghe,Bố tìm ghế.,Bố tìm ghế.,1,1.0,1.0,1.0
buoi_trua co_giao dang rua_tay,Buổi trưa cô giáo đang rửa tay.,Buổi trưa cô giáo đang rửa tay.,1,1.0,1.0,1.0
bay_gio co_giao dang nghe,Bây giờ cô giáo đang nghe.,Bây giờ cô giáo đang nghe.,1,1.0,1.0,1.0
thu_ba nguoi_khiem_thinh bi dau_hong,Thứ ba người khiếm thính bị đau họng.,Thứ ba người khiếm thính bị đau họng.,1,1.0,1.0,1.0
anh bi dau_tay can goi_bac_si,"Anh bị đau tay, cần gọi bác sĩ.","Anh bị đau tay, cần gọi bác sĩ.",1,1.0,1.0,1.0
anh bi dau_chan nen can nuoc,Anh bị đau chân nên cần nước.,Anh bị đau chân nên cần nước.,1,1.0,1.0,1.0
buoi_trua ba dang tam,Buổi trưa bà đang tắm.,Buổi trưa bà đang tắm.,1,1.0,1.0,1.0
ban muon di nha_bep,Bạn muốn đi nhà bếp.,Bạn muốn đi nhà bếp.,1,1.0,1.0,1.0
chi muon mua sua,Chị muốn mua sữa.,Chị muốn mua sữa.,1,1.0,1.0,1.0
ban muon mua ban_phim,Bạn muốn mua bàn phím.,Bạn muốn mua bàn phím.,1,1.0,1.0,1.0
thu_hai benh_nhan dang nghe,Thứ hai bệnh nhân đang nghe.,Thứ hai bệnh nhân đang nghe.,1,1.0,1.0,1.0
ban bi chong_mat nen can com,Bạn bị chóng mặt nên cần cơm.,Bạn bị chóng mặt nên cần cơm.,1,1.0,1.0,1.0
thu_sau anh viet,Thứ sáu anh viết.,Thứ sáu anh viết.,1,1.0,1.0,1.0
nguoi_than can giay,Người thân cần giấy.,Người thân cần giày.,0,0.75,1.0,0.95
bo muon mot sach,Bố muốn một sách.,Bố muốn một sách.,1,1.0,1.0,1.0
buoi_sang thay_giao dang nghi,Buổi sáng thầy giáo đang nghỉ.,Buổi sáng thầy giáo đang nghỉ.,1,1.0,1.0,1.0
toi_nay co dang ngu,Tối nay cô đang ngủ.,Tối nay cô đang ngủ.,1,1.0,1.0,1.0
thang ong dang nghi,Tháng ông đang nghỉ.,Tháng ông đang nghỉ.,1,1.0,1.0,1.0
thu_bay ba bi met,Thứ bảy bà bị mệt.,Thứ bảy bà bị mệt.,1,1.0,1.0,1.0
thu_hai me dang hoc_bai,Thứ hai mẹ đang học bài.,Thứ hai mẹ đang học bài.,1,1.0,1.0,1.0
mua_dong em lam_viec,Mùa đông em làm việc.,Mùa đông em làm việc.,1,1.0,1.0,1.0
mua_he anh dang doc_sach,Mùa hè anh đang đọc sách.,Mùa hè anh đang đọc sách.,1,1.0,1.0,1.0
bay_gio anh dang choi,Bây giờ anh đang chơi.,Bây giờ anh đang chơi.,1,1.0,1.0,1.0
dien_thoai mau_gi,Điện thoại màu gì?,Điện thoại màu gì?,1,1.0,1.0,1.0
thu_ba chi dang nghe,Thứ ba chị đang nghe.,Thứ ba chị đang nghe.,1,1.0,1.0,1.0
thu_hai con_gai dang doc_sach,Thứ hai con gái đang đọc sách.,Thứ hai con gái đang đọc sách.,1,1.0,1.0,1.0
chu_nhat ba dang di_bo,Chủ nhật bà đang đi bộ.,Chủ nhật bà đang đi bộ.,1,1.0,1.0,1.0
chu_nhat co_giao bi buon_non,Chủ nhật cô giáo bị buồn nôn.,Chủ nhật cô giáo bị buồn nôn.,1,1.0,1.0,1.0
thu_hai anh dang doc_sach,Thứ hai anh đang đọc sách.,Thứ hai anh đang đọc sách.,1,1.0,1.0,1.0
toi_nay co_giao bi chong_mat,Tối nay cô giáo bị chóng mặt.,Tối nay cô giáo bị chóng mặt.,1,1.0,1.0,1.0
ban muon mua kinh_lup,Bạn muốn mua kính lúp.,Bạn muốn mua kính lúp.,1,1.0,1.0,1.0
thu_bay chi hoc_bai,Thứ bảy chị học bài.,Thứ bảy chị học bài.,1,1.0,1.0,1.0
toi_nay nguoi_khiem_thinh bi chong_mat,Tối nay người khiếm thính bị chóng mặt.,Tối nay người khiếm thính bị chóng mặt.,1,1.0,1.0,1.0
buoi_trua anh dang chay,Buổi trưa anh đang chạy.,Buổi trưa anh đang chạy.,1,1.0,1.0,1.0
ba khong_thich thit,Bà không thích thịt.,Bà không thích thịt.,1,1.0,1.0,1.0
nguoi_khiem_thinh can khau_trang khong,Người khiếm thính có cần khẩu trang không?,Người khiếm thính có cần khẩu trang không?,1,1.0,1.0,1.0
hom_qua benh_nhan dang giat_do,Hôm qua bệnh nhân đang giặt đồ.,Hôm qua bệnh nhân đang giặt đồ.,1,1.0,1.0,1.0
benh_nhan o nha,Bệnh nhân ở nhà.,Bệnh nhân ở nhà.,1,1.0,1.0,1.0
ngay_mai ba bi met,Ngày mai bà bị mệt.,Ngày mai bà bị mệt.,1,1.0,1.0,1.0
mua_he co_giao dang viet,Mùa hè cô giáo đang viết.,Mùa hè cô giáo đang viết.,1,1.0,1.0,1.0
anh can mot_tram dien_thoai,Anh cần một trăm điện thoại.,Anh cần một trăm điện thoại.,1,1.0,1.0,1.0
thu_tu chung_toi dang ngu,Thứ tư chúng tôi đang ngủ.,Thứ tư chúng tôi đang ngủ.,1,1.0,1.0,1.0
nam chi dang nau_an,Năm chị đang nấu ăn.,Năm chị đang nấu ăn.,1,1.0,1.0,1.0
me khong_thich ca,Mẹ không thích cá.,Mẹ không thích cá.,1,1.0,1.0,1.0
ban khong_thich keo,Bạn không thích kẹo.,Bạn không thích kẹo.,1,1.0,1.0,1.0
chu_nhat anh noi,Chủ nhật anh nói.,Chủ nhật anh nói.,1,1.0,1.0,1.0
me bi dau_chan can goi_bac_si,"Mẹ bị đau chân, cần gọi bác sĩ.","Mẹ bị đau chân, cần gọi bác sĩ.",1,1.0,1.0,1.0
ngay em dang lam_bai_tap,Ngày em đang làm bài tập.,Ngày em đang làm bài tập.,1,1.0,1.0,1.0
mua_he con_trai bi dau_hong,Mùa hè con trai bị đau họng.,Mùa hè con trai bị đau họng.,1,1.0,1.0,1.0
chu_nhat chi dang uong,Chủ nhật chị đang uống.,Chủ nhật chị đang uống.,1,1.0,1.0,1.0
ban cam_thay kho_tho,Bạn cảm thấy khó thở.,Bạn cảm thấy khó thở.,1,1.0,1.0,1.0
buoi_toi ban se di nha_thuoc,Buổi tối bạn sẽ đi nhà thuốc.,Buổi tối bạn sẽ đi nhà thuốc.,1,1.0,1.0,1.0
nam co bi dau_hong,Năm cô bị đau họng.,Năm cô bị đau họng.,1,1.0,1.0,1.0
em o cong_ty,Em ở công ty.,Em ở công ty.,1,1.0,1.0,1.0
chu_nhat ba dang tam,Chủ nhật bà đang tắm.,Chủ nhật bà đang tắm.,1,1.0,1.0,1.0
xin_loi,Tôi xin lỗi.,Xin chào.,0,0.4,0.25,0.47619047619047616
con_trai can sac_pin khong,Con trai có cần sạc pin không?,Con trai có cần sạc pin không?,1,1.0,1.0,1.0
ong bi chong_mat nen can di_nha_ve_sinh,Ông bị chóng mặt nên cần đi nhà vệ sinh.,Ông bị chóng mặt nên cần đi nhà vệ sinh.,1,1.0,1.0,1.0
den mau_den,Đèn màu đen.,Đèn màu đen.,1,1.0,1.0,1.0
ngay_mai chung_toi dang nghi,Ngày mai chúng tôi đang nghỉ.,Ngày mai chúng tôi đang nghỉ.,1,1.0,1.0,1.0
me can bay sua,Mẹ cần bảy sữa.,Mẹ cần bảy sữa.,1,1.0,1.0,1.0
bac_si can sac_pin,Bác sĩ cần sạc pin.,Bác sĩ cần sạc pin.,1,1.0,1.0,1.0
bo bi dau_tay nen can goi_y_ta,Bố bị đau tay nên cần gọi y tá.,Bố bị đau tay nên cần gọi y tá.,1,1.0,1.0,1.0
me can ghe khong,Mẹ có cần ghế không?,Mẹ có cần ghế không?,1,1.0,1.0,1.0
toi bi dau_lung can goi_bac_si,"Tôi bị đau lưng, cần gọi bác sĩ.","Tôi bị đau lưng, cần gọi bác sĩ.",1,1.0,1.0,1.0
ban co giay khong,Bạn có giấy không?,Bạn có giày không?,0,0.75,1.0,0.9444444444444444
chung_toi can dia_chi,Chúng tôi cần địa chỉ.,Chúng tôi cần địa chỉ.,1,1.0,1.0,1.0
ong muon ghe,Ông muốn ghế.,Ông muốn ghế.,1,1.0,1.0,1.0
toi_nay em se di lop_hoc,Tối nay em sẽ đi lớp học.,Tối nay em sẽ đi lớp học.,1,1.0,1.0,1.0
co khong muon nuoc,Cô không muốn nước.,Cô không muốn nước.,1,1.0,1.0,1.0
hom_nay ong bi dau,Hôm nay ông bị đau.,Hôm nay ông bị đau.,1,1.0,1.0,1.0
thang chung_toi bi dau_chan,Tháng chúng tôi bị đau chân.,Tháng chúng tôi bị đau chân.,1,1.0,1.0,1.0
thu_ba anh bi ho,Thứ ba anh bị ho.,Thứ ba anh bị ho.,1,1.0,1.0,1.0
co khong muon thuc_an,Cô không muốn thức ăn.,Cô không muốn thức ăn.,1,1.0,1.0,1.0
thu_tu nguoi_khiem_thinh dang hoc_bai,Thứ tư người khiếm thính đang học bài.,Thứ tư người khiếm thính đang học bài.,1,1.0,1.0,1.0
toi_nay me se di cho,Tối nay mẹ sẽ đi chợ.,Tối nay mẹ sẽ đi chợ.,1,1.0,1.0,1.0
co muon banh,Cô muốn bánh.,Cô muốn bánh.,1,1.0,1.0,1.0
buoi_trua ong nghi,Buổi trưa ông nghỉ.,Buổi trưa ông nghỉ.,1,1.0,1.0,1.0
thu_ba chi bi dau_bung,Thứ ba chị bị đau bụng.,Thứ ba chị bị đau bụng.,1,1.0,1.0,1.0
nam benh_nhan dang tam,Năm bệnh nhân đang tắm.,Năm bệnh nhân đang tắm.,1,1.0,1.0,1.0
co_giao muon di nha_ve_sinh,Cô giáo muốn đi nhà vệ sinh.,Cô giáo muốn đi nhà vệ sinh.,1,1.0,1.0,1.0
ban muon mot_tram com,Bạn muốn một trăm cơm.,Bạn muốn một trăm cơm.,1,1.0,1.0,1.0
thu_bay chi bi kho_tho,Thứ bảy chị bị khó thở.,Thứ bảy chị bị khó thở.,1,1.0,1.0,1.0
ban muon com o cho,Bạn muốn cơm ở chợ.,Bạn muốn cơm ở chợ.,1,1.0,1.0,1.0
buoi_sang me noi,Buổi sáng mẹ nói.,Buổi sáng mẹ nói.,1,1.0,1.0,1.0
chi thich dien_thoai,Chị thích điện thoại.,Chị thích điện thoại.,1,1.0,1.0,1.0
thu_tu co_giao dang doc_sach,Thứ tư cô giáo đang đọc sách.,Thứ tư cô giáo đang đọc sách.,1,1.0,1.0,1.0
ngay con_gai dang tam,Ngày con gái đang tắm.,Ngày con gái đang tắm.,1,1.0,1.0,1.0
ban cam_thay bao,Bạn cảm thấy bão.,Bạn cảm thấy bão.,1,1.0,1.0,1.0
mua_dong em bi ho,Mùa đông em bị ho.,Mùa đông em bị ho.,1,1.0,1.0,1.0
buoi_trua chi bi dau_hong,Buổi trưa chị bị đau họng.,Buổi trưa chị bị đau họng.,1,1.0,1.0,1.0
anh muon banh_mi,Anh muốn bánh mì.,Anh muốn bánh mì.,1,1.0,1.0,1.0
hom_nay ban bi dau_tay,Hôm nay bạn bị đau tay.,Hôm nay bạn bị đau tay.,1,1.0,1.0,1.0
con_trai bi buon_non nen can goi_bac_si,Con trai bị buồn nôn nên cần gọi bác sĩ.,Con trai bị buồn nôn nên cần gọi bác sĩ.,1,1.0,1.0,1.0
toi_nay ba bi ho,Tối nay bà bị ho.,Tối nay bà bị ho.,1,1.0,1.0,1.0
thu_hai chung_toi dang tap_the_duc,Thứ hai chúng tôi đang tập thể dục.,Thứ hai chúng tôi đang tập thể dục.,1,1.0,1.0,1.0
ngay co_giao dang an,Ngày cô giáo đang ăn.,Ngày cô giáo đang ăn.,1,1.0,1.0,1.0
co den benh_vien,Cô đến bệnh viện.,Cô đến bệnh viện.,1,1.0,1.0,1.0
buoi_sang con_trai bi dau_tay,Buổi sáng con trai bị đau tay.,Buổi sáng con trai bị đau tay.,1,1.0,1.0,1.0
anh muon ba nuoc_cam,Anh muốn ba nước cam.,Anh muốn ba nước cam.,1,1.0,1.0,1.0
chu_nhat chung_toi dang di_hoc,Chủ nhật chúng tôi đang đi học.,Chủ nhật chúng tôi đang đi học.,1,1.0,1.0,1.0
toi muon ba sua,Tôi muốn ba sữa.,Tôi muốn ba sữa.,1,1.0,1.0,1.0
toi can mot_tram tivi,Tôi cần một trăm ti vi.,Tôi cần một trăm ti vi.,1,1.0,1.0,1.0
ngay_mai bo dang mua_sam,Ngày mai bố đang mua sắm.,Ngày mai bố đang mua sắm.,1,1.0,1.0,1.0
thang ong lam_bai_tap,Tháng ông làm bài tập.,Tháng ông làm bài tập.,1,1.0,1.0,1.0
chi can mot_tram but,Chị cần một trăm bút.,Chị cần một trăm bút.,1,1.0,1.0,1.0
thu_nam ong viet,Thứ năm ông viết.,Thứ năm ông viết.,1,1.0,1.0,1.0
thu_ba anh bi dau_tay,Thứ ba anh bị đau tay.,Thứ ba anh bị đau tay.,1,1.0,1.0,1.0
buoi_toi anh dang viet,Buổi tối anh đang viết.,Buổi tối anh đang viết.,1,1.0,1.0,1.0
anh can di_nha_ve_sinh khong,Anh có cần đi nhà vệ sinh không?,Anh có cần đi nhà vệ sinh không?,1,1.0,1.0,1.0
toi can hai pho,Tôi cần hai phở.,Tôi cần hai phở.,1,1.0,1.0,1.0
benh_nhan den van_phong,Bệnh nhân đến văn phòng.,Bệnh nhân đến văn phòng.,1,1.0,1.0,1.0
buoi_chieu con_gai bi dau_lung,Buổi chiều con gái bị đau lưng.,Buổi chiều con gái bị đau lưng.,1,1.0,1.0,1.0
thu_hai toi se di nha_thuoc,Thứ hai tôi sẽ đi nhà thuốc.,Thứ hai tôi sẽ đi nhà thuốc.,1,1.0,1.0,1.0
thu_ba co dang nghe,Thứ ba cô đang nghe.,Thứ ba cô đang nghe.,1,1.0,1.0,1.0
bo can muoi nuoc_cam,Bố cần mười nước cam.,Bố cần mười nước cam.,1,1.0,1.0,1.0
thu_tu con_gai bi dau_hong,Thứ tư con gái bị đau họng.,Thứ tư con gái bị đau họng.,1,1.0,1.0,1.0
benh_nhan can khau_trang,Bệnh nhân cần khẩu trang.,Bệnh nhân cần khẩu trang.,1,1.0,1.0,1.0
thu_sau co_giao dang chay,Thứ sáu cô giáo đang chạy.,Thứ sáu cô giáo đang chạy.,1,1.0,1.0,1.0
buoi_chieu con_trai bi sot,Buổi chiều con trai bị sốt.,Buổi chiều con trai bị sốt.,1,1.0,1.0,1.0
ba da lam_viec,Bà đã làm việc.,Bà đã làm việc.,1,1.0,1.0,1.0
co den truong,Cô đến trường.,Cô đến trường.,1,1.0,1.0,1.0
vo mau_cam,Vở màu cam.,Vở màu cam.,1,1.0,1.0,1.0
ban khong nghe,Bạn không nghe.,Bạn không nghe.,1,1.0,1.0,1.0
thu_nam bo bi kho_tho,Thứ năm bố bị khó thở.,Thứ năm bố bị khó thở.,1,1.0,1.0,1.0
ngay_mai ong bi chay_mau,Ngày mai ông bị chảy máu.,Ngày mai ông bị chảy máu.,1,1.0,1.0,1.0
ban can ba_muoi may_tinh,Bạn cần ba mươi máy tính.,Bạn cần ba mươi máy tính.,1,1.0,1.0,1.0
noi_com_dien yen_tinh,Nồi cơm điện yên tĩnh.,Nồi cơm điện yên tĩnh.,1,1.0,1.0,1.0
ngay_mai anh se di sieu_thi,Ngày mai anh sẽ đi siêu thị.,Ngày mai anh sẽ đi siêu thị.,1,1.0,1.0,1.0
ngay_mai co_giao dang mua_sam,Ngày mai cô giáo đang mua sắm.,Ngày mai cô giáo đang mua sắm.,1,1.0,1.0,1.0
toi_nay con_gai bi dau_chan,Tối nay con gái bị đau chân.,Tối nay con gái bị đau chân.,1,1.0,1.0,1.0
thang ba dang ngu,Tháng bà đang ngủ.,Tháng bà đang ngủ.,1,1.0,1.0,1.0
em can giay khong,Em có cần giấy không?,Em có cần giày không?,0,0.8000000000000002,1.0,0.9523809523809523
co can vo,Cô cần vở.,Cô cần vở.,1,1.0,1.0,1.0
toi_nay con_gai dang rua_tay,Tối nay con gái đang rửa tay.,Tối nay con gái đang rửa tay.,1,1.0,1.0,1.0
toi_nay thay_giao bi chong_mat,Tối nay thầy giáo bị chóng mặt.,Tối nay thầy giáo bị chóng mặt.,1,1.0,1.0,1.0
bay_gio me dang di_bo,Bây giờ mẹ đang đi bộ.,Bây giờ mẹ đang đi bộ.,1,1.0,1.0,1.0
mua_dong chung_toi bi dau_bung,Mùa đông chúng tôi bị đau bụng.,Mùa đông chúng tôi bị đau bụng.,1,1.0,1.0,1.0
hom_qua em bi sot,Hôm qua em bị sốt.,Hôm qua em bị sốt.,1,1.0,1.0,1.0
thang anh dang giat_do,Tháng anh đang giặt đồ.,Tháng anh đang giặt đồ.,1,1.0,1.0,1.0
buoi_toi co_giao dang hoc_bai,Buổi tối cô giáo đang học bài.,Buổi tối cô giáo đang học bài.,1,1.0,1.0,1.0
ba can cua khong,Bà có cần cửa không?,Bà có cần cửa không?,1,1.0,1.0,1.0
buoi_trua chung_toi bi bi_thuong,Buổi trưa chúng tôi bị bị thương.,Buổi trưa chúng tôi bị bị thương.,1,1.0,1.0,1.0
mua_dong ban bi met,Mùa đông bạn bị mệt.,Mùa đông bạn bị mệt.,1,1.0,1.0,1.0
thu_nam co dang uong,Thứ năm cô đang uống.,Thứ năm cô đang uống.,1,1.0,1.0,1.0
mua_he ba an,Mùa hè bà ăn.,Mùa hè bà ăn.,1,1.0,1.0,1.0
toi_nay me dang xem,Tối nay mẹ đang xem.,Tối nay mẹ đang xem.,1,1.0,1.0,1.0
thu_nam chi bi dau,Thứ năm chị bị đau.,Thứ năm chị bị đau.,1,1.0,1.0,1.0
buoi_trua ban bi kho_tho,Buổi trưa bạn bị khó thở.,Buổi trưa bạn bị khó thở.,1,1.0,1.0,1.0
y_ta dang viet,Y tá đang viết.,Y tá đang viết.,1,1.0,1.0,1.0
em muon hai tivi,Em muốn hai ti vi.,Em muốn hai ti vi.,1,1.0,1.0,1.0
ngay_mai ba bi kho_tho,Ngày mai bà bị khó thở.,Ngày mai bà bị khó thở.,1,1.0,1.0,1.0
buoi_toi con_gai bi buon_non,Buổi tối con gái bị buồn nôn.,Buổi tối con gái bị buồn nôn.,1,1.0,1.0,1.0
y_ta can thuoc,Y tá cần thuốc.,Y tá cần thuốc.,1,1.0,1.0,1.0
hom_qua co_giao dang lam_bai_tap,Hôm qua cô giáo đang làm bài tập.,Hôm qua cô giáo đang làm bài tập.,1,1.0,1.0,1.0
thu_tu con_gai bi dau_lung,Thứ tư con gái bị đau lưng.,Thứ tư con gái bị đau lưng.,1,1.0,1.0,1.0
nam bo noi,Năm bố nói.,Năm bố nói.,1,1.0,1.0,1.0
chu_nhat anh dang ngu,Chủ nhật anh đang ngủ.,Chủ nhật anh đang ngủ.,1,1.0,1.0,1.0
thu_bay ban dang nghi,Thứ bảy bạn đang nghỉ.,Thứ bảy bạn đang nghỉ.,1,1.0,1.0,1.0
toi can giup_do khong,Tôi có cần giúp đỡ không?,Tôi có cần giúp đỡ không?,1,1.0,1.0,1.0
thu_tu ban dang nghe,Thứ tư bạn đang nghe.,Thứ tư bạn đang nghe.,1,1.0,1.0,1.0
chung_toi muon ao,Chúng tôi muốn áo.,Chúng tôi muốn áo.,1,1.0,1.0,1.0
nguoi_khiem_thinh can tivi khong,Người khiếm thính có cần ti vi không?,Người khiếm thính có cần ti vi không?,1,1.0,1.0,1.0
em can sua khong,Em có cần sữa không?,Em có cần sữa không?,1,1.0,1.0,1.0
em muon bay banh_mi,Em muốn bảy bánh mì.,Em muốn bảy bánh mì.,1,1.0,1.0,1.0
buoi_sang em bi chong_mat,Buổi sáng em bị chóng mặt.,Buổi sáng em bị chóng mặt.,1,1.0,1.0,1.0
nam nguoi_khiem_thinh bi chong_mat,Năm người khiếm thính bị chóng mặt.,Năm người khiếm thính bị chóng mặt.,1,1.0,1.0,1.0
benh_nhan can ao_khoac,Bệnh nhân cần áo khoác.,Bệnh nhân cần áo khoác.,1,1.0,1.0,1.0
toi_nay em noi,Tối nay em nói.,Tối nay em nói.,1,1.0,1.0,1.0
me can bay dien_thoai,Mẹ cần bảy điện thoại.,Mẹ cần bảy điện thoại.,1,1.0,1.0,1.0
anh cam_thay buon,Anh cảm thấy buồn.,Anh cảm thấy buồn.,1,1.0,1.0,1.0
toi muon mua nuoc_cam,Tôi muốn mua nước cam.,Tôi muốn mua nước cam.,1,1.0,1.0,1.0
toi muon hai vo,Tôi muốn hai vở.,Tôi muốn hai vở.,1,1.0,1.0,1.0
buoi_trua con_gai dang lam_viec,Buổi trưa con gái đang làm việc.,Buổi trưa con gái đang làm việc.,1,1.0,1.0,1.0
toi_nay ban lam_bai_tap,Tối nay bạn làm bài tập.,Tối nay bạn làm bài tập.,1,1.0,1.0,1.0
toi_nay chi dang rua_tay,Tối nay chị đang rửa tay.,Tối nay chị đang rửa tay.,1,1.0,1.0,1.0
me cam_thay met,Mẹ cảm thấy mệt.,Mẹ cảm thấy mệt.,1,1.0,1.0,1.0
hom_qua anh se di phong_kham,Hôm qua anh sẽ đi phòng khám.,Hôm qua anh sẽ đi phòng khám.,1,1.0,1.0,1.0
buoi_sang toi bi di_ung,Buổi sáng tôi bị dị ứng.,Buổi sáng tôi bị dị ứng.,1,1.0,1.0,1.0
buoi_toi benh_nhan bi dau_lung,Buổi tối bệnh nhân bị đau lưng.,Buổi tối bệnh nhân bị đau lưng.,1,1.0,1.0,1.0
ban can nam nuoc,Bạn cần năm nước.,Bạn cần năm nước.,1,1.0,1.0,1.0
thu_ba nguoi_khiem_thinh bi kho_tho,Thứ ba người khiếm thính bị khó thở.,Thứ ba người khiếm thính bị khó thở.,1,1.0,1.0,1.0
bo thich nuoc_cam,Bố thích nước cam.,Bố thích nước cam.,1,1.0,1.0,1.0
thu_ba bo bi dau_chan,Thứ ba bố bị đau chân.,Thứ ba bố bị đau chân.,1,1.0,1.0,1.0
buoi_chieu anh bi chay_mau,Buổi chiều anh bị chảy máu.,Buổi chiều anh bị chảy máu.,1,1.0,1.0,1.0
hom_nay toi bi dau_chan,Hôm nay tôi bị đau chân.,Hôm nay tôi bị đau chân.,1,1.0,1.0,1.0
bo can chin pho,Bố cần chín phở.,Bố cần chín phở.,1,1.0,1.0,1.0
thu_sau ba bi dau,Thứ sáu bà bị đau.,Thứ sáu bà bị đau.,1,1.0,1.0,1.0
chi muon chin sua,Chị muốn chín sữa.,Chị muốn chín sữa.,1,1.0,1.0,1.0
bay_gio thay_giao dang lam_bai_tap,Bây giờ thầy giáo đang làm bài tập.,Bây giờ thầy giáo đang làm bài tập.,1,1.0,1.0,1.0
mua_he chi bi dau,Mùa hè chị bị đau.,Mùa hè chị bị đau.,1,1.0,1.0,1.0
ba muon di phong_ngu,Bà muốn đi phòng ngủ.,Bà muốn đi phòng ngủ.,1,1.0,1.0,1.0
bo can chin chao,Bố cần chín cháo.,Bố cần chín cháo.,1,1.0,1.0,1.0
ngay_mai thay_giao dang giat_do,Ngày mai thầy giáo đang giặt đồ.,Ngày mai thầy giáo đang giặt đồ.,1,1.0,1.0,1.0
ba can quan khong,Bà có cần quần không?,Bà có cần quần không?,1,1.0,1.0,1.0
buoi_toi toi dang di_cho,Buổi tối tôi đang đi chợ.,Buổi tối tôi đang đi chợ.,1,1.0,1.0,1.0
mua_he co_giao lam_bai_tap,Mùa hè cô giáo làm bài tập.,Mùa hè cô giáo làm bài tập.,1,1.0,1.0,1.0
toi muon banh_mi o cho,Tôi muốn bánh mì ở chợ.,Tôi muốn bánh mì ở chợ.,1,1.0,1.0,1.0
anh muon mua chao,Anh muốn mua cháo.,Anh muốn mua cháo.,1,1.0,1.0,1.0
mua_he benh_nhan dang di_hoc,Mùa hè bệnh nhân đang đi học.,Mùa hè bệnh nhân đang đi học.,1,1.0,1.0,1.0
me muon tra o phong_kham,Mẹ muốn trà ở phòng khám.,Mẹ muốn trà ở phòng khám.,1,1.0,1.0,1.0
thang anh nghe,Tháng anh nghe.,Tháng anh nghe.,1,1.0,1.0,1.0
em muon chin com,Em muốn chín cơm.,Em muốn chín cơm.,1,1.0,1.0,1.0
nguoi_khiem_thinh muon ban_do,Người khiếm thính muốn bản đồ.,Người khiếm thính muốn bản đồ.,1,1.0,1.0,1.0
buoi_chieu toi bi dau,Buổi chiều tôi bị đau.,Buổi chiều tôi bị đau.,1,1.0,1.0,1.0
ong muon ca o benh_vien,Ông muốn cá ở bệnh viện.,Ông muốn cá ở bệnh viện.,1,1.0,1.0,1.0
buoi_toi con_gai bi kho_tho,Buổi tối con gái bị khó thở.,Buổi tối con gái bị khó thở.,1,1.0,1.0,1.0
vo mau_vang,Vở màu vàng.,Vở màu vàng.,1,1.0,1.0,1.0
me den cong_ty,Mẹ đến công ty.,Mẹ đến công ty.,1,1.0,1.0,1.0
con_trai can ban khong,Con trai có cần bàn không?,Con trai có cần bàn không?,1,1.0,1.0,1.0
hom_qua toi bi dau_hong,Hôm qua tôi bị đau họng.,Hôm qua tôi bị đau họng.,1,1.0,1.0,1.0
toi_nay chi dang giat_do,Tối nay chị đang giặt đồ.,Tối nay chị đang giặt đồ.,1,1.0,1.0,1.0
ong tim sach,Ông tìm sách.,Ông tìm sách.,1,1.0,1.0,1.0
hom_qua toi dang mua_sam,Hôm qua tôi đang mua sắm.,Hôm qua tôi đang mua sắm.,1,1.0,1.0,1.0
thu_bay me dang di_hoc,Thứ bảy mẹ đang đi học.,Thứ bảy mẹ đang đi học.,1,1.0,1.0,1.0
thu_ba chi dang di_cho,Thứ ba chị đang đi chợ.,Thứ ba chị đang đi chợ.,1,1.0,1.0,1.0
ngay em dang viet,Ngày em đang viết.,Ngày em đang viết.,1,1.0,1.0,1.0
ngay chi dang tap_the_duc,Ngày chị đang tập thể dục.,Ngày chị đang tập thể dục.,1,1.0,1.0,1.0
benh_nhan den lop_hoc,Bệnh nhân đến lớp học.,Bệnh nhân đến lớp học.,1,1.0,1.0,1.0
thu_sau con_trai dang uong,Thứ sáu con trai đang uống.,Thứ sáu con trai đang uống.,1,1.0,1.0,1.0
chi muon mua but,Chị muốn mua bút.,Chị muốn mua bút.,1,1.0,1.0,1.0
em muon mot pho,Em muốn một phở.,Em muốn một phở.,1,1.0,1.0,1.0
co_giao can quan,Cô giáo cần quần.,Cô giáo cần quần.,1,1.0,1.0,1.0
thang toi lam_viec,Tháng tôi làm việc.,Tháng tôi làm việc.,1,1.0,1.0,1.0
thang em dang tam,Tháng em đang tắm.,Tháng em đang tắm.,1,1.0,1.0,1.0
bay_gio anh dang uong,Bây giờ anh đang uống.,Bây giờ anh đang uống.,1,1.0,1.0,1.0
nam nguoi_khiem_thinh dang mua_sam,Năm người khiếm thính đang mua sắm.,Năm người khiếm thính đang mua sắm.,1,1.0,1.0,1.0
hom_nay benh_nhan bi chong_mat,Hôm nay bệnh nhân bị chóng mặt.,Hôm nay bệnh nhân bị chóng mặt.,1,1.0,1.0,1.0
ngay_mai anh dang uong,Ngày mai anh đang uống.,Ngày mai anh đang uống.,1,1.0,1.0,1.0
ban bi kho_tho,Bạn bị khó thở.,Bạn bị khó thở.,1,1.0,1.0,1.0
chi muon nam den,Chị muốn năm đèn.,Chị muốn năm đèn.,1,1.0,1.0,1.0
me bi bi_thuong nen can goi_bac_si,Mẹ bị bị thương nên cần gọi bác sĩ.,Mẹ bị bị thương nên cần gọi bác sĩ.,1,1.0,1.0,1.0
ong se choi,Ông sẽ chơi.,Ông sẽ chơi.,1,1.0,1.0,1.0
ban muon bun o nha,Bạn muốn bún ở nhà.,Bạn muốn bún ở nhà.,1,1.0,1.0,1.0
buoi_toi ong se di nha,Buổi tối ông sẽ đi nhà.,Buổi tối ông sẽ đi nhà.,1,1.0,1.0,1.0
ong muon di truong,Ông muốn đi trường.,Ông muốn đi trường.,1,1.0,1.0,1.0
ong can sau may_tinh,Ông cần sáu máy tính.,Ông cần sáu máy tính.,1,1.0,1.0,1.0
em muon ba_lo,Em muốn ba lô.,Em muốn ba lô.,1,1.0,1.0,1.0
hom_nay benh_nhan dang mua_sam,Hôm nay bệnh nhân đang mua sắm.,Hôm nay bệnh nhân đang mua sắm.,1,1.0,1.0,1.0
buoi_toi bo bi dau_bung,Buổi tối bố bị đau bụng.,Buổi tối bố bị đau bụng.,1,1.0,1.0,1.0
chung_toi thich cua,Chúng tôi thích cửa.,Chúng tôi thích cửa.,1,1.0,1.0,1.0
toi se ngu,Tôi sẽ ngủ.,Tôi sẽ ngủ.,1,1.0,1.0,1.0
thu_ba em bi dau_chan,Thứ ba em bị đau chân.,Thứ ba em bị đau chân.,1,1.0,1.0,1.0
em can sau nuoc,Em cần sáu nước.,Em cần sáu nước.,1,1.0,1.0,1.0
ong muon mot nuoc_cam,Ông muốn một nước cam.,Ông muốn một nước cam.,1,1.0,1.0,1.0
me can bay sach,Mẹ cần bảy sách.,Mẹ cần bảy sách.,1,1.0,1.0,1.0
buoi_chieu toi dang xem,Buổi chiều tôi đang xem.,Buổi chiều tôi đang xem.,1,1.0,1.0,1.0
thu_tu toi nghe,Thứ tư tôi nghe.,Thứ tư tôi nghe.,1,1.0,1.0,1.0
thu_hai nguoi_khiem_thinh bi dau_dau,Thứ hai người khiếm thính bị đau đầu.,Thứ hai người khiếm thính bị đau đầu.,1,1.0,1.0,1.0
thu_tu con_trai dang giat_do,Thứ tư con trai đang giặt đồ.,Thứ tư con trai đang giặt đồ.,1,1.0,1.0,1.0
buoi_toi co_giao lam_viec,Buổi tối cô giáo làm việc.,Buổi tối cô giáo làm việc.,1,1.0,1.0,1.0
em can mot nuoc,Em cần một nước.,Em cần một nước.,1,1.0,1.0,1.0
mua_he me dang giat_do,Mùa hè mẹ đang giặt đồ.,Mùa hè mẹ đang giặt đồ.,1,1.0,1.0,1.0
chi can pho,Chị cần phở.,Chị cần phở.,1,1.0,1.0,1.0
buoi_sang me lam_bai_tap,Buổi sáng mẹ làm bài tập.,Buổi sáng mẹ làm bài tập.,1,1.0,1.0,1.0
con_trai dang hoc_bai,Con trai đang học bài.,Con trai đang học bài.,1,1.0,1.0,1.0
bo muon thuoc,Bố muốn thuốc.,Bố muốn thuốc.,1,1.0,1.0,1.0
buoi_sang thay_giao dang mua_sam,Buổi sáng thầy giáo đang mua sắm.,Buổi sáng thầy giáo đang mua sắm.,1,1.0,1.0,1.0
thang ba dang doc_sach,Tháng bà đang đọc sách.,Tháng bà đang đọc sách.,1,1.0,1.0,1.0
em bi ho,Em bị ho.,Em bị ho.,1,1.0,1.0,1.0
ban thich ao,Bạn thích áo.,Bạn thích áo.,1,1.0,1.0,1.0
toi can hai_muoi pho,Tôi cần hai mươi phở.,Tôi cần hai mươi phở.,1,1.0,1.0,1.0
me can bon chao,Mẹ cần bốn cháo.,Mẹ cần bốn cháo.,1,1.0,1.0,1.0
ong muon hai pho,Ông muốn hai phở.,Ông muốn hai phở.,1,1.0,1.0,1.0
nam em nghi,Năm em nghỉ.,Năm em nghỉ.,1,1.0,1.0,1.0
hom_qua chi se di benh_vien,Hôm qua chị sẽ đi bệnh viện.,Hôm qua chị sẽ đi bệnh viện.,1,1.0,1.0,1.0
ban muon hai_muoi sach,Bạn muốn hai mươi sách.,Bạn muốn hai mươi sách.,1,1.0,1.0,1.0
chu_nhat benh_nhan bi buon_non,Chủ nhật bệnh nhân bị buồn nôn.,Chủ nhật bệnh nhân bị buồn nôn.,1,1.0,1.0,1.0
quan cu,Quần cũ.,Quần cũ.,1,1.0,1.0,1.0
thay_giao se di_hoc,Thầy giáo sẽ đi học.,Thầy giáo sẽ đi học.,1,1.0,1.0,1.0
co_giao can tra khong,Cô giáo có cần trà không?,Cô giáo có cần trà không?,1,1.0,1.0,1.0
ong can quan khong,Ông có cần quần không?,Ông có cần quần không?,1,1.0,1.0,1.0
me dang choi,Mẹ đang chơi.,Mẹ đang chơi.,1,1.0,1.0,1.0
em dong_y,Em đồng ý.,Em đồng ý.,1,1.0,1.0,1.0
buoi_chieu anh bi di_ung,Buổi chiều anh bị dị ứng.,Buổi chiều anh bị dị ứng.,1,1.0,1.0,1.0
em bi kho_tho can goi_bac_si,"Em bị khó thở, cần gọi bác sĩ.","Em bị khó thở, cần gọi bác sĩ.",1,1.0,1.0,1.0
hom_qua co_giao dang rua_tay,Hôm qua cô giáo đang rửa tay.,Hôm qua cô giáo đang rửa tay.,1,1.0,1.0,1.0
me da hoc_bai,Mẹ đã học bài.,Mẹ đã học bài.,1,1.0,1.0,1.0
buoi_trua troi_nang,Buổi trưa trời nắng.,Buổi trưa trời nắng.,1,1.0,1.0,1.0
thay_giao can nguoi_phien_dich khong,Thầy giáo có cần người phiên dịch không?,Thầy giáo có cần người phiên dịch không?,1,1.0,1.0,1.0
ong can hai nuoc,Ông cần hai nước.,Ông cần hai nước.,1,1.0,1.0,1.0
ngay bo dang mua_sam,Ngày bố đang mua sắm.,Ngày bố đang mua sắm.,1,1.0,1.0,1.0
quan xau,Quần xấu.,Quần xấu.,1,1.0,1.0,1.0
toi_nay toi noi,Tối nay tôi nói.,Tối nay tôi nói.,1,1.0,1.0,1.0
anh bi dau_hong nen can nghi_ngoi,Anh bị đau họng nên cần nghỉ ngơi.,Anh bị đau họng nên cần nghỉ ngơi.,1,1.0,1.0,1.0
buoi_sang con_gai bi dau_chan,Buổi sáng con gái bị đau chân.,Buổi sáng con gái bị đau chân.,1,1.0,1.0,1.0
anh bi bi_thuong nen can goi_bac_si,Anh bị bị thương nên cần gọi bác sĩ.,Anh bị bị thương nên cần gọi bác sĩ.,1,1.0,1.0,1.0
hom_qua chi lam_viec,Hôm qua chị làm việc.,Hôm qua chị làm việc.,1,1.0,1.0,1.0
hom_nay me dang lam_bai_tap,Hôm nay mẹ đang làm bài tập.,Hôm nay mẹ đang làm bài tập.,1,1.0,1.0,1.0
thang chi dang tam,Tháng chị đang tắm.,Tháng chị đang tắm.,1,1.0,1.0,1.0
buoi_sang toi se di sieu_thi,Buổi sáng tôi sẽ đi siêu thị.,Buổi sáng tôi sẽ đi siêu thị.,1,1.0,1.0,1.0
ngay ban dang uong,Ngày bạn đang uống.,Ngày bạn đang uống.,1,1.0,1.0,1.0
hom_nay co dang viet,Hôm nay cô đang viết.,Hôm nay cô đang viết.,1,1.0,1.0,1.0
thu_tu ban bi dau_lung,Thứ tư bạn bị đau lưng.,Thứ tư bạn bị đau lưng.,1,1.0,1.0,1.0
bo can bay but,Bố cần bảy bút.,Bố cần bảy bút.,1,1.0,1.0,1.0
toi_nay co_giao nghe,Tối nay cô giáo nghe.,Tối nay cô giáo nghe.,1,1.0,1.0,1.0
mua_dong co_giao dang mua_sam,Mùa đông cô giáo đang mua sắm.,Mùa đông cô giáo đang mua sắm.,1,1.0,1.0,1.0
anh muon di phong_ngu,Anh muốn đi phòng ngủ.,Anh muốn đi phòng ngủ.,1,1.0,1.0,1.0
co se choi,Cô sẽ chơi.,Cô sẽ chơi.,1,1.0,1.0,1.0
thu_sau ong an,Thứ sáu ông ăn.,Thứ sáu ông ăn.,1,1.0,1.0,1.0
thu_sau ban dang nghe,Thứ sáu bạn đang nghe.,Thứ sáu bạn đang nghe.,1,1.0,1.0,1.0
anh can ba tivi,Anh cần ba ti vi.,Anh cần ba ti vi.,1,1.0,1.0,1.0
thu_tu co_giao bi di_ung,Thứ tư cô giáo bị dị ứng.,Thứ tư cô giáo bị dị ứng.,1,1.0,1.0,1.0
ban den ban,Bạn đến bàn.,Bạn đến bàn.,1,1.0,1.0,1.0
buoi_toi em dang nghe,Buổi tối em đang nghe.,Buổi tối em đang nghe.,1,1.0,1.0,1.0
buoi_sang co_giao dang choi,Buổi sáng cô giáo đang chơi.,Buổi sáng cô giáo đang chơi.,1,1.0,1.0,1.0
hom_nay co dang doc_sach,Hôm nay cô đang đọc sách.,Hôm nay cô đang đọc sách.,1,1.0,1.0,1.0
hom_qua chi se di lop_hoc,Hôm qua chị sẽ đi lớp học.,Hôm qua chị sẽ đi lớp học.,1,1.0,1.0,1.0
thu_hai thay_giao doc_sach,Thứ hai thầy giáo đọc sách.,Thứ hai thầy giáo đọc sách.,1,1.0,1.0,1.0
em o giuong,Em ở giường.,Em ở giường.,1,1.0,1.0,1.0
toi_nay co_giao bi dau_dau,Tối nay cô giáo bị đau đầu.,Tối nay cô giáo bị đau đầu.,1,1.0,1.0,1.0
chi muon chin vo,Chị muốn chín vở.,Chị muốn chín vở.,1,1.0,1.0,1.0
bay_gio me dang nau_an,Bây giờ mẹ đang nấu ăn.,Bây giờ mẹ đang nấu ăn.,1,1.0,1.0,1.0
bay_gio ban dang di_bo,Bây giờ bạn đang đi bộ.,Bây giờ bạn đang đi bộ.,1,1.0,1.0,1.0
thu_hai benh_nhan bi kho_tho,Thứ hai bệnh nhân bị khó thở.,Thứ hai bệnh nhân bị khó thở.,1,1.0,1.0,1.0
em can mot dien_thoai,Em cần một điện thoại.,Em cần một điện thoại.,1,1.0,1.0,1.0
thu_tu nguoi_khiem_thinh bi dau_lung,Thứ tư người khiếm thính bị đau lưng.,Thứ tư người khiếm thính bị đau lưng.,1,1.0,1.0,1.0
me can nam den,Mẹ cần năm đèn.,Mẹ cần năm đèn.,1,1.0,1.0,1.0
ngay_mai con_gai dang an,Ngày mai con gái đang ăn.,Ngày mai con gái đang ăn.,1,1.0,1.0,1.0
thang anh nghi,Tháng anh nghỉ.,Tháng anh nghỉ.,1,1.0,1.0,1.0
toi_nay ba dang lam_bai_tap,Tối nay bà đang làm bài tập.,Tối nay bà đang làm bài tập.,1,1.0,1.0,1.0
benh_nhan thich nghi_ngoi,Bệnh nhân thích nghỉ ngơi.,Bệnh nhân thích nghỉ ngơi.,1,1.0,1.0,1.0
thu_ba chi bi chong_mat,Thứ ba chị bị chóng mặt.,Thứ ba chị bị chóng mặt.,1,1.0,1.0,1.0
nguoi_khiem_thinh o nha,Người khiếm thính ở nhà.,Người khiếm thính ở nhà.,1,1.0,1.0,1.0
thu_ba ban bi dau_chan,Thứ ba bạn bị đau chân.,Thứ ba bạn bị đau chân.,1,1.0,1.0,1.0
ban can tam nuoc_cam,Bạn cần tám nước cam.,Bạn cần tám nước cam.,1,1.0,1.0,1.0
buoi_toi ban se di nha,Buổi tối bạn sẽ đi nhà.,Buổi tối bạn sẽ đi nhà.,1,1.0,1.0,1.0
ngay ba bi dau_dau,Ngày bà bị đau đầu.,Ngày bà bị đau đầu.,1,1.0,1.0,1.0
buoi_toi bo se di nha,Buổi tối bố sẽ đi nhà.,Buổi tối bố sẽ đi nhà.,1,1.0,1.0,1.0
ba can may_tinh khong,Bà có cần máy tính không?,Bà có cần máy tính không?,1,1.0,1.0,1.0
thu_tu benh_nhan bi dau_lung,Thứ tư bệnh nhân bị đau lưng.,Thứ tư bệnh nhân bị đau lưng.,1,1.0,1.0,1.0
buoi_trua con_trai dang tam,Buổi trưa con trai đang tắm.,Buổi trưa con trai đang tắm.,1,1.0,1.0,1.0
mua_he con_trai bi chong_mat,Mùa hè con trai bị chóng mặt.,Mùa hè con trai bị chóng mặt.,1,1.0,1.0,1.0
thu_sau anh an,Thứ sáu anh ăn.,Thứ sáu anh ăn.,1,1.0,1.0,1.0
co can noi_com_dien,Cô cần nồi cơm điện.,Cô cần nồi cơm điện.,1,1.0,1.0,1.0
benh_nhan den ben_xe,Bệnh nhân đến bến xe.,Bệnh nhân đến bến xe.,1,1.0,1.0,1.0
noi_com_dien moi,Nồi cơm điện mới.,Nồi cơm điện mới.,1,1.0,1.0,1.0
ngay ban dang xem,Ngày bạn đang xem.,Ngày bạn đang xem.,1,1.0,1.0,1.0
hom_qua anh dang nau_an,Hôm qua anh đang nấu ăn.,Hôm qua anh đang nấu ăn.,1,1.0,1.0,1.0
thu_nam co_giao dang an,Thứ năm cô giáo đang ăn.,Thứ năm cô giáo đang ăn.,1,1.0,1.0,1.0
ngay benh_nhan bi dau_tay,Ngày bệnh nhân bị đau tay.,Ngày bệnh nhân bị đau tay.,1,1.0,1.0,1.0
buoi_chieu ba dang xem,Buổi chiều bà đang xem.,Buổi chiều bà đang xem.,1,1.0,1.0,1.0
ba can giay khong,Bà có cần giấy không?,Bà có cần giày không?,0,0.8000000000000002,1.0,0.9523809523809523
hom_qua ban hoc_bai,Hôm qua bạn học bài.,Hôm qua bạn học bài.,1,1.0,1.0,1.0
mua_he con_gai dang uong,Mùa hè con gái đang uống.,Mùa hè con gái đang uống.,1,1.0,1.0,1.0
chi muon nuoc_cam o truong,Chị muốn nước cam ở trường.,Chị muốn nước cam ở trường.,1,1.0,1.0,1.0
ban can giay khong,Bạn có cần giấy không?,Bạn có cần giày không?,0,0.8000000000000002,1.0,0.9545454545454546
buoi_chieu me bi dau_lung,Buổi chiều mẹ bị đau lưng.,Buổi chiều mẹ bị đau lưng.,1,1.0,1.0,1.0
chu_nhat co_giao dang di_hoc,Chủ nhật cô giáo đang đi học.,Chủ nhật cô giáo đang đi học.,1,1.0,1.0,1.0
hom_nay bo dang rua_tay,Hôm nay bố đang rửa tay.,Hôm nay bố đang rửa tay.,1,1.0,1.0,1.0
mua_he con_gai dang giat_do,Mùa hè con gái đang giặt đồ.,Mùa hè con gái đang giặt đồ.,1,1.0,1.0,1.0
thu_bay co bi dau_lung,Thứ bảy cô bị đau lưng.,Thứ bảy cô bị đau lưng.,1,1.0,1.0,1.0
thu_bay chi dang lam_bai_tap,Thứ bảy chị đang làm bài tập.,Thứ bảy chị đang làm bài tập.,1,1.0,1.0,1.0
nam con_gai bi cam_lanh,Năm con gái bị cảm lạnh.,Năm con gái bị cảm lạnh.,1,1.0,1.0,1.0
thu_sau chi noi,Thứ sáu chị nói.,Thứ sáu chị nói.,1,1.0,1.0,1.0
toi_nay em lam_viec,Tối nay em làm việc.,Tối nay em làm việc.,1,1.0,1.0,1.0
buoi_sang co_giao lam_bai_tap,Buổi sáng cô giáo làm bài tập.,Buổi sáng cô giáo làm bài tập.,1,1.0,1.0,1.0
ngay co bi cam_lanh,Ngày cô bị cảm lạnh.,Ngày cô bị cảm lạnh.,1,1.0,1.0,1.0
bo khong_thich tra,Bố không thích trà.,Bố không thích trà.,1,1.0,1.0,1.0
thu_hai chi dang lam_bai_tap,Thứ hai chị đang làm bài tập.,Thứ hai chị đang làm bài tập.,1,1.0,1.0,1.0
ba di giuong,Bà đi giường.,Bà đi giường.,1,1.0,1.0,1.0
thu_bay nguoi_khiem_thinh bi sot,Thứ bảy người khiếm thính bị sốt.,Thứ bảy người khiếm thính bị sốt.,1,1.0,1.0,1.0
thu_sau me dang mua_sam,Thứ sáu mẹ đang mua sắm.,Thứ sáu mẹ đang mua sắm.,1,1.0,1.0,1.0
ban can dia_chi khong,Bạn có cần địa chỉ không?,Bạn có cần địa chỉ không?,1,1.0,1.0,1.0
ban muon nuoc,Bạn muốn nước.,Bạn muốn nước.,1,1.0,1.0,1.0
ong di phong,Ông đi phòng.,Ông đi phòng.,1,1.0,1.0,1.0
benh_nhan muon noi_com_dien,Bệnh nhân muốn nồi cơm điện.,Bệnh nhân muốn nồi cơm điện.,1,1.0,1.0,1.0
co thich kinh,Cô thích kính.,Cô thích kính.,1,1.0,1.0,1.0
thu_tu con_trai bi dau_bung,Thứ tư con trai bị đau bụng.,Thứ tư con trai bị đau bụng.,1,1.0,1.0,1.0
nam co dang giat_do,Năm cô đang giặt đồ.,Năm cô đang giặt đồ.,1,1.0,1.0,1.0
thu_hai me bi dau,Thứ hai mẹ bị đau.,Thứ hai mẹ bị đau.,1,1.0,1.0,1.0
chi can mot_tram nuoc_cam,Chị cần một trăm nước cam.,Chị cần một trăm nước cam.,1,1.0,1.0,1.0
thu_hai ong se di van_phong,Thứ hai ông sẽ đi văn phòng.,Thứ hai ông sẽ đi văn phòng.,1,1.0,1.0,1.0
ba can sua,Bà cần sữa.,Bà cần sữa.,1,1.0,1.0,1.0
benh_nhan can giuong khong,Bệnh nhân có cần giường không?,Bệnh nhân có cần giường không?,1,1.0,1.0,1.0
buoi_trua kho_rao khong,Buổi trưa có khô ráo không?,Buổi trưa có khô ráo không?,1,1.0,1.0,1.0
thay_giao thich khau_trang,Thầy giáo thích khẩu trang.,Thầy giáo thích khẩu trang.,1,1.0,1.0,1.0
mua_dong con_trai bi buon_non,Mùa đông con trai bị buồn nôn.,Mùa đông con trai bị buồn nôn.,1,1.0,1.0,1.0
ong muon bay vo,Ông muốn bảy vở.,Ông muốn bảy vở.,1,1.0,1.0,1.0
mua_he benh_nhan dang rua_tay,Mùa hè bệnh nhân đang rửa tay.,Mùa hè bệnh nhân đang rửa tay.,1,1.0,1.0,1.0
thu_tu me dang xem,Thứ tư mẹ đang xem.,Thứ tư mẹ đang xem.,1,1.0,1.0,1.0
chi can chao khong,Chị có cần cháo không?,Chị có cần cháo không?,1,1.0,1.0,1.0
co_giao dang nghi,Cô giáo đang nghỉ.,Cô giáo đang nghỉ.,1,1.0,1.0,1.0
toi khong noi_duoc,Tôi không nói được.,Tôi không nói được.,1,1.0,1.0,1.0
hom_nay ong se di sieu_thi,Hôm nay ông sẽ đi siêu thị.,Hôm nay ông sẽ đi siêu thị.,1,1.0,1.0,1.0
anh bi met,Anh bị mệt.,Anh bị mệt.,1,1.0,1.0,1.0
goi_bac_si bao_nhieu_tien,Gọi bác sĩ bao nhiêu tiền?,Gọi bác sĩ bao nhiêu tiền?,1,1.0,1.0,1.0
thu_tu bo dang tap_the_duc,Thứ tư bố đang tập thể dục.,Thứ tư bố đang tập thể dục.,1,1.0,1.0,1.0
buoi_toi bo xem,Buổi tối bố xem.,Buổi tối bố xem.,1,1.0,1.0,1.0
ong muon com o benh_vien,Ông muốn cơm ở bệnh viện.,Ông muốn cơm ở bệnh viện.,1,1.0,1.0,1.0
con_trai can tra khong,Con trai có cần trà không?,Con trai có cần trà không?,1,1.0,1.0,1.0
anh can hai but,Anh cần hai bút.,Anh cần hai bút.,1,1.0,1.0,1.0
thu_bay chi bi di_ung,Thứ bảy chị bị dị ứng.,Thứ bảy chị bị dị ứng.,1,1.0,1.0,1.0
mua_dong ban lam_bai_tap,Mùa đông bạn làm bài tập.,Mùa đông bạn làm bài tập.,1,1.0,1.0,1.0
thu_sau anh bi ho,Thứ sáu anh bị ho.,Thứ sáu anh bị ho.,1,1.0,1.0,1.0
toi_nay am_uot,Tối nay ẩm ướt.,Tối nay ẩm ướt.,1,1.0,1.0,1.0
buoi_trua chung_toi dang giat_do,Buổi trưa chúng tôi đang giặt đồ.,Buổi trưa chúng tôi đang giặt đồ.,1,1.0,1.0,1.0
ba di san_bay,Bà đi sân bay.,Bà đi sân bay.,1,1.0,1.0,1.0
ngay_mai bao,Ngày mai bão.,Ngày mai bão.,1,1.0,1.0,1.0
anh can mot_tram chao,Anh cần một trăm cháo.,Anh cần một trăm cháo.,1,1.0,1.0,1.0
bo thich dien_thoai,Bố thích điện thoại.,Bố thích điện thoại.,1,1.0,1.0,1.0
toi_nay ong bi chong_mat,Tối nay ông bị chóng mặt.,Tối nay ông bị chóng mặt.,1,1.0,1.0,1.0
bo muon mua nuoc,Bố muốn mua nước.,Bố muốn mua nước.,1,1.0,1.0,1.0
toi can tam pho,Tôi cần tám phở.,Tôi cần tám phở.,1,1.0,1.0,1.0
bay_gio ong se di cho,Bây giờ ông sẽ đi chợ.,Bây giờ ông sẽ đi chợ.,1,1.0,1.0,1.0
thu_bay ban dang ngu,Thứ bảy bạn đang ngủ.,Thứ bảy bạn đang ngủ.,1,1.0,1.0,1.0
ngay chung_toi dang doc_sach,Ngày chúng tôi đang đọc sách.,Ngày chúng tôi đang đọc sách.,1,1.0,1.0,1.0
bac_si can dia_chi,Bác sĩ cần địa chỉ.,Bác sĩ cần địa chỉ.,1,1.0,1.0,1.0
em muon ba_muoi ban_phim,Em muốn ba mươi bàn phím.,Em muốn ba mươi bàn phím.,1,1.0,1.0,1.0
toi can ba_lo,Tôi cần ba lô.,Tôi cần ba lô.,1,1.0,1.0,1.0
thu_tu con_gai bi kho_tho,Thứ tư con gái bị khó thở.,Thứ tư con gái bị khó thở.,1,1.0,1.0,1.0
bay_gio ong se di sieu_thi,Bây giờ ông sẽ đi siêu thị.,Bây giờ ông sẽ đi siêu thị.,1,1.0,1.0,1.0
hom_qua chung_toi bi kho_tho,Hôm qua chúng tôi bị khó thở.,Hôm qua chúng tôi bị khó thở.,1,1.0,1.0,1.0
bay_gio ba bi buon_non,Bây giờ bà bị buồn nôn.,Bây giờ bà bị buồn nôn.,1,1.0,1.0,1.0
ngay co_giao bi buon_non,Ngày cô giáo bị buồn nôn.,Ngày cô giáo bị buồn nôn.,1,1.0,1.0,1.0
hom_nay benh_nhan bi dau_tay,Hôm nay bệnh nhân bị đau tay.,Hôm nay bệnh nhân bị đau tay.,1,1.0,1.0,1.0
thu_bay ba dang ngu,Thứ bảy bà đang ngủ.,Thứ bảy bà đang ngủ.,1,1.0,1.0,1.0
nam co dang hoc_bai,Năm cô đang học bài.,Năm cô đang học bài.,1,1.0,1.0,1.0
hom_nay ban dang choi,Hôm nay bạn đang chơi.,Hôm nay bạn đang chơi.,1,1.0,1.0,1.0
ba thich rau,Bà thích rau.,Bà thích rau.,1,1.0,1.0,1.0
anh bi dau_bung nen can com,Anh bị đau bụng nên cần cơm.,Anh bị đau bụng nên cần cơm.,1,1.0,1.0,1.0
ngay con_gai bi chay_mau,Ngày con gái bị chảy máu.,Ngày con gái bị chảy máu.,1,1.0,1.0,1.0
buoi_sang thay_giao bi sot,Buổi sáng thầy giáo bị sốt.,Buổi sáng thầy giáo bị sốt.,1,1.0,1.0,1.0
thu_hai me dang lam_bai_tap,Thứ hai mẹ đang làm bài tập.,Thứ hai mẹ đang làm bài tập.,1,1.0,1.0,1.0
anh muon bun o nha,Anh muốn bún ở nhà.,Anh muốn bún ở nhà.,1,1.0,1.0,1.0
hom_nay ba doc_sach,Hôm nay bà đọc sách.,Hôm nay bà đọc sách.,1,1.0,1.0,1.0
bo can bao_nhieu cua,Bố cần bao nhiêu cửa?,Bố cần bao nhiêu cửa?,1,1.0,1.0,1.0
nguoi_khiem_thinh muon goi_y_ta,Người khiếm thính muốn gọi y tá.,Người khiếm thính muốn gọi y tá.,1,1.0,1.0,1.0
co_giao muon di nha_ga,Cô giáo muốn đi nhà ga.,Cô giáo muốn đi nhà ga.,1,1.0,1.0,1.0
thu_sau me bi met,Thứ sáu mẹ bị mệt.,Thứ sáu mẹ bị mệt.,1,1.0,1.0,1.0
ngay_mai ong dang doc_sach,Ngày mai ông đang đọc sách.,Ngày mai ông đang đọc sách.,1,1.0,1.0,1.0
ngay_mai chi bi dau_lung,Ngày mai chị bị đau lưng.,Ngày mai chị bị đau lưng.,1,1.0,1.0,1.0
thu_tu ban dang doc_sach,Thứ tư bạn đang đọc sách.,Thứ tư bạn đang đọc sách.,1,1.0,1.0,1.0
hom_qua anh an,Hôm qua anh ăn.,Hôm qua anh ăn.,1,1.0,1.0,1.0
buoi_chieu me bi ho,Buổi chiều mẹ bị ho.,Buổi chiều mẹ bị ho.,1,1.0,1.0,1.0
toi_nay nguoi_khiem_thinh dang choi,Tối nay người khiếm thính đang chơi.,Tối nay người khiếm thính đang chơi.,1,1.0,1.0,1.0
buoi_trua con_trai dang lam_viec,Buổi trưa con trai đang làm việc.,Buổi trưa con trai đang làm việc.,1,1.0,1.0,1.0
buoi_chieu me xem,Buổi chiều mẹ xem.,Buổi chiều mẹ xem.,1,1.0,1.0,1.0
lam_on dua giuong giup toi,Làm ơn đưa giường giúp tôi.,Làm ơn đưa giường giúp tôi.,1,1.0,1.0,1.0
bo muon bun o cho,Bố muốn bún ở chợ.,Bố muốn bún ở chợ.,1,1.0,1.0,1.0
ong thich thuc_an,Ông thích thức ăn.,Ông thích thức ăn.,1,1.0,1.0,1.0
co muon ban_do,Cô muốn bản đồ.,Cô muốn bản đồ.,1,1.0,1.0,1.0
con_gai o duong,Con gái ở đường.,Con gái ở đường.,1,1.0,1.0,1.0
thu_bay thay_giao dang uong,Thứ bảy thầy giáo đang uống.,Thứ bảy thầy giáo đang uống.,1,1.0,1.0,1.0
buoi_toi co_giao xem,Buổi tối cô giáo xem.,Buổi tối cô giáo xem.,1,1.0,1.0,1.0
em can bay nuoc_cam,Em cần bảy nước cam.,Em cần bảy nước cam.,1,1.0,1.0,1.0
em bi kho_tho,Em bị khó thở.,Em bị khó thở.,1,1.0,1.0,1.0
co_giao can sua,Cô giáo cần sữa.,Cô giáo cần sữa.,1,1.0,1.0,1.0
mua_dong benh_nhan dang di_cho,Mùa đông bệnh nhân đang đi chợ.,Mùa đông bệnh nhân đang đi chợ.,1,1.0,1.0,1.0
chi muon chao o cho,Chị muốn cháo ở chợ.,Chị muốn cháo ở chợ.,1,1.0,1.0,1.0
ngay me bi chong_mat,Ngày mẹ bị chóng mặt.,Ngày mẹ bị chóng mặt.,1,1.0,1.0,1.0
buoi_sang con_trai bi bi_thuong,Buổi sáng con trai bị bị thương.,Buổi sáng con trai bị bị thương.,1,1.0,1.0,1.0
toi can mot_tram banh_mi,Tôi cần một trăm bánh mì.,Tôi cần một trăm bánh mì.,1,1.0,1.0,1.0
mua_he ong lam_viec,Mùa hè ông làm việc.,Mùa hè ông làm việc.,1,1.0,1.0,1.0
hom_nay ong bi kho_tho,Hôm nay ông bị khó thở.,Hôm nay ông bị khó thở.,1,1.0,1.0,1.0
ong can ba_muoi tivi,Ông cần ba mươi ti vi.,Ông cần ba mươi ti vi.,1,1.0,1.0,1.0
thang anh dang viet,Tháng anh đang viết.,Tháng anh đang viết.,1,1.0,1.0,1.0
thu_hai anh dang di_cho,Thứ hai anh đang đi chợ.,Thứ hai anh đang đi chợ.,1,1.0,1.0,1.0
ngay chi bi dau_dau,Ngày chị bị đau đầu.,Ngày chị bị đau đầu.,1,1.0,1.0,1.0
buoi_sang toi dang nghi,Buổi sáng tôi đang nghỉ.,Buổi sáng tôi đang nghỉ.,1,1.0,1.0,1.0
ngay_mai con_trai dang hoc_bai,Ngày mai con trai đang học bài.,Ngày mai con trai đang học bài.,1,1.0,1.0,1.0
anh can ca khong,Anh có cần cá không?,Anh có cần cá không?,1,1.0,1.0,1.0
may_tinh nhe,Máy tính nhẹ.,Máy tính nhẹ.,1,1.0,1.0,1.0
mua_dong co dang di_hoc,Mùa đông cô đang đi học.,Mùa đông cô đang đi học.,1,1.0,1.0,1.0
bo muon ba_muoi tivi,Bố muốn ba mươi ti vi.,Bố muốn ba mươi ti vi.,1,1.0,1.0,1.0
chi muon thit o truong,Chị muốn thịt ở trường.,Chị muốn thịt ở trường.,1,1.0,1.0,1.0
chu_nhat nguoi_khiem_thinh dang nghe,Chủ nhật người khiếm thính đang nghe.,Chủ nhật người khiếm thính đang nghe.,1,1.0,1.0,1.0
buoi_trua me se di cong_ty,Buổi trưa mẹ sẽ đi công ty.,Buổi trưa mẹ sẽ đi công ty.,1,1.0,1.0,1.0
buoi_chieu chi dang hoc_bai,Buổi chiều chị đang học bài.,Buổi chiều chị đang học bài.,1,1.0,1.0,1.0
me can dia_chi,Mẹ cần địa chỉ.,Mẹ cần địa chỉ.,1,1.0,1.0,1.0
ong thich ao,Ông thích áo.,Ông thích áo.,1,1.0,1.0,1.0
mua_he co_giao dang ngu,Mùa hè cô giáo đang ngủ.,Mùa hè cô giáo đang ngủ.,1,1.0,1.0,1.0
hom_qua chi dang ngu,Hôm qua chị đang ngủ.,Hôm qua chị đang ngủ.,1,1.0,1.0,1.0
toi_nay anh dang tap_the_duc,Tối nay anh đang tập thể dục.,Tối nay anh đang tập thể dục.,1,1.0,1.0,1.0
hom_nay me dang giat_do,Hôm nay mẹ đang giặt đồ.,Hôm nay mẹ đang giặt đồ.,1,1.0,1.0,1.0
mua_dong chi nghe,Mùa đông chị nghe.,Mùa đông chị nghe.,1,1.0,1.0,1.0
toi_nay co hoc_bai,Tối nay cô học bài.,Tối nay cô học bài.,1,1.0,1.0,1.0
bay_gio con_gai dang di_hoc,Bây giờ con gái đang đi học.,Bây giờ con gái đang đi học.,1,1.0,1.0,1.0
buoi_toi toi xem,Buổi tối tôi xem.,Buổi tối tôi xem.,1,1.0,1.0,1.0
ong tim kinh_lup,Ông tìm kính lúp.,Ông tìm kính lúp.,1,1.0,1.0,1.0
con_gai can ao khong,Con gái có cần áo không?,Con gái có cần áo không?,1,1.0,1.0,1.0
hom_qua co bi chong_mat,Hôm qua cô bị chóng mặt.,Hôm qua cô bị chóng mặt.,1,1.0,1.0,1.0
thu_ba toi dang chay,Thứ ba tôi đang chạy.,Thứ ba tôi đang chạy.,1,1.0,1.0,1.0
giuong cham,Giường chậm.,Giường chậm.,1,1.0,1.0,1.0
anh can thuoc khong,Anh có cần thuốc không?,Anh có cần thuốc không?,1,1.0,1.0,1.0
toi_nay nguoi_khiem_thinh dang rua_tay,Tối nay người khiếm thính đang rửa tay.,Tối nay người khiếm thính đang rửa tay.,1,1.0,1.0,1.0
hom_qua thay_giao dang rua_tay,Hôm qua thầy giáo đang rửa tay.,Hôm qua thầy giáo đang rửa tay.,1,1.0,1.0,1.0
quan mau_den,Quần màu đen.,Quần màu đen.,1,1.0,1.0,1.0
buoi_toi bo an,Buổi tối bố ăn.,Buổi tối bố ăn.,1,1.0,1.0,1.0
anh can ba_muoi sua,Anh cần ba mươi sữa.,Anh cần ba mươi sữa.,1,1.0,1.0,1.0
buoi_sang chi dang di_hoc,Buổi sáng chị đang đi học.,Buổi sáng chị đang đi học.,1,1.0,1.0,1.0
thu_tu bo bi kho_tho,Thứ tư bố bị khó thở.,Thứ tư bố bị khó thở.,1,1.0,1.0,1.0
ban muon nam tivi,Bạn muốn năm ti vi.,Bạn muốn năm ti vi.,1,1.0,1.0,1.0
thu_tu anh bi kho_tho,Thứ tư anh bị khó thở.,Thứ tư anh bị khó thở.,1,1.0,1.0,1.0
thu_tu chi dang lam_bai_tap,Thứ tư chị đang làm bài tập.,Thứ tư chị đang làm bài tập.,1,1.0,1.0,1.0
hom_nay ong bi dau_lung,Hôm nay ông bị đau lưng.,Hôm nay ông bị đau lưng.,1,1.0,1.0,1.0
em can chin banh_mi,Em cần chín bánh mì.,Em cần chín bánh mì.,1,1.0,1.0,1.0
bay_gio ban bi kho_tho,Bây giờ bạn bị khó thở.,Bây giờ bạn bị khó thở.,1,1.0,1.0,1.0
buoi_trua co_giao viet,Buổi trưa cô giáo viết.,Buổi trưa cô giáo viết.,1,1.0,1.0,1.0
me di nha_ve_sinh,Mẹ đi nhà vệ sinh.,Mẹ đi nhà vệ sinh.,1,1.0,1.0,1.0
thu_ba ban bi dau,Thứ ba bạn bị đau.,Thứ ba bạn bị đau.,1,1.0,1.0,1.0
buoi_chieu bo doc_sach,Buổi chiều bố đọc sách.,Buổi chiều bố đọc sách.,1,1.0,1.0,1.0
buoi_sang ban bi ho,Buổi sáng bạn bị ho.,Buổi sáng bạn bị ho.,1,1.0,1.0,1.0
chi can ba_muoi pho,Chị cần ba mươi phở.,Chị cần ba mươi phở.,1,1.0,1.0,1.0
thu_tu chung_toi dang nghe,Thứ tư chúng tôi đang nghe.,Thứ tư chúng tôi đang nghe.,1,1.0,1.0,1.0
thang ban bi buon_non,Tháng bạn bị buồn nôn.,Tháng bạn bị buồn nôn.,1,1.0,1.0,1.0
buoi_toi toi bi dau,Buổi tối tôi bị đau.,Buổi tối tôi bị đau.,1,1.0,1.0,1.0
co can nguoi_phien_dich khong,Cô có cần người phiên dịch không?,Cô có cần người phiên dịch không?,1,1.0,1.0,1.0
toi_nay chi dang nau_an,Tối nay chị đang nấu ăn.,Tối nay chị đang nấu ăn.,1,1.0,1.0,1.0
thu_sau ban nghi,Thứ sáu bạn nghỉ.,Thứ sáu bạn nghỉ.,1,1.0,1.0,1.0
chu_nhat nguoi_khiem_thinh dang lam_bai_tap,Chủ nhật người khiếm thính đang làm bài tập.,Chủ nhật người khiếm thính đang làm bài tập.,1,1.0,1.0,1.0
anh muon hai ban_phim,Anh muốn hai bàn phím.,Anh muốn hai bàn phím.,1,1.0,1.0,1.0
ngay_mai benh_nhan bi dau_chan,Ngày mai bệnh nhân bị đau chân.,Ngày mai bệnh nhân bị đau chân.,1,1.0,1.0,1.0
thu_ba em bi dau_lung,Thứ ba em bị đau lưng.,Thứ ba em bị đau lưng.,1,1.0,1.0,1.0
anh can rau khong,Anh có cần rau không?,Anh có cần rau không?,1,1.0,1.0,1.0
hom_nay ong noi,Hôm nay ông nói.,Hôm nay ông nói.,1,1.0,1.0,1.0
mua_he em bi buon_non,Mùa hè em bị buồn nôn.,Mùa hè em bị buồn nôn.,1,1.0,1.0,1.0
ong muon chin may_tinh,Ông muốn chín máy tính.,Ông muốn chín máy tính.,1,1.0,1.0,1.0
chu_nhat co dang rua_tay,Chủ nhật cô đang rửa tay.,Chủ nhật cô đang rửa tay.,1,1.0,1.0,1.0
hom_qua toi bi sot,Hôm qua tôi bị sốt.,Hôm qua tôi bị sốt.,1,1.0,1.0,1.0
buoi_toi co_giao bi sot,Buổi tối cô giáo bị sốt.,Buổi tối cô giáo bị sốt.,1,1.0,1.0,1.0
thu_bay co dang uong,Thứ bảy cô đang uống.,Thứ bảy cô đang uống.,1,1.0,1.0,1.0
me can o khong,Mẹ có cần ô không?,Mẹ có cần ô không?,1,1.0,1.0,1.0
chung_toi muon di_nha_ve_sinh,Chúng tôi muốn đi nhà vệ sinh.,Chúng tôi muốn đi nhà vệ sinh.,1,1.0,1.0,1.0
nguoi_khiem_thinh can nghi_ngoi,Người khiếm thính cần nghỉ ngơi.,Người khiếm thính cần nghỉ ngơi.,1,1.0,1.0,1.0
chung_toi den benh_vien,Chúng tôi đến bệnh viện.,Chúng tôi đến bệnh viện.,1,1.0,1.0,1.0
co_giao can bun khong,Cô giáo có cần bún không?,Cô giáo có cần bún không?,1,1.0,1.0,1.0
hom_nay con_trai bi dau,Hôm nay con trai bị đau.,Hôm nay con trai bị đau.,1,1.0,1.0,1.0
ba can giuong khong,Bà có cần giường không?,Bà có cần giường không?,1,1.0,1.0,1.0
anh can ban_phim khong,Anh có cần bàn phím không?,Anh có cần bàn phím không?,1,1.0,1.0,1.0
thu_bay ba dang chay,Thứ bảy bà đang chạy.,Thứ bảy bà đang chạy.,1,1.0,1.0,1.0
nguoi_khiem_thinh di nha,Người khiếm thính đi nhà.,Người khiếm thính đi nhà.,1,1.0,1.0,1.0
co_giao muon di san_bay,Cô giáo muốn đi sân bay.,Cô giáo muốn đi sân bay.,1,1.0,1.0,1.0
ngay ban dang nghe,Ngày bạn đang nghe.,Ngày bạn đang nghe.,1,1.0,1.0,1.0
thu_bay con_gai dang di_hoc,Thứ bảy con gái đang đi học.,Thứ bảy con gái đang đi học.,1,1.0,1.0,1.0
bay_gio con_gai bi dau_bung,Bây giờ con gái bị đau bụng.,Bây giờ con gái bị đau bụng.,1,1.0,1.0,1.0
toi_nay con_trai dang chay,Tối nay con trai đang chạy.,Tối nay con trai đang chạy.,1,1.0,1.0,1.0
nam benh_nhan bi dau_hong,Năm bệnh nhân bị đau họng.,Năm bệnh nhân bị đau họng.,1,1.0,1.0,1.0
me can ca_phe,Mẹ cần cà phê.,Mẹ cần cà phê.,1,1.0,1.0,1.0
thu_ba toi bi bi_thuong,Thứ ba tôi bị bị thương.,Thứ ba tôi bị bị thương.,1,1.0,1.0,1.0
thang thay_giao dang di_cho,Tháng thầy giáo đang đi chợ.,Tháng thầy giáo đang đi chợ.,1,1.0,1.0,1.0
thu_bay anh bi chong_mat,Thứ bảy anh bị chóng mặt.,Thứ bảy anh bị chóng mặt.,1,1.0,1.0,1.0
thang bo bi cam_lanh,Tháng bố bị cảm lạnh.,Tháng bố bị cảm lạnh.,1,1.0,1.0,1.0
buoi_chieu co_giao dang di_bo,Buổi chiều cô giáo đang đi bộ.,Buổi chiều cô giáo đang đi bộ.,1,1.0,1.0,1.0
ngay_mai ong se di cho,Ngày mai ông sẽ đi chợ.,Ngày mai ông sẽ đi chợ.,1,1.0,1.0,1.0
gia_dinh can di_benh_vien,Gia đình cần đi bệnh viện.,Gia đình cần đi bệnh viện.,1,1.0,1.0,1.0
co_giao den nha,Cô giáo đến nhà.,Cô giáo đến nhà.,1,1.0,1.0,1.0
ngay_mai chi dang di_cho,Ngày mai chị đang đi chợ.,Ngày mai chị đang đi chợ.,1,1.0,1.0,1.0
em muon pho o lop_hoc,Em muốn phở ở lớp học.,Em muốn phở ở lớp học.,1,1.0,1.0,1.0
buoi_sang toi dang nghe,Buổi sáng tôi đang nghe.,Buổi sáng tôi đang nghe.,1,1.0,1.0,1.0
em dang ngu,Em đang ngủ.,Em đang ngủ.,1,1.0,1.0,1.0
me muon tam may_tinh,Mẹ muốn tám máy tính.,Mẹ muốn tám máy tính.,1,1.0,1.0,1.0
buoi_chieu bo dang rua_tay,Buổi chiều bố đang rửa tay.,Buổi chiều bố đang rửa tay.,1,1.0,1.0,1.0
me muon ca,Mẹ muốn cá.,Mẹ muốn cá.,1,1.0,1.0,1.0
bay_gio co hoc_bai,Bây giờ cô học bài.,Bây giờ cô học bài.,1,1.0,1.0,1.0
thu_sau co_giao bi chong_mat,Thứ sáu cô giáo bị chóng mặt.,Thứ sáu cô giáo bị chóng mặt.,1,1.0,1.0,1.0
thu_nam anh dang rua_tay,Thứ năm anh đang rửa tay.,Thứ năm anh đang rửa tay.,1,1.0,1.0,1.0
chu_nhat anh dang lam_bai_tap,Chủ nhật anh đang làm bài tập.,Chủ nhật anh đang làm bài tập.,1,1.0,1.0,1.0
thu_hai co_giao bi dau_tay,Thứ hai cô giáo bị đau tay.,Thứ hai cô giáo bị đau tay.,1,1.0,1.0,1.0
hom_qua me doc_sach,Hôm qua mẹ đọc sách.,Hôm qua mẹ đọc sách.,1,1.0,1.0,1.0
buoi_trua me bi bi_thuong,Buổi trưa mẹ bị bị thương.,Buổi trưa mẹ bị bị thương.,1,1.0,1.0,1.0
toi_nay me dang hoc_bai,Tối nay mẹ đang học bài.,Tối nay mẹ đang học bài.,1,1.0,1.0,1.0
hom_nay bo bi dau_tay,Hôm nay bố bị đau tay.,Hôm nay bố bị đau tay.,1,1.0,1.0,1.0
mua_he chi an,Mùa hè chị ăn.,Mùa hè chị ăn.,1,1.0,1.0,1.0
buoi_toi co_giao bi kho_tho,Buổi tối cô giáo bị khó thở.,Buổi tối cô giáo bị khó thở.,1,1.0,1.0,1.0
thu_tu toi bi dau_chan,Thứ tư tôi bị đau chân.,Thứ tư tôi bị đau chân.,1,1.0,1.0,1.0
hom_qua me dang hoc_bai,Hôm qua mẹ đang học bài.,Hôm qua mẹ đang học bài.,1,1.0,1.0,1.0
con_gai thich ban,Con gái thích bàn.,Con gái thích bàn.,1,1.0,1.0,1.0
sach lanh,Sách lạnh.,Sách lạnh.,1,1.0,1.0,1.0
me can nam dien_thoai,Mẹ cần năm điện thoại.,Mẹ cần năm điện thoại.,1,1.0,1.0,1.0
ong muon chin nuoc,Ông muốn chín nước.,Ông muốn chín nước.,1,1.0,1.0,1.0
chung_toi can sac_pin khong,Chúng tôi có cần sạc pin không?,Chúng tôi có cần sạc pin không?,1,1.0,1.0,1.0
ban muon di taxi,Bạn muốn đi taxi.,Bạn muốn đi taxi.,1,1.0,1.0,1.0
benh_nhan can xe_cuu_thuong,Bệnh nhân cần xe cứu thương.,Bệnh nhân cần xe cứu thương.,1,1.0,1.0,1.0
toi can ca_phe,Tôi cần cà phê.,Tôi cần cà phê.,1,1.0,1.0,1.0
noi_com_dien nong,Nồi cơm điện nóng.,Nồi cơm điện nóng.,1,1.0,1.0,1.0
ong muon bay ban_phim,Ông muốn bảy bàn phím.,Ông muốn bảy bàn phím.,1,1.0,1.0,1.0
thay_giao muon ao_khoac,Thầy giáo muốn áo khoác.,Thầy giáo muốn áo khoác.,1,1.0,1.0,1.0
thay_giao can dia_chi,Thầy giáo cần địa chỉ.,Thầy giáo cần địa chỉ.,1,1.0,1.0,1.0
ngay nguoi_khiem_thinh bi dau_tay,Ngày người khiếm thính bị đau tay.,Ngày người khiếm thính bị đau tay.,1,1.0,1.0,1.0
me can giup_do,Mẹ cần giúp đỡ.,Mẹ cần giúp đỡ.,1,1.0,1.0,1.0
thu_hai ong dang doc_sach,Thứ hai ông đang đọc sách.,Thứ hai ông đang đọc sách.,1,1.0,1.0,1.0
ong can bao_nhieu giuong,Ông cần bao nhiêu giường?,Ông cần bao nhiêu giường?,1,1.0,1.0,1.0
chi dang di_hoc,Chị đang đi học.,Chị đang đi học.,1,1.0,1.0,1.0
ong muon ba_muoi ban_phim,Ông muốn ba mươi bàn phím.,Ông muốn ba mươi bàn phím.,1,1.0,1.0,1.0
ba bi met nen can goi_bac_si,Bà bị mệt nên cần gọi bác sĩ.,Bà bị mệt nên cần gọi bác sĩ.,1,1.0,1.0,1.0
buoi_trua ba dang ngu,Buổi trưa bà đang ngủ.,Buổi trưa bà đang ngủ.,1,1.0,1.0,1.0
con_trai thich goi_y_ta,Con trai thích gọi y tá.,Con trai thích gọi y tá.,1,1.0,1.0,1.0
chi can nam tivi,Chị cần năm ti vi.,Chị cần năm ti vi.,1,1.0,1.0,1.0
nam co bi dau_lung,Năm cô bị đau lưng.,Năm cô bị đau lưng.,1,1.0,1.0,1.0
nguoi_khiem_thinh di van_phong,Người khiếm thính đi văn phòng.,Người khiếm thính đi văn phòng.,1,1.0,1.0,1.0
em muon com o lop_hoc,Em muốn cơm ở lớp học.,Em muốn cơm ở lớp học.,1,1.0,1.0,1.0
buoi_chieu co bi bi_thuong,Buổi chiều cô bị bị thương.,Buổi chiều cô bị bị thương.,1,1.0,1.0,1.0
buoi_trua bo dang ngu,Buổi trưa bố đang ngủ.,Buổi trưa bố đang ngủ.,1,1.0,1.0,1.0
hom_qua anh dang giat_do,Hôm qua anh đang giặt đồ.,Hôm qua anh đang giặt đồ.,1,1.0,1.0,1.0
y_ta can xe_cuu_thuong,Y tá cần xe cứu thương.,Y tá cần xe cứu thương.,1,1.0,1.0,1.0
bo can ba nuoc_cam,Bố cần ba nước cam.,Bố cần ba nước cam.,1,1.0,1.0,1.0
ba o truong,Bà ở trường.,Bà ở trường.,1,1.0,1.0,1.0
hom_nay em dang tam,Hôm nay em đang tắm.,Hôm nay em đang tắm.,1,1.0,1.0,1.0
anh can hai vo,Anh cần hai vở.,Anh cần hai vở.,1,1.0,1.0,1.0
em bi bi_thuong can goi_bac_si,"Em bị bị thương, cần gọi bác sĩ.","Em bị bị thương, cần gọi bác sĩ.",1,1.0,1.0,1.0
em muon ca_phe o nha_thuoc,Em muốn cà phê ở nhà thuốc.,Em muốn cà phê ở nhà thuốc.,1,1.0,1.0,1.0
buoi_toi em bi cam_lanh,Buổi tối em bị cảm lạnh.,Buổi tối em bị cảm lạnh.,1,1.0,1.0,1.0
hom_nay thay_giao noi,Hôm nay thầy giáo nói.,Hôm nay thầy giáo nói.,1,1.0,1.0,1.0
ong can muoi vo,Ông cần mười vở.,Ông cần mười vở.,1,1.0,1.0,1.0
me muon tra o cho,Mẹ muốn trà ở chợ.,Mẹ muốn trà ở chợ.,1,1.0,1.0,1.0
nguoi_khiem_thinh can goi_y_ta khong,Người khiếm thính có cần gọi y tá không?,Người khiếm thính có cần gọi y tá không?,1,1.0,1.0,1.0
bay_gio anh dang di_bo,Bây giờ anh đang đi bộ.,Bây giờ anh đang đi bộ.,1,1.0,1.0,1.0
ngay me dang doc_sach,Ngày mẹ đang đọc sách.,Ngày mẹ đang đọc sách.,1,1.0,1.0,1.0
buoi_sang ong bi dau_lung,Buổi sáng ông bị đau lưng.,Buổi sáng ông bị đau lưng.,1,1.0,1.0,1.0
chi mat ghe,Chị mất ghế.,Chị mất ghế.,1,1.0,1.0,1.0
buoi_toi con_gai dang xem,Buổi tối con gái đang xem.,Buổi tối con gái đang xem.,1,1.0,1.0,1.0
chi can hai pho,Chị cần hai phở.,Chị cần hai phở.,1,1.0,1.0,1.0
chu_nhat me bi buon_non,Chủ nhật mẹ bị buồn nôn.,Chủ nhật mẹ bị buồn nôn.,1,1.0,1.0,1.0
thu_bay ba di_hoc,Thứ bảy bà đi học.,Thứ bảy bà đi học.,1,1.0,1.0,1.0
hom_qua chi dang choi,Hôm qua chị đang chơi.,Hôm qua chị đang chơi.,1,1.0,1.0,1.0
con_gai can tra khong,Con gái có cần trà không?,Con gái có cần trà không?,1,1.0,1.0,1.0
buoi_toi bo dang tam,Buổi tối bố đang tắm.,Buổi tối bố đang tắm.,1,1.0,1.0,1.0
mua_he co bi dau_chan,Mùa hè cô bị đau chân.,Mùa hè cô bị đau chân.,1,1.0,1.0,1.0
bo di nha_ve_sinh,Bố đi nhà vệ sinh.,Bố đi nhà vệ sinh.,1,1.0,1.0,1.0
buoi_trua toi dang di_hoc,Buổi trưa tôi đang đi học.,Buổi trưa tôi đang đi học.,1,1.0,1.0,1.0
anh bi dau_hong nen can goi_bac_si,Anh bị đau họng nên cần gọi bác sĩ.,Anh bị đau họng nên cần gọi bác sĩ.,1,1.0,1.0,1.0
toi_nay em se di cong_ty,Tối nay em sẽ đi công ty.,Tối nay em sẽ đi công ty.,1,1.0,1.0,1.0
chi muon chao o benh_vien,Chị muốn cháo ở bệnh viện.,Chị muốn cháo ở bệnh viện.,1,1.0,1.0,1.0
mua_dong anh nghi,Mùa đông anh nghỉ.,Mùa đông anh nghỉ.,1,1.0,1.0,1.0
thu_ba bo dang viet,Thứ ba bố đang viết.,Thứ ba bố đang viết.,1,1.0,1.0,1.0
buoi_toi ban noi,Buổi tối bạn nói.,Buổi tối bạn nói.,1,1.0,1.0,1.0
em muon hai_muoi banh_mi,Em muốn hai mươi bánh mì.,Em muốn hai mươi bánh mì.,1,1.0,1.0,1.0
buoi_trua chi dang lam_bai_tap,Buổi trưa chị đang làm bài tập.,Buổi trưa chị đang làm bài tập.,1,1.0,1.0,1.0
chu_nhat chi dang mua_sam,Chủ nhật chị đang mua sắm.,Chủ nhật chị đang mua sắm.,1,1.0,1.0,1.0
thang con_gai bi dau_tay,Tháng con gái bị đau tay.,Tháng con gái bị đau tay.,1,1.0,1.0,1.0
chi can mot_tram den,Chị cần một trăm đèn.,Chị cần một trăm đèn.,1,1.0,1.0,1.0
bo can bon ban_phim,Bố cần bốn bàn phím.,Bố cần bốn bàn phím.,1,1.0,1.0,1.0
ban co chao khong,Bạn có cháo không?,Bạn có cháo không?,1,1.0,1.0,1.0
thu_hai ban bi dau_hong,Thứ hai bạn bị đau họng.,Thứ hai bạn bị đau họng.,1,1.0,1.0,1.0
hom_qua co_giao hoc_bai,Hôm qua cô giáo học bài.,Hôm qua cô giáo học bài.,1,1.0,1.0,1.0
mua_dong benh_nhan dang noi,Mùa đông bệnh nhân đang nói.,Mùa đông bệnh nhân đang nói.,1,1.0,1.0,1.0
thu_tu bo bi dau_lung,Thứ tư bố bị đau lưng.,Thứ tư bố bị đau lưng.,1,1.0,1.0,1.0
thu_nam anh dang lam_viec,Thứ năm anh đang làm việc.,Thứ năm anh đang làm việc.,1,1.0,1.0,1.0
toi_nay co_giao bi ho,Tối nay cô giáo bị ho.,Tối nay cô giáo bị ho.,1,1.0,1.0,1.0
em se an,Em sẽ ăn.,Em sẽ ăn.,1,1.0,1.0,1.0
toi muon thit o benh_vien,Tôi muốn thịt ở bệnh viện.,Tôi muốn thịt ở bệnh viện.,1,1.0,1.0,1.0
buoi_trua anh bi dau_dau,Buổi trưa anh bị đau đầu.,Buổi trưa anh bị đau đầu.,1,1.0,1.0,1.0
buoi_toi toi bi sot,Buổi tối tôi bị sốt.,Buổi tối tôi bị sốt.,1,1.0,1.0,1.0
toi_nay nguoi_khiem_thinh bi dau_lung,Tối nay người khiếm thính bị đau lưng.,Tối nay người khiếm thính bị đau lưng.,1,1.0,1.0,1.0
ong bi dau_chan nen can nuoc,Ông bị đau chân nên cần nước.,Ông bị đau chân nên cần nước.,1,1.0,1.0,1.0
toi bi kho_tho nen can thuoc,Tôi bị khó thở nên cần thuốc.,Tôi bị khó thở nên cần thuốc.,1,1.0,1.0,1.0
ngay co bi chay_mau,Ngày cô bị chảy máu.,Ngày cô bị chảy máu.,1,1.0,1.0,1.0
ba dang nau_an,Bà đang nấu ăn.,Bà đang nấu ăn.,1,1.0,1.0,1.0
thang co dang hoc_bai,Tháng cô đang học bài.,Tháng cô đang học bài.,1,1.0,1.0,1.0
toi muon chin nuoc,Tôi muốn chín nước.,Tôi muốn chín nước.,1,1.0,1.0,1.0
thu_bay con_gai bi dau,Thứ bảy con gái bị đau.,Thứ bảy con gái bị đau.,1,1.0,1.0,1.0
hom_qua thay_giao bi met,Hôm qua thầy giáo bị mệt.,Hôm qua thầy giáo bị mệt.,1,1.0,1.0,1.0
buoi_toi chung_toi bi sot,Buổi tối chúng tôi bị sốt.,Buổi tối chúng tôi bị sốt.,1,1.0,1.0,1.0
buoi_toi thay_giao bi dau_tay,Buổi tối thầy giáo bị đau tay.,Buổi tối thầy giáo bị đau tay.,1,1.0,1.0,1.0
nguoi_khiem_thinh muon den,Người khiếm thính muốn đèn.,Người khiếm thính muốn đèn.,1,1.0,1.0,1.0
noi_com_dien mau_hong,Nồi cơm điện màu hồng.,Nồi cơm điện màu hồng.,1,1.0,1.0,1.0
chi muon thit o lop_hoc,Chị muốn thịt ở lớp học.,Chị muốn thịt ở lớp học.,1,1.0,1.0,1.0
thu_tu ba dang tap_the_duc,Thứ tư bà đang tập thể dục.,Thứ tư bà đang tập thể dục.,1,1.0,1.0,1.0
buoi_toi thay_giao viet,Buổi tối thầy giáo viết.,Buổi tối thầy giáo viết.,1,1.0,1.0,1.0
chu_nhat co doc_sach,Chủ nhật cô đọc sách.,Chủ nhật cô đọc sách.,1,1.0,1.0,1.0
bo muon hai but,Bố muốn hai bút.,Bố muốn hai bút.,1,1.0,1.0,1.0
ong bi kho_tho,Ông bị khó thở.,Ông bị khó thở.,1,1.0,1.0,1.0
bay_gio anh dang noi,Bây giờ anh đang nói.,Bây giờ anh đang nói.,1,1.0,1.0,1.0
buoi_chieu ba dang mua_sam,Buổi chiều bà đang mua sắm.,Buổi chiều bà đang mua sắm.,1,1.0,1.0,1.0
thu_hai benh_nhan dang di_hoc,Thứ hai bệnh nhân đang đi học.,Thứ hai bệnh nhân đang đi học.,1,1.0,1.0,1.0
chi thich ao_khoac,Chị thích áo khoác.,Chị thích áo khoác.,1,1.0,1.0,1.0
buoi_chieu troi_nang,Buổi chiều trời nắng.,Buổi chiều trời nắng.,1,1.0,1.0,1.0
ban muon mot_tram nuoc,Bạn muốn một trăm nước.,Bạn muốn một trăm nước.,1,1.0,1.0,1.0
chi muon pho o cho,Chị muốn phở ở chợ.,Chị muốn phở ở chợ.,1,1.0,1.0,1.0
thu_hai ban dang noi,Thứ hai bạn đang nói.,Thứ hai bạn đang nói.,1,1.0,1.0,1.0
em bi dau_tay nen can com,Em bị đau tay nên cần cơm.,Em bị đau tay nên cần cơm.,1,1.0,1.0,1.0
tivi sach,Ti vi sạch.,Ti vi sạch.,1,1.0,1.0,1.0
thang ba bi sot,Tháng bà bị sốt.,Tháng bà bị sốt.,1,1.0,1.0,1.0
thu_ba bo lam_viec,Thứ ba bố làm việc.,Thứ ba bố làm việc.,1,1.0,1.0,1.0
ngay_mai ong bi chong_mat,Ngày mai ông bị chóng mặt.,Ngày mai ông bị chóng mặt.,1,1.0,1.0,1.0
me can chao,Mẹ cần cháo.,Mẹ cần cháo.,1,1.0,1.0,1.0
em muon chin may_tinh,Em muốn chín máy tính.,Em muốn chín máy tính.,1,1.0,1.0,1.0
chu_nhat toi lam_viec,Chủ nhật tôi làm việc.,Chủ nhật tôi làm việc.,1,1.0,1.0,1.0
lam_on dua o giup toi,Làm ơn đưa ô giúp tôi.,Làm ơn đưa ô giúp tôi.,1,1.0,1.0,1.0
co bi dau_bung nen can goi_bac_si,Cô bị đau bụng nên cần gọi bác sĩ.,Cô bị đau bụng nên cần gọi bác sĩ.,1,1.0,1.0,1.0
thu_nam ban dang nghe,Thứ năm bạn đang nghe.,Thứ năm bạn đang nghe.,1,1.0,1.0,1.0
anh se nghi,Anh sẽ nghỉ.,Anh sẽ nghỉ.,1,1.0,1.0,1.0
me muon giay,Mẹ muốn giấy.,Mẹ muốn giày.,0,0.6666666666666666,1.0,0.9230769230769231
ong bi dau_tay nen can nghi_ngoi,Ông bị đau tay nên cần nghỉ ngơi.,Ông bị đau tay nên cần nghỉ ngơi.,1,1.0,1.0,1.0
sach de,Sách dễ.,Sách dễ.,1,1.0,1.0,1.0
ngay_mai benh_nhan dang noi,Ngày mai bệnh nhân đang nói.,Ngày mai bệnh nhân đang nói.,1,1.0,1.0,1.0
ngay ong dang di_hoc,Ngày ông đang đi học.,Ngày ông đang đi học.,1,1.0,1.0,1.0
thu_ba bo dang chay,Thứ ba bố đang chạy.,Thứ ba bố đang chạy.,1,1.0,1.0,1.0
toi tim kinh_lup,Tôi tìm kính lúp.,Tôi tìm kính lúp.,1,1.0,1.0,1.0
thang ba dang tam,Tháng bà đang tắm.,Tháng bà đang tắm.,1,1.0,1.0,1.0
em muon hai_muoi sach,Em muốn hai mươi sách.,Em muốn hai mươi sách.,1,1.0,1.0,1.0
bo muon mot nuoc_cam,Bố muốn một nước cam.,Bố muốn một nước cam.,1,1.0,1.0,1.0
bay_gio chi hoc_bai,Bây giờ chị học bài.,Bây giờ chị học bài.,1,1.0,1.0,1.0
toi bi dau_chan nen can giup_do,Tôi bị đau chân nên cần giúp đỡ.,Tôi bị đau chân nên cần giúp đỡ.,1,1.0,1.0,1.0
buoi_toi bo nghe,Buổi tối bố nghe.,Buổi tối bố nghe.,1,1.0,1.0,1.0
ong can chin sach,Ông cần chín sách.,Ông cần chín sách.,1,1.0,1.0,1.0
toi can tam banh_mi,Tôi cần tám bánh mì.,Tôi cần tám bánh mì.,1,1.0,1.0,1.0
thu_nam chung_toi dang an,Thứ năm chúng tôi đang ăn.,Thứ năm chúng tôi đang ăn.,1,1.0,1.0,1.0
hom_qua bo bi met,Hôm qua bố bị mệt.,Hôm qua bố bị mệt.,1,1.0,1.0,1.0
bay_gio con_gai bi cam_lanh,Bây giờ con gái bị cảm lạnh.,Bây giờ con gái bị cảm lạnh.,1,1.0,1.0,1.0
ban can nam banh_mi,Bạn cần năm bánh mì.,Bạn cần năm bánh mì.,1,1.0,1.0,1.0
anh muon mua ghe,Anh muốn mua ghế.,Anh muốn mua ghế.,1,1.0,1.0,1.0
mua_he anh lam_bai_tap,Mùa hè anh làm bài tập.,Mùa hè anh làm bài tập.,1,1.0,1.0,1.0
thu_bay ong dang tam,Thứ bảy ông đang tắm.,Thứ bảy ông đang tắm.,1,1.0,1.0,1.0
thu_sau benh_nhan dang lam_bai_tap,Thứ sáu bệnh nhân đang làm bài tập.,Thứ sáu bệnh nhân đang làm bài tập.,1,1.0,1.0,1.0
thu_tu em bi dau_tay,Thứ tư em bị đau tay.,Thứ tư em bị đau tay.,1,1.0,1.0,1.0
co thich bun,Cô thích bún.,Cô thích bún.,1,1.0,1.0,1.0
toi_nay chi dang mua_sam,Tối nay chị đang mua sắm.,Tối nay chị đang mua sắm.,1,1.0,1.0,1.0
thu_bay ba dang nghe,Thứ bảy bà đang nghe.,Thứ bảy bà đang nghe.,1,1.0,1.0,1.0
thu_ba ba hoc_bai,Thứ ba bà học bài.,Thứ ba bà học bài.,1,1.0,1.0,1.0
buoi_chieu thay_giao bi chong_mat,Buổi chiều thầy giáo bị chóng mặt.,Buổi chiều thầy giáo bị chóng mặt.,1,1.0,1.0,1.0
thu_bay toi bi bi_thuong,Thứ bảy tôi bị bị thương.,Thứ bảy tôi bị bị thương.,1,1.0,1.0,1.0
thu_bay con_trai bi met,Thứ bảy con trai bị mệt.,Thứ bảy con trai bị mệt.,1,1.0,1.0,1.0
em muon nam chao,Em muốn năm cháo.,Em muốn năm cháo.,1,1.0,1.0,1.0
thu_hai thay_giao dang an,Thứ hai thầy giáo đang ăn.,Thứ hai thầy giáo đang ăn.,1,1.0,1.0,1.0
thu_nam ban viet,Thứ năm bạn viết.,Thứ năm bạn viết.,1,1.0,1.0,1.0
ngay_mai toi se di phong_kham,Ngày mai tôi sẽ đi phòng khám.,Ngày mai tôi sẽ đi phòng khám.,1,1.0,1.0,1.0
toi bi dau can goi_bac_si,"Tôi bị đau, cần gọi bác sĩ.","Tôi bị đau, cần gọi bác sĩ.",1,1.0,1.0,1.0
thu_hai anh hoc_bai,Thứ hai anh học bài.,Thứ hai anh học bài.,1,1.0,1.0,1.0
toi_nay kho_rao,Tối nay khô ráo.,Tối nay khô ráo.,1,1.0,1.0,1.0
mua_he anh bi kho_tho,Mùa hè anh bị khó thở.,Mùa hè anh bị khó thở.,1,1.0,1.0,1.0
ban da rua_tay,Bạn đã rửa tay.,Bạn đã rửa tay.,1,1.0,1.0,1.0
me muon hai but,Mẹ muốn hai bút.,Mẹ muốn hai bút.,1,1.0,1.0,1.0
em muon di nha_ve_sinh,Em muốn đi nhà vệ sinh.,Em muốn đi nhà vệ sinh.,1,1.0,1.0,1.0
ngay co_giao dang di_bo,Ngày cô giáo đang đi bộ.,Ngày cô giáo đang đi bộ.,1,1.0,1.0,1.0
toi_nay co_giao dang noi,Tối nay cô giáo đang nói.,Tối nay cô giáo đang nói.,1,1.0,1.0,1.0
con_gai thich tra,Con gái thích trà.,Con gái thích trà.,1,1.0,1.0,1.0
ong can chin ban_phim,Ông cần chín bàn phím.,Ông cần chín bàn phím.,1,1.0,1.0,1.0
mua_he ong bi dau_bung,Mùa hè ông bị đau bụng.,Mùa hè ông bị đau bụng.,1,1.0,1.0,1.0
thang toi bi kho_tho,Tháng tôi bị khó thở.,Tháng tôi bị khó thở.,1,1.0,1.0,1.0
ban can chin dien_thoai,Bạn cần chín điện thoại.,Bạn cần chín điện thoại.,1,1.0,1.0,1.0
buoi_chieu toi xem,Buổi chiều tôi xem.,Buổi chiều tôi xem.,1,1.0,1.0,1.0
ba o sieu_thi,Bà ở siêu thị.,Bà ở siêu thị.,1,1.0,1.0,1.0
me muon nuoc o benh_vien,Mẹ muốn nước ở bệnh viện.,Mẹ muốn nước ở bệnh viện.,1,1.0,1.0,1.0
ban can mot_tram pho,Bạn cần một trăm phở.,Bạn cần một trăm phở.,1,1.0,1.0,1.0
hom_qua bo dang uong,Hôm qua bố đang uống.,Hôm qua bố đang uống.,1,1.0,1.0,1.0
ong can hai but,Ông cần hai bút.,Ông cần hai bút.,1,1.0,1.0,1.0
thu_hai chi dang tap_the_duc,Thứ hai chị đang tập thể dục.,Thứ hai chị đang tập thể dục.,1,1.0,1.0,1.0
cua mau_cam,Cửa màu cam.,Cửa màu cam.,1,1.0,1.0,1.0
buoi_chieu chung_toi bi buon_non,Buổi chiều chúng tôi bị buồn nôn.,Buổi chiều chúng tôi bị buồn nôn.,1,1.0,1.0,1.0
nam chung_toi dang rua_tay,Năm chúng tôi đang rửa tay.,Năm chúng tôi đang rửa tay.,1,1.0,1.0,1.0
ba o giuong,Bà ở giường.,Bà ở giường.,1,1.0,1.0,1.0
toi_nay troi_nang khong,Tối nay có nắng không?,Tối nay có nắng không?,1,1.0,1.0,1.0
bo muon muoi com,Bố muốn mười cơm.,Bố muốn mười cơm.,1,1.0,1.0,1.0
thu_tu benh_nhan bi ho,Thứ tư bệnh nhân bị ho.,Thứ tư bệnh nhân bị ho.,1,1.0,1.0,1.0
chi thich noi_com_dien,Chị thích nồi cơm điện.,Chị thích nồi cơm điện.,1,1.0,1.0,1.0
thu_bay toi dang tam,Thứ bảy tôi đang tắm.,Thứ bảy tôi đang tắm.,1,1.0,1.0,1.0
anh can di_nha_ve_sinh,Anh cần đi nhà vệ sinh.,Anh cần đi nhà vệ sinh.,1,1.0,1.0,1.0
ngay_mai benh_nhan dang hoc_bai,Ngày mai bệnh nhân đang học bài.,Ngày mai bệnh nhân đang học bài.,1,1.0,1.0,1.0
con_gai can chao,Con gái cần cháo.,Con gái cần cháo.,1,1.0,1.0,1.0
hom_nay toi dang nghe,Hôm nay tôi đang nghe.,Hôm nay tôi đang nghe.,1,1.0,1.0,1.0
thu_hai anh se di van_phong,Thứ hai anh sẽ đi văn phòng.,Thứ hai anh sẽ đi văn phòng.,1,1.0,1.0,1.0
anh bi kho_tho nen can com,Anh bị khó thở nên cần cơm.,Anh bị khó thở nên cần cơm.,1,1.0,1.0,1.0
chung_toi thich sua,Chúng tôi thích sữa.,Chúng tôi thích sữa.,1,1.0,1.0,1.0
buoi_trua benh_nhan bi dau_hong,Buổi trưa bệnh nhân bị đau họng.,Buổi trưa bệnh nhân bị đau họng.,1,1.0,1.0,1.0
toi_nay ban dang noi,Tối nay bạn đang nói.,Tối nay bạn đang nói.,1,1.0,1.0,1.0
ban da doc_sach,Bạn đã đọc sách.,Bạn đã đọc sách.,1,1.0,1.0,1.0
mua_he toi dang nau_an,Mùa hè tôi đang nấu ăn.,Mùa hè tôi đang nấu ăn.,1,1.0,1.0,1.0
buoi_toi me dang lam_bai_tap,Buổi tối mẹ đang làm bài tập.,Buổi tối mẹ đang làm bài tập.,1,1.0,1.0,1.0
buoi_toi toi bi dau_lung,Buổi tối tôi bị đau lưng.,Buổi tối tôi bị đau lưng.,1,1.0,1.0,1.0
lam_on lay but giup toi,Làm ơn lấy bút giúp tôi.,Làm ơn lấy bút giúp tôi.,1,1.0,1.0,1.0
anh den sieu_thi,Anh đến siêu thị.,Anh đến siêu thị.,1,1.0,1.0,1.0
buoi_toi em se di cong_ty,Buổi tối em sẽ đi công ty.,Buổi tối em sẽ đi công ty.,1,1.0,1.0,1.0
em bi dau_chan nen can nuoc,Em bị đau chân nên cần nước.,Em bị đau chân nên cần nước.,1,1.0,1.0,1.0
buoi_trua ong dang hoc_bai,Buổi trưa ông đang học bài.,Buổi trưa ông đang học bài.,1,1.0,1.0,1.0
thang con_trai dang nghe,Tháng con trai đang nghe.,Tháng con trai đang nghe.,1,1.0,1.0,1.0
nam benh_nhan bi ho,Năm bệnh nhân bị ho.,Năm bệnh nhân bị ho.,1,1.0,1.0,1.0
mua_he con_trai dang lam_viec,Mùa hè con trai đang làm việc.,Mùa hè con trai đang làm việc.,1,1.0,1.0,1.0
anh da di_cho,Anh đã đi chợ.,Anh đã đi chợ.,1,1.0,1.0,1.0
chung_toi thich den,Chúng tôi thích đèn.,Chúng tôi thích đèn.,1,1.0,1.0,1.0
ngay con_trai dang nau_an,Ngày con trai đang nấu ăn.,Ngày con trai đang nấu ăn.,1,1.0,1.0,1.0
buoi_trua con_trai bi ho,Buổi trưa con trai bị ho.,Buổi trưa con trai bị ho.,1,1.0,1.0,1.0
chi can den,Chị cần đèn.,Chị cần đèn.,1,1.0,1.0,1.0
anh muon banh_mi o lop_hoc,Anh muốn bánh mì ở lớp học.,Anh muốn bánh mì ở lớp học.,1,1.0,1.0,1.0
hom_nay ba dang di_cho,Hôm nay bà đang đi chợ.,Hôm nay bà đang đi chợ.,1,1.0,1.0,1.0
co_giao dang mua_sam,Cô giáo đang mua sắm.,Cô giáo đang mua sắm.,1,1.0,1.0,1.0
chi muon bay com,Chị muốn bảy cơm.,Chị muốn bảy cơm.,1,1.0,1.0,1.0
ngay_mai ba dang nghe,Ngày mai bà đang nghe.,Ngày mai bà đang nghe.,1,1.0,1.0,1.0
ngay chung_toi dang mua_sam,Ngày chúng tôi đang mua sắm.,Ngày chúng tôi đang mua sắm.,1,1.0,1.0,1.0
thang co_giao dang lam_bai_tap,Tháng cô giáo đang làm bài tập.,Tháng cô giáo đang làm bài tập.,1,1.0,1.0,1.0
thu_sau me bi dau_tay,Thứ sáu mẹ bị đau tay.,Thứ sáu mẹ bị đau tay.,1,1.0,1.0,1.0
co_giao can xe_cuu_thuong khong,Cô giáo có cần xe cứu thương không?,Cô giáo có cần xe cứu thương không?,1,1.0,1.0,1.0
chu_nhat me dang lam_viec,Chủ nhật mẹ đang làm việc.,Chủ nhật mẹ đang làm việc.,1,1.0,1.0,1.0
thu_ba ong dang xem,Thứ ba ông đang xem.,Thứ ba ông đang xem.,1,1.0,1.0,1.0
me muon bon dien_thoai,Mẹ muốn bốn điện thoại.,Mẹ muốn bốn điện thoại.,1,1.0,1.0,1.0
ban muon mua giuong,Bạn muốn mua giường.,Bạn muốn mua giường.,1,1.0,1.0,1.0
nam em viet,Năm em viết.,Năm em viết.,1,1.0,1.0,1.0
nam ong dang lam_bai_tap,Năm ông đang làm bài tập.,Năm ông đang làm bài tập.,1,1.0,1.0,1.0
bo muon sau tivi,Bố muốn sáu ti vi.,Bố muốn sáu ti vi.,1,1.0,1.0,1.0
bo bi dau_tay nen can com,Bố bị đau tay nên cần cơm.,Bố bị đau tay nên cần cơm.,1,1.0,1.0,1.0
buoi_trua bo bi chay_mau,Buổi trưa bố bị chảy máu.,Buổi trưa bố bị chảy máu.,1,1.0,1.0,1.0
nguoi_khiem_thinh thich sac_pin,Người khiếm thính thích sạc pin.,Người khiếm thính thích sạc pin.,1,1.0,1.0,1.0
benh_nhan den benh_vien,Bệnh nhân đến bệnh viện.,Bệnh nhân đến bệnh viện.,1,1.0,1.0,1.0
buoi_toi thay_giao bi chong_mat,Buổi tối thầy giáo bị chóng mặt.,Buổi tối thầy giáo bị chóng mặt.,1,1.0,1.0,1.0
ong can nam sach,Ông cần năm sách.,Ông cần năm sách.,1,1.0,1.0,1.0
ong muon den san_bay,Ông muốn đến sân bay.,Ông muốn đến sân bay.,1,1.0,1.0,1.0
toi_nay anh dang nau_an,Tối nay anh đang nấu ăn.,Tối nay anh đang nấu ăn.,1,1.0,1.0,1.0
ban bi chong_mat nen can giup_do,Bạn bị chóng mặt nên cần giúp đỡ.,Bạn bị chóng mặt nên cần giúp đỡ.,1,1.0,1.0,1.0
chi muon ba_muoi but,Chị muốn ba mươi bút.,Chị muốn ba mươi bút.,1,1.0,1.0,1.0
ngay_mai ba dang di_cho,Ngày mai bà đang đi chợ.,Ngày mai bà đang đi chợ.,1,1.0,1.0,1.0
buoi_trua me dang choi,Buổi trưa mẹ đang chơi.,Buổi trưa mẹ đang chơi.,1,1.0,1.0,1.0
buoi_trua thay_giao dang di_cho,Buổi trưa thầy giáo đang đi chợ.,Buổi trưa thầy giáo đang đi chợ.,1,1.0,1.0,1.0
ngay_mai toi dang rua_tay,Ngày mai tôi đang rửa tay.,Ngày mai tôi đang rửa tay.,1,1.0,1.0,1.0
bay_gio co dang lam_viec,Bây giờ cô đang làm việc.,Bây giờ cô đang làm việc.,1,1.0,1.0,1.0
co_giao can ban_phim khong,Cô giáo có cần bàn phím không?,Cô giáo có cần bàn phím không?,1,1.0,1.0,1.0
thu_hai benh_nhan dang choi,Thứ hai bệnh nhân đang chơi.,Thứ hai bệnh nhân đang chơi.,1,1.0,1.0,1.0
em muon ba_muoi den,Em muốn ba mươi đèn.,Em muốn ba mươi đèn.,1,1.0,1.0,1.0
toi bi dau_chan nen can thuoc,Tôi bị đau chân nên cần thuốc.,Tôi bị đau chân nên cần thuốc.,1,1.0,1.0,1.0
thu_sau anh bi met,Thứ sáu anh bị mệt.,Thứ sáu anh bị mệt.,1,1.0,1.0,1.0
co_giao can thuoc,Cô giáo cần thuốc.,Cô giáo cần thuốc.,1,1.0,1.0,1.0
thu_nam em xem,Thứ năm em xem.,Thứ năm em xem.,1,1.0,1.0,1.0
thang chung_toi dang giat_do,Tháng chúng tôi đang giặt đồ.,Tháng chúng tôi đang giặt đồ.,1,1.0,1.0,1.0
ba muon di nha,Bà muốn đi nhà.,Bà muốn đi nhà.,1,1.0,1.0,1.0
toi_nay chi dang di_cho,Tối nay chị đang đi chợ.,Tối nay chị đang đi chợ.,1,1.0,1.0,1.0
ong khong_thich nuoc,Ông không thích nước.,Ông không thích nước.,1,1.0,1.0,1.0
con_gai can thuc_an khong,Con gái có cần thức ăn không?,Con gái có cần thức ăn không?,1,1.0,1.0,1.0
benh_nhan thich thit,Bệnh nhân thích thịt.,Bệnh nhân thích thịt.,1,1.0,1.0,1.0
ngay_mai co_giao dang noi,Ngày mai cô giáo đang nói.,Ngày mai cô giáo đang nói.,1,1.0,1.0,1.0
thu_hai benh_nhan bi met,Thứ hai bệnh nhân bị mệt.,Thứ hai bệnh nhân bị mệt.,1,1.0,1.0,1.0
toi_nay thay_giao lam_bai_tap,Tối nay thầy giáo làm bài tập.,Tối nay thầy giáo làm bài tập.,1,1.0,1.0,1.0
mua_dong co dang nghe,Mùa đông cô đang nghe.,Mùa đông cô đang nghe.,1,1.0,1.0,1.0
mua_he chi bi di_ung,Mùa hè chị bị dị ứng.,Mùa hè chị bị dị ứng.,1,1.0,1.0,1.0
nam anh dang nau_an,Năm anh đang nấu ăn.,Năm anh đang nấu ăn.,1,1.0,1.0,1.0
anh muon bun o phong_kham,Anh muốn bún ở phòng khám.,Anh muốn bún ở phòng khám.,1,1.0,1.0,1.0
thu_ba anh dang nghe,Thứ ba anh đang nghe.,Thứ ba anh đang nghe.,1,1.0,1.0,1.0
chi can hai ban_phim,Chị cần hai bàn phím.,Chị cần hai bàn phím.,1,1.0,1.0,1.0
buoi_chieu bo bi sot,Buổi chiều bố bị sốt.,Buổi chiều bố bị sốt.,1,1.0,1.0,1.0
buoi_trua co_giao xem,Buổi trưa cô giáo xem.,Buổi trưa cô giáo xem.,1,1.0,1.0,1.0
hom_nay chi bi met,Hôm nay chị bị mệt.,Hôm nay chị bị mệt.,1,1.0,1.0,1.0
thu_ba bo dang di_cho,Thứ ba bố đang đi chợ.,Thứ ba bố đang đi chợ.,1,1.0,1.0,1.0
hom_nay anh doc_sach,Hôm nay anh đọc sách.,Hôm nay anh đọc sách.,1,1.0,1.0,1.0
co can giay,Cô cần giày.,Cô cần giày.,1,1.0,1.0,1.0
buoi_sang bo di_hoc,Buổi sáng bố đi học.,Buổi sáng bố đi học.,1,1.0,1.0,1.0
buoi_sang ong dang uong,Buổi sáng ông đang uống.,Buổi sáng ông đang uống.,1,1.0,1.0,1.0
mua_dong con_trai dang giat_do,Mùa đông con trai đang giặt đồ.,Mùa đông con trai đang giặt đồ.,1,1.0,1.0,1.0
thang ban viet,Tháng bạn viết.,Tháng bạn viết.,1,1.0,1.0,1.0
thu_nam anh dang di_cho,Thứ năm anh đang đi chợ.,Thứ năm anh đang đi chợ.,1,1.0,1.0,1.0
co_giao can di_benh_vien khong,Cô giáo có cần đi bệnh viện không?,Cô giáo có cần đi bệnh viện không?,1,1.0,1.0,1.0
thu_hai con_trai bi chay_mau,Thứ hai con trai bị chảy máu.,Thứ hai con trai bị chảy máu.,1,1.0,1.0,1.0
toi muon dien_thoai,Tôi muốn điện thoại.,Tôi muốn điện thoại.,1,1.0,1.0,1.0
nam con_trai bi chay_mau,Năm con trai bị chảy máu.,Năm con trai bị chảy máu.,1,1.0,1.0,1.0
me da xem,Mẹ đã xem.,Mẹ đã xem.,1,1.0,1.0,1.0
buoi_trua con_gai dang choi,Buổi trưa con gái đang chơi.,Buổi trưa con gái đang chơi.,1,1.0,1.0,1.0
buoi_trua ong di_hoc,Buổi trưa ông đi học.,Buổi trưa ông đi học.,1,1.0,1.0,1.0
chi muon ba_muoi vo,Chị muốn ba mươi vở.,Chị muốn ba mươi vở.,1,1.0,1.0,1.0
em khong ngu,Em không ngủ.,Em không ngủ.,1,1.0,1.0,1.0
ban di khi_nao,Bạn đi khi nào?,Bạn đi khi nào?,1,1.0,1.0,1.0
thu_nam em dang uong,Thứ năm em đang uống.,Thứ năm em đang uống.,1,1.0,1.0,1.0
toi muon pho o nha_thuoc,Tôi muốn phở ở nhà thuốc.,Tôi muốn phở ở nhà thuốc.,1,1.0,1.0,1.0
ong bi dau_hong nen can goi_bac_si,Ông bị đau họng nên cần gọi bác sĩ.,Ông bị đau họng nên cần gọi bác sĩ.,1,1.0,1.0,1.0
buoi_trua chi viet,Buổi trưa chị viết.,Buổi trưa chị viết.,1,1.0,1.0,1.0
em muon muoi bun,Em muốn mười bún.,Em muốn mười bún.,1,1.0,1.0,1.0
thu_bay me dang nghi,Thứ bảy mẹ đang nghỉ.,Thứ bảy mẹ đang nghỉ.,1,1.0,1.0,1.0
bay_gio ong xem,Bây giờ ông xem.,Bây giờ ông xem.,1,1.0,1.0,1.0
thu_sau ong bi dau,Thứ sáu ông bị đau.,Thứ sáu ông bị đau.,1,1.0,1.0,1.0
ban bi ho nen can com,Bạn bị ho nên cần cơm.,Bạn bị ho nên cần cơm.,1,1.0,1.0,1.0
thu_nam benh_nhan dang rua_tay,Thứ năm bệnh nhân đang rửa tay.,Thứ năm bệnh nhân đang rửa tay.,1,1.0,1.0,1.0
bo bi buon_non can goi_bac_si,"Bố bị buồn nôn, cần gọi bác sĩ.","Bố bị buồn nôn, cần gọi bác sĩ.",1,1.0,1.0,1.0
thu_nam ban bi dau,Thứ năm bạn bị đau.,Thứ năm bạn bị đau.,1,1.0,1.0,1.0
hom_qua thay_giao bi dau_tay,Hôm qua thầy giáo bị đau tay.,Hôm qua thầy giáo bị đau tay.,1,1.0,1.0,1.0
nam benh_nhan bi kho_tho,Năm bệnh nhân bị khó thở.,Năm bệnh nhân bị khó thở.,1,1.0,1.0,1.0
toi can muoi vo,Tôi cần mười vở.,Tôi cần mười vở.,1,1.0,1.0,1.0
bo can nam sach,Bố cần năm sách.,Bố cần năm sách.,1,1.0,1.0,1.0
benh_nhan can ban khong,Bệnh nhân có cần bàn không?,Bệnh nhân có cần bàn không?,1,1.0,1.0,1.0
anh di nha_ga,Anh đi nhà ga.,Anh đi nhà ga.,1,1.0,1.0,1.0
nam thay_giao bi sot,Năm thầy giáo bị sốt.,Năm thầy giáo bị sốt.,1,1.0,1.0,1.0
giuong nong,Giường nóng.,Giường nóng.,1,1.0,1.0,1.0
co se lam_bai_tap,Cô sẽ làm bài tập.,Cô sẽ làm bài tập.,1,1.0,1.0,1.0
ong muon di benh_vien,Ông muốn đi bệnh viện.,Ông muốn đi bệnh viện.,1,1.0,1.0,1.0
hom_nay benh_nhan bi kho_tho,Hôm nay bệnh nhân bị khó thở.,Hôm nay bệnh nhân bị khó thở.,1,1.0,1.0,1.0
thu_ba co bi met,Thứ ba cô bị mệt.,Thứ ba cô bị mệt.,1,1.0,1.0,1.0
anh can nam bun,Anh cần năm bún.,Anh cần năm bún.,1,1.0,1.0,1.0
thu_hai ong bi kho_tho,Thứ hai ông bị khó thở.,Thứ hai ông bị khó thở.,1,1.0,1.0,1.0
mua_he chi hoc_bai,Mùa hè chị học bài.,Mùa hè chị học bài.,1,1.0,1.0,1.0
mua_he co_giao dang xem,Mùa hè cô giáo đang xem.,Mùa hè cô giáo đang xem.,1,1.0,1.0,1.0
ban co thuc_an khong,Bạn có thức ăn không?,Bạn có thức ăn không?,1,1.0,1.0,1.0
ong muon ca,Ông muốn cá.,Ông muốn cá.,1,1.0,1.0,1.0
noi_com_dien de,Nồi cơm điện dễ.,Nồi cơm điện dễ.,1,1.0,1.0,1.0
thang anh doc_sach,Tháng anh đọc sách.,Tháng anh đọc sách.,1,1.0,1.0,1.0
co khong nau_an,Cô không nấu ăn.,Cô không nấu ăn.,1,1.0,1.0,1.0
thu_bay nguoi_khiem_thinh dang choi,Thứ bảy người khiếm thính đang chơi.,Thứ bảy người khiếm thính đang chơi.,1,1.0,1.0,1.0
thu_sau ba bi dau_bung,Thứ sáu bà bị đau bụng.,Thứ sáu bà bị đau bụng.,1,1.0,1.0,1.0
ngay_mai anh dang an,Ngày mai anh đang ăn.,Ngày mai anh đang ăn.,1,1.0,1.0,1.0
buoi_sang nguoi_khiem_thinh bi chong_mat,Buổi sáng người khiếm thính bị chóng mặt.,Buổi sáng người khiếm thính bị chóng mặt.,1,1.0,1.0,1.0
thu_ba bo bi ho,Thứ ba bố bị ho.,Thứ ba bố bị ho.,1,1.0,1.0,1.0
ban can ba nuoc_cam,Bạn cần ba nước cam.,Bạn cần ba nước cam.,1,1.0,1.0,1.0
thu_tu co dang noi,Thứ tư cô đang nói.,Thứ tư cô đang nói.,1,1.0,1.0,1.0
thu_hai ban dang hoc_bai,Thứ hai bạn đang học bài.,Thứ hai bạn đang học bài.,1,1.0,1.0,1.0
nam chi dang choi,Năm chị đang chơi.,Năm chị đang chơi.,1,1.0,1.0,1.0
ong can sac_pin,Ông cần sạc pin.,Ông cần sạc pin.,1,1.0,1.0,1.0
hom_nay ba dang xem,Hôm nay bà đang xem.,Hôm nay bà đang xem.,1,1.0,1.0,1.0
chi muon dia_chi,Chị muốn địa chỉ.,Chị muốn địa chỉ.,1,1.0,1.0,1.0
bo can chin tivi,Bố cần chín ti vi.,Bố cần chín ti vi.,1,1.0,1.0,1.0
thu_tu ba dang di_hoc,Thứ tư bà đang đi học.,Thứ tư bà đang đi học.,1,1.0,1.0,1.0
ngay ba bi kho_tho,Ngày bà bị khó thở.,Ngày bà bị khó thở.,1,1.0,1.0,1.0
hom_nay me dang viet,Hôm nay mẹ đang viết.,Hôm nay mẹ đang viết.,1,1.0,1.0,1.0
nguoi_khiem_thinh can banh,Người khiếm thính cần bánh.,Người khiếm thính cần bánh.,1,1.0,1.0,1.0
buoi_sang ong dang xem,Buổi sáng ông đang xem.,Buổi sáng ông đang xem.,1,1.0,1.0,1.0
hom_nay em dang tap_the_duc,Hôm nay em đang tập thể dục.,Hôm nay em đang tập thể dục.,1,1.0,1.0,1.0
buoi_toi em dang chay,Buổi tối em đang chạy.,Buổi tối em đang chạy.,1,1.0,1.0,1.0
em muon mot sua,Em muốn một sữa.,Em muốn một sữa.,1,1.0,1.0,1.0
ban thich giay,Bạn thích giày.,Bạn thích giày.,1,1.0,1.0,1.0
me can sau sach,Mẹ cần sáu sách.,Mẹ cần sáu sách.,1,1.0,1.0,1.0
thu_nam toi bi dau_tay,Thứ năm tôi bị đau tay.,Thứ năm tôi bị đau tay.,1,1.0,1.0,1.0
mua_dong benh_nhan bi cam_lanh,Mùa đông bệnh nhân bị cảm lạnh.,Mùa đông bệnh nhân bị cảm lạnh.,1,1.0,1.0,1.0
hom_qua nguoi_khiem_thinh dang lam_bai_tap,Hôm qua người khiếm thính đang làm bài tập.,Hôm qua người khiếm thính đang làm bài tập.,1,1.0,1.0,1.0
thu_tu benh_nhan bi buon_non,Thứ tư bệnh nhân bị buồn nôn.,Thứ tư bệnh nhân bị buồn nôn.,1,1.0,1.0,1.0
con_gai muon khau_trang,Con gái muốn khẩu trang.,Con gái muốn khẩu trang.,1,1.0,1.0,1.0
thu_bay toi dang ngu,Thứ bảy tôi đang ngủ.,Thứ bảy tôi đang ngủ.,1,1.0,1.0,1.0
ong can mot tivi,Ông cần một ti vi.,Ông cần một ti vi.,1,1.0,1.0,1.0
thang con_trai bi dau_chan,Tháng con trai bị đau chân.,Tháng con trai bị đau chân.,1,1.0,1.0,1.0
bo muon muoi ban_phim,Bố muốn mười bàn phím.,Bố muốn mười bàn phím.,1,1.0,1.0,1.0
mua_he ong nghe,Mùa hè ông nghe.,Mùa hè ông nghe.,1,1.0,1.0,1.0
toi muon ca_phe o cho,Tôi muốn cà phê ở chợ.,Tôi muốn cà phê ở chợ.,1,1.0,1.0,1.0
buoi_sang co bi buon_non,Buổi sáng cô bị buồn nôn.,Buổi sáng cô bị buồn nôn.,1,1.0,1.0,1.0
buoi_trua ong dang nau_an,Buổi trưa ông đang nấu ăn.,Buổi trưa ông đang nấu ăn.,1,1.0,1.0,1.0
ban muon di may_bay,Bạn muốn đi máy bay.,Bạn muốn đi máy bay.,1,1.0,1.0,1.0
co dang di_bo,Cô đang đi bộ.,Cô đang đi bộ.,1,1.0,1.0,1.0
mua_dong chi bi sot,Mùa đông chị bị sốt.,Mùa đông chị bị sốt.,1,1.0,1.0,1.0
me di phong,Mẹ đi phòng.,Mẹ đi phòng.,1,1.0,1.0,1.0
chu_nhat em dang an,Chủ nhật em đang ăn.,Chủ nhật em đang ăn.,1,1.0,1.0,1.0
mua_dong anh xem,Mùa đông anh xem.,Mùa đông anh xem.,1,1.0,1.0,1.0
mua_dong con_gai dang an,Mùa đông con gái đang ăn.,Mùa đông con gái đang ăn.,1,1.0,1.0,1.0
me thich vo,Mẹ thích vở.,Mẹ thích vở.,1,1.0,1.0,1.0
ong can ba_muoi sua,Ông cần ba mươi sữa.,Ông cần ba mươi sữa.,1,1.0,1.0,1.0
em thich nuoc,Em thích nước.,Em thích nước.,1,1.0,1.0,1.0
me can mot tivi,Mẹ cần một ti vi.,Mẹ cần một ti vi.,1,1.0,1.0,1.0
thu_ba troi_lanh,Thứ ba trời lạnh.,Thứ ba trời lạnh.,1,1.0,1.0,1.0
mua_he me nghe,Mùa hè mẹ nghe.,Mùa hè mẹ nghe.,1,1.0,1.0,1.0
anh cam_thay kho_tho,Anh cảm thấy khó thở.,Anh cảm thấy khó thở.,1,1.0,1.0,1.0
ban can tam but,Bạn cần tám bút.,Bạn cần tám bút.,1,1.0,1.0,1.0
bo muon banh_mi o nha_thuoc,Bố muốn bánh mì ở nhà thuốc.,Bố muốn bánh mì ở nhà thuốc.,1,1.0,1.0,1.0
buoi_sang me doc_sach,Buổi sáng mẹ đọc sách.,Buổi sáng mẹ đọc sách.,1,1.0,1.0,1.0
buoi_sang benh_nhan dang lam_bai_tap,Buổi sáng bệnh nhân đang làm bài tập.,Buổi sáng bệnh nhân đang làm bài tập.,1,1.0,1.0,1.0
thu_sau me an,Thứ sáu mẹ ăn.,Thứ sáu mẹ ăn.,1,1.0,1.0,1.0
chung_toi can nghi_ngoi khong,Chúng tôi có cần nghỉ ngơi không?,Chúng tôi có cần nghỉ ngơi không?,1,1.0,1.0,1.0
nguoi_khiem_thinh can bun khong,Người khiếm thính có cần bún không?,Người khiếm thính có cần bún không?,1,1.0,1.0,1.0
thu_ba ba dang uong,Thứ ba bà đang uống.,Thứ ba bà đang uống.,1,1.0,1.0,1.0
thu_sau thay_giao bi dau_lung,Thứ sáu thầy giáo bị đau lưng.,Thứ sáu thầy giáo bị đau lưng.,1,1.0,1.0,1.0
nam con_gai dang tap_the_duc,Năm con gái đang tập thể dục.,Năm con gái đang tập thể dục.,1,1.0,1.0,1.0
nam chi dang uong,Năm chị đang uống.,Năm chị đang uống.,1,1.0,1.0,1.0
ban can giay,Bạn cần giày.,Bạn cần giày.,1,1.0,1.0,1.0
thay_giao muon di van_phong,Thầy giáo muốn đi văn phòng.,Thầy giáo muốn đi văn phòng.,1,1.0,1.0,1.0
anh can ba com,Anh cần ba cơm.,Anh cần ba cơm.,1,1.0,1.0,1.0
anh can chin ban_phim,Anh cần chín bàn phím.,Anh cần chín bàn phím.,1,1.0,1.0,1.0
mua_dong con_trai bi sot,Mùa đông con trai bị sốt.,Mùa đông con trai bị sốt.,1,1.0,1.0,1.0
bo can khau_trang,Bố cần khẩu trang.,Bố cần khẩu trang.,1,1.0,1.0,1.0
bay_gio ong bi dau_lung,Bây giờ ông bị đau lưng.,Bây giờ ông bị đau lưng.,1,1.0,1.0,1.0
buoi_toi benh_nhan bi buon_non,Buổi tối bệnh nhân bị buồn nôn.,Buổi tối bệnh nhân bị buồn nôn.,1,1.0,1.0,1.0
den mau_cam,Đèn màu cam.,Đèn màu cam.,1,1.0,1.0,1.0
toi can bao_nhieu dien_thoai,Tôi cần bao nhiêu điện thoại?,Tôi cần bao nhiêu điện thoại?,1,1.0,1.0,1.0
toi can ba nuoc,Tôi cần ba nước.,Tôi cần ba nước.,1,1.0,1.0,1.0
mua_he co bi ho,Mùa hè cô bị ho.,Mùa hè cô bị ho.,1,1.0,1.0,1.0
buoi_sang nguoi_khiem_thinh dang hoc_bai,Buổi sáng người khiếm thính đang học bài.,Buổi sáng người khiếm thính đang học bài.,1,1.0,1.0,1.0
toi_nay co_giao bi dau,Tối nay cô giáo bị đau.,Tối nay cô giáo bị đau.,1,1.0,1.0,1.0
thu_sau co dang xem,Thứ sáu cô đang xem.,Thứ sáu cô đang xem.,1,1.0,1.0,1.0
ngay_mai em dang chay,Ngày mai em đang chạy.,Ngày mai em đang chạy.,1,1.0,1.0,1.0
buoi_toi toi se di truong,Buổi tối tôi sẽ đi trường.,Buổi tối tôi sẽ đi trường.,1,1.0,1.0,1.0
lam_on dua thuc_an giup toi,Làm ơn đưa thức ăn giúp tôi.,Làm ơn đưa thức ăn giúp tôi.,1,1.0,1.0,1.0
ong muon ba_muoi banh_mi,Ông muốn ba mươi bánh mì.,Ông muốn ba mươi bánh mì.,1,1.0,1.0,1.0
hom_nay bo doc_sach,Hôm nay bố đọc sách.,Hôm nay bố đọc sách.,1,1.0,1.0,1.0
mua_he ong di_hoc,Mùa hè ông đi học.,Mùa hè ông đi học.,1,1.0,1.0,1.0
em khong_thich nuoc,Em không thích nước.,Em không thích nước.,1,1.0,1.0,1.0
benh_nhan o san_bay,Bệnh nhân ở sân bay.,Bệnh nhân ở sân bay.,1,1.0,1.0,1.0
anh muon muoi nuoc_cam,Anh muốn mười nước cam.,Anh muốn mười nước cam.,1,1.0,1.0,1.0
buoi_toi chi dang noi,Buổi tối chị đang nói.,Buổi tối chị đang nói.,1,1.0,1.0,1.0
toi bi dau_chan nen can goi_bac_si,Tôi bị đau chân nên cần gọi bác sĩ.,Tôi bị đau chân nên cần gọi bác sĩ.,1,1.0,1.0,1.0
co_giao can nuoc_cam,Cô giáo cần nước cam.,Cô giáo cần nước cam.,1,1.0,1.0,1.0
ngay thay_giao dang hoc_bai,Ngày thầy giáo đang học bài.,Ngày thầy giáo đang học bài.,1,1.0,1.0,1.0
thu_nam thay_giao dang doc_sach,Thứ năm thầy giáo đang đọc sách.,Thứ năm thầy giáo đang đọc sách.,1,1.0,1.0,1.0
chung_toi thich chao,Chúng tôi thích cháo.,Chúng tôi thích cháo.,1,1.0,1.0,1.0
benh_nhan di san_bay,Bệnh nhân đi sân bay.,Bệnh nhân đi sân bay.,1,1.0,1.0,1.0
nam co bi dau_bung,Năm cô bị đau bụng.,Năm cô bị đau bụng.,1,1.0,1.0,1.0
anh co khoe khong,Anh có khỏe không?,Anh có không?,0,0.8571428571428571,0.8,0.8387096774193549
bo dang uong,Bố đang uống.,Bố đang uống.,1,1.0,1.0,1.0
thu_tu me bi kho_tho,Thứ tư mẹ bị khó thở.,Thứ tư mẹ bị khó thở.,1,1.0,1.0,1.0
thu_hai ba ngu,Thứ hai bà ngủ.,Thứ hai bà ngủ.,1,1.0,1.0,1.0
me mat den,Mẹ mất đèn.,Mẹ mất đèn.,1,1.0,1.0,1.0
me muon banh_mi o phong_kham,Mẹ muốn bánh mì ở phòng khám.,Mẹ muốn bánh mì ở phòng khám.,1,1.0,1.0,1.0
buoi_toi co bi chong_mat,Buổi tối cô bị chóng mặt.,Buổi tối cô bị chóng mặt.,1,1.0,1.0,1.0
chi can ba_muoi sua,Chị cần ba mươi sữa.,Chị cần ba mươi sữa.,1,1.0,1.0,1.0
ong da an,Ông đã ăn.,Ông đã ăn.,1,1.0,1.0,1.0
hom_nay con_gai dang di_hoc,Hôm nay con gái đang đi học.,Hôm nay con gái đang đi học.,1,1.0,1.0,1.0
hom_nay chung_toi dang viet,Hôm nay chúng tôi đang viết.,Hôm nay chúng tôi đang viết.,1,1.0,1.0,1.0
thang me nghe,Tháng mẹ nghe.,Tháng mẹ nghe.,1,1.0,1.0,1.0
toi muon chin vo,Tôi muốn chín vở.,Tôi muốn chín vở.,1,1.0,1.0,1.0
thu_tu ong dang giat_do,Thứ tư ông đang giặt đồ.,Thứ tư ông đang giặt đồ.,1,1.0,1.0,1.0
anh muon com o benh_vien,Anh muốn cơm ở bệnh viện.,Anh muốn cơm ở bệnh viện.,1,1.0,1.0,1.0
ong bi ho nen can di_benh_vien,Ông bị ho nên cần đi bệnh viện.,Ông bị ho nên cần đi bệnh viện.,1,1.0,1.0,1.0
thu_hai em bi met,Thứ hai em bị mệt.,Thứ hai em bị mệt.,1,1.0,1.0,1.0
toi_nay nguoi_khiem_thinh bi dau_dau,Tối nay người khiếm thính bị đau đầu.,Tối nay người khiếm thính bị đau đầu.,1,1.0,1.0,1.0
ngay_mai con_trai bi bi_thuong,Ngày mai con trai bị bị thương.,Ngày mai con trai bị bị thương.,1,1.0,1.0,1.0
hom_qua toi bi dau_lung,Hôm qua tôi bị đau lưng.,Hôm qua tôi bị đau lưng.,1,1.0,1.0,1.0
thu_tu thay_giao bi dau_chan,Thứ tư thầy giáo bị đau chân.,Thứ tư thầy giáo bị đau chân.,1,1.0,1.0,1.0
ban muon chao o phong_kham,Bạn muốn cháo ở phòng khám.,Bạn muốn cháo ở phòng khám.,1,1.0,1.0,1.0
ngay anh dang nau_an,Ngày anh đang nấu ăn.,Ngày anh đang nấu ăn.,1,1.0,1.0,1.0
toi_nay em dang uong,Tối nay em đang uống.,Tối nay em đang uống.,1,1.0,1.0,1.0
thu_hai ban bi met,Thứ hai bạn bị mệt.,Thứ hai bạn bị mệt.,1,1.0,1.0,1.0
co_giao o nha_ve_sinh,Cô giáo ở nhà vệ sinh.,Cô giáo ở nhà vệ sinh.,1,1.0,1.0,1.0
ngay_mai ong bi dau_hong,Ngày mai ông bị đau họng.,Ngày mai ông bị đau họng.,1,1.0,1.0,1.0
ngay_mai co dang hoc_bai,Ngày mai cô đang học bài.,Ngày mai cô đang học bài.,1,1.0,1.0,1.0
thang nguoi_khiem_thinh dang giat_do,Tháng người khiếm thính đang giặt đồ.,Tháng người khiếm thính đang giặt đồ.,1,1.0,1.0,1.0
buoi_sang toi lam_viec,Buổi sáng tôi làm việc.,Buổi sáng tôi làm việc.,1,1.0,1.0,1.0
ba o van_phong,Bà ở văn phòng.,Bà ở văn phòng.,1,1.0,1.0,1.0
con_gai can tra,Con gái cần trà.,Con gái cần trà.,1,1.0,1.0,1.0
nguoi_khiem_thinh muon giay,Người khiếm thính muốn giày.,Người khiếm thính muốn giày.,1,1.0,1.0,1.0
chu_nhat me bi cam_lanh,Chủ nhật mẹ bị cảm lạnh.,Chủ nhật mẹ bị cảm lạnh.,1,1.0,1.0,1.0
bo can giuong khong,Bố có cần giường không?,Bố có cần giường không?,1,1.0,1.0,1.0
chi muon chin dien_thoai,Chị muốn chín điện thoại.,Chị muốn chín điện thoại.,1,1.0,1.0,1.0
buoi_trua thay_giao lam_bai_tap,Buổi trưa thầy giáo làm bài tập.,Buổi trưa thầy giáo làm bài tập.,1,1.0,1.0,1.0
buoi_chieu bo se di cong_ty,Buổi chiều bố sẽ đi công ty.,Buổi chiều bố sẽ đi công ty.,1,1.0,1.0,1.0
chi muon banh_mi o phong_kham,Chị muốn bánh mì ở phòng khám.,Chị muốn bánh mì ở phòng khám.,1,1.0,1.0,1.0
buoi_sang toi bi bi_thuong,Buổi sáng tôi bị bị thương.,Buổi sáng tôi bị bị thương.,1,1.0,1.0,1.0
thang thay_giao dang chay,Tháng thầy giáo đang chạy.,Tháng thầy giáo đang chạy.,1,1.0,1.0,1.0
ngay_mai me bi dau,Ngày mai mẹ bị đau.,Ngày mai mẹ bị đau.,1,1.0,1.0,1.0
me muon bay tivi,Mẹ muốn bảy ti vi.,Mẹ muốn bảy ti vi.,1,1.0,1.0,1.0
chu_nhat con_gai dang di_cho,Chủ nhật con gái đang đi chợ.,Chủ nhật con gái đang đi chợ.,1,1.0,1.0,1.0
thu_hai anh se di nha,Thứ hai anh sẽ đi nhà.,Thứ hai anh sẽ đi nhà.,1,1.0,1.0,1.0
co can quan khong,Cô có cần quần không?,Cô có cần quần không?,1,1.0,1.0,1.0
toi_nay ban dang mua_sam,Tối nay bạn đang mua sắm.,Tối nay bạn đang mua sắm.,1,1.0,1.0,1.0
anh thich chao,Anh thích cháo.,Anh thích cháo.,1,1.0,1.0,1.0
buoi_trua benh_nhan dang tam,Buổi trưa bệnh nhân đang tắm.,Buổi trưa bệnh nhân đang tắm.,1,1.0,1.0,1.0
con_gai can o khong,Con gái có cần ô không?,Con gái có cần ô không?,1,1.0,1.0,1.0
thu_hai ban xem,Thứ hai bạn xem.,Thứ hai bạn xem.,1,1.0,1.0,1.0
ong can may_tinh khong,Ông có cần máy tính không?,Ông có cần máy tính không?,1,1.0,1.0,1.0
hom_nay nguoi_khiem_thinh dang mua_sam,Hôm nay người khiếm thính đang mua sắm.,Hôm nay người khiếm thính đang mua sắm.,1,1.0,1.0,1.0
buoi_sang anh dang nghe,Buổi sáng anh đang nghe.,Buổi sáng anh đang nghe.,1,1.0,1.0,1.0
me bi sot nen can di_nha_ve_sinh,Mẹ bị sốt nên cần đi nhà vệ sinh.,Mẹ bị sốt nên cần đi nhà vệ sinh.,1,1.0,1.0,1.0
toi can sach khong,Tôi có cần sách không?,Tôi có cần sách không?,1,1.0,1.0,1.0
mua_dong co_giao bi buon_non,Mùa đông cô giáo bị buồn nôn.,Mùa đông cô giáo bị buồn nôn.,1,1.0,1.0,1.0
toi_nay toi bi dau_lung,Tối nay tôi bị đau lưng.,Tối nay tôi bị đau lưng.,1,1.0,1.0,1.0
con_trai muon sach,Con trai muốn sách.,Con trai muốn sách.,1,1.0,1.0,1.0
bay_gio chi doc_sach,Bây giờ chị đọc sách.,Bây giờ chị đọc sách.,1,1.0,1.0,1.0
toi can bon may_tinh,Tôi cần bốn máy tính.,Tôi cần bốn máy tính.,1,1.0,1.0,1.0
anh bi dau_bung,Anh bị đau bụng.,Anh bị đau bụng.,1,1.0,1.0,1.0
ban muon com o truong,Bạn muốn cơm ở trường.,Bạn muốn cơm ở trường.,1,1.0,1.0,1.0
hom_qua me dang an,Hôm qua mẹ đang ăn.,Hôm qua mẹ đang ăn.,1,1.0,1.0,1.0
ban can hai_muoi dien_thoai,Bạn cần hai mươi điện thoại.,Bạn cần hai mươi điện thoại.,1,1.0,1.0,1.0
bay_gio troi_nang khong,Bây giờ có nắng không?,Bây giờ có nắng không?,1,1.0,1.0,1.0
ong can goi_y_ta khong,Ông có cần gọi y tá không?,Ông có cần gọi y tá không?,1,1.0,1.0,1.0
chi bi dau_hong nen can di_benh_vien,Chị bị đau họng nên cần đi bệnh viện.,Chị bị đau họng nên cần đi bệnh viện.,1,1.0,1.0,1.0
ngay_mai ba dang lam_viec,Ngày mai bà đang làm việc.,Ngày mai bà đang làm việc.,1,1.0,1.0,1.0
dong_ho lanh,Đồng hồ lạnh.,Đồng hồ lạnh.,1,1.0,1.0,1.0
thu_hai anh ngu,Thứ hai anh ngủ.,Thứ hai anh ngủ.,1,1.0,1.0,1.0
anh bi dau_lung nen can goi_y_ta,Anh bị đau lưng nên cần gọi y tá.,Anh bị đau lưng nên cần gọi y tá.,1,1.0,1.0,1.0
thang thay_giao dang doc_sach,Tháng thầy giáo đang đọc sách.,Tháng thầy giáo đang đọc sách.,1,1.0,1.0,1.0
thu_nam toi dang nghi,Thứ năm tôi đang nghỉ.,Thứ năm tôi đang nghỉ.,1,1.0,1.0,1.0
thang ong nghi,Tháng ông nghỉ.,Tháng ông nghỉ.,1,1.0,1.0,1.0
ngay_mai em bi bi_thuong,Ngày mai em bị bị thương.,Ngày mai em bị bị thương.,1,1.0,1.0,1.0
con_gai can trai_cay,Con gái cần trái cây.,Con gái cần trái cây.,1,1.0,1.0,1.0
buoi_trua chi se di phong_kham,Buổi trưa chị sẽ đi phòng khám.,Buổi trưa chị sẽ đi phòng khám.,1,1.0,1.0,1.0
ong thich ao_khoac,Ông thích áo khoác.,Ông thích áo khoác.,1,1.0,1.0,1.0
toi can nam bun,Tôi cần năm bún.,Tôi cần năm bún.,1,1.0,1.0,1.0
ba_lo mau_do,Ba lô màu đỏ.,Ba lô màu đỏ.,1,1.0,1.0,1.0
co dang nghi,Cô đang nghỉ.,Cô đang nghỉ.,1,1.0,1.0,1.0
hom_qua co lam_viec,Hôm qua cô làm việc.,Hôm qua cô làm việc.,1,1.0,1.0,1.0
bay_gio con_gai bi dau_hong,Bây giờ con gái bị đau họng.,Bây giờ con gái bị đau họng.,1,1.0,1.0,1.0
mua_he con_gai bi dau_bung,Mùa hè con gái bị đau bụng.,Mùa hè con gái bị đau bụng.,1,1.0,1.0,1.0
buoi_toi con_gai dang nghe,Buổi tối con gái đang nghe.,Buổi tối con gái đang nghe.,1,1.0,1.0,1.0
toi_nay ban se di sieu_thi,Tối nay bạn sẽ đi siêu thị.,Tối nay bạn sẽ đi siêu thị.,1,1.0,1.0,1.0
chi muon di nha_ga,Chị muốn đi nhà ga.,Chị muốn đi nhà ga.,1,1.0,1.0,1.0
me bi met nen can goi_bac_si,Mẹ bị mệt nên cần gọi bác sĩ.,Mẹ bị mệt nên cần gọi bác sĩ.,1,1.0,1.0,1.0
buoi_toi ban dang nghe,Buổi tối bạn đang nghe.,Buổi tối bạn đang nghe.,1,1.0,1.0,1.0
thu_hai ban dang lam_viec,Thứ hai bạn đang làm việc.,Thứ hai bạn đang làm việc.,1,1.0,1.0,1.0
buoi_trua co dang lam_bai_tap,Buổi trưa cô đang làm bài tập.,Buổi trưa cô đang làm bài tập.,1,1.0,1.0,1.0
bac_si can quan,Bác sĩ cần quần.,Bác sĩ cần quần.,1,1.0,1.0,1.0
hom_qua bo bi cam_lanh,Hôm qua bố bị cảm lạnh.,Hôm qua bố bị cảm lạnh.,1,1.0,1.0,1.0
bay_gio ong bi dau_bung,Bây giờ ông bị đau bụng.,Bây giờ ông bị đau bụng.,1,1.0,1.0,1.0
ban di may_bay,Bạn đi máy bay.,Bạn đi máy bay.,1,1.0,1.0,1.0
hom_qua chi an,Hôm qua chị ăn.,Hôm qua chị ăn.,1,1.0,1.0,1.0
ngay ban bi met,Ngày bạn bị mệt.,Ngày bạn bị mệt.,1,1.0,1.0,1.0
me bi dau_tay nen can goi_y_ta,Mẹ bị đau tay nên cần gọi y tá.,Mẹ bị đau tay nên cần gọi y tá.,1,1.0,1.0,1.0
buoi_sang ba dang lam_viec,Buổi sáng bà đang làm việc.,Buổi sáng bà đang làm việc.,1,1.0,1.0,1.0
em muon mot_tram nuoc_cam,Em muốn một trăm nước cam.,Em muốn một trăm nước cam.,1,1.0,1.0,1.0
ban di phong_ngu,Bạn đi phòng ngủ.,Bạn đi phòng ngủ.,1,1.0,1.0,1.0
buoi_sang co_giao bi ho,Buổi sáng cô giáo bị ho.,Buổi sáng cô giáo bị ho.,1,1.0,1.0,1.0
ngay_mai anh bi sot,Ngày mai anh bị sốt.,Ngày mai anh bị sốt.,1,1.0,1.0,1.0
buoi_sang chi bi dau_tay,Buổi sáng chị bị đau tay.,Buổi sáng chị bị đau tay.,1,1.0,1.0,1.0
buoi_trua chung_toi dang tam,Buổi trưa chúng tôi đang tắm.,Buổi trưa chúng tôi đang tắm.,1,1.0,1.0,1.0
thu_tu con_trai dang doc_sach,Thứ tư con trai đang đọc sách.,Thứ tư con trai đang đọc sách.,1,1.0,1.0,1.0
mua_he me bi met,Mùa hè mẹ bị mệt.,Mùa hè mẹ bị mệt.,1,1.0,1.0,1.0
buoi_chieu co_giao dang lam_viec,Buổi chiều cô giáo đang làm việc.,Buổi chiều cô giáo đang làm việc.,1,1.0,1.0,1.0
bo o ban,Bố ở bàn.,Bố ở bàn.,1,1.0,1.0,1.0
hom_qua em bi chong_mat,Hôm qua em bị chóng mặt.,Hôm qua em bị chóng mặt.,1,1.0,1.0,1.0
thang ong bi ho,Tháng ông bị ho.,Tháng ông bị ho.,1,1.0,1.0,1.0
ong bi dau_tay nen can giup_do,Ông bị đau tay nên cần giúp đỡ.,Ông bị đau tay nên cần giúp đỡ.,1,1.0,1.0,1.0
toi muon bun o phong_kham,Tôi muốn bún ở phòng khám.,Tôi muốn bún ở phòng khám.,1,1.0,1.0,1.0
thu_ba benh_nhan dang di_bo,Thứ ba bệnh nhân đang đi bộ.,Thứ ba bệnh nhân đang đi bộ.,1,1.0,1.0,1.0
ba muon tivi,Bà muốn ti vi.,Bà muốn ti vi.,1,1.0,1.0,1.0
chu_nhat chung_toi dang viet,Chủ nhật chúng tôi đang viết.,Chủ nhật chúng tôi đang viết.,1,1.0,1.0,1.0
buoi_trua bo an,Buổi trưa bố ăn.,Buổi trưa bố ăn.,1,1.0,1.0,1.0
thu_hai kho_rao,Thứ hai khô ráo.,Thứ hai khô ráo.,1,1.0,1.0,1.0
em can nam sach,Em cần năm sách.,Em cần năm sách.,1,1.0,1.0,1.0
toi dang chay,Tôi đang chạy.,Tôi đang chạy.,1,1.0,1.0,1.0
thay_giao muon nuoc,Thầy giáo muốn nước.,Thầy giáo muốn nước.,1,1.0,1.0,1.0
thu_tu ban dang giat_do,Thứ tư bạn đang giặt đồ.,Thứ tư bạn đang giặt đồ.,1,1.0,1.0,1.0
chi da nghe,Chị đã nghe.,Chị đã nghe.,1,1.0,1.0,1.0
thu_nam me dang noi,Thứ năm mẹ đang nói.,Thứ năm mẹ đang nói.,1,1.0,1.0,1.0
toi_nay nguoi_khiem_thinh bi kho_tho,Tối nay người khiếm thính bị khó thở.,Tối nay người khiếm thính bị khó thở.,1,1.0,1.0,1.0
thu_nam ban bi dau_hong,Thứ năm bạn bị đau họng.,Thứ năm bạn bị đau họng.,1,1.0,1.0,1.0
hom_nay em dang an,Hôm nay em đang ăn.,Hôm nay em đang ăn.,1,1.0,1.0,1.0
con_trai o nha_ga,Con trai ở nhà ga.,Con trai ở nhà ga.,1,1.0,1.0,1.0
mua_dong ba bi dau_bung,Mùa đông bà bị đau bụng.,Mùa đông bà bị đau bụng.,1,1.0,1.0,1.0
bay_gio ban dang mua_sam,Bây giờ bạn đang mua sắm.,Bây giờ bạn đang mua sắm.,1,1.0,1.0,1.0
toi_nay em bi dau_tay,Tối nay em bị đau tay.,Tối nay em bị đau tay.,1,1.0,1.0,1.0
dien_thoai ban,Điện thoại bẩn.,Điện thoại bẩn.,1,1.0,1.0,1.0
mua_dong ba nghi,Mùa đông bà nghỉ.,Mùa đông bà nghỉ.,1,1.0,1.0,1.0
mua_he ba bi chong_mat,Mùa hè bà bị chóng mặt.,Mùa hè bà bị chóng mặt.,1,1.0,1.0,1.0
thu_tu ban bi dau_chan,Thứ tư bạn bị đau chân.,Thứ tư bạn bị đau chân.,1,1.0,1.0,1.0
bay_gio toi dang xem,Bây giờ tôi đang xem.,Bây giờ tôi đang xem.,1,1.0,1.0,1.0
ong can bon nuoc_cam,Ông cần bốn nước cam.,Ông cần bốn nước cam.,1,1.0,1.0,1.0
thu_bay ban dang hoc_bai,Thứ bảy bạn đang học bài.,Thứ bảy bạn đang học bài.,1,1.0,1.0,1.0
co khong muon dia_chi,Cô không muốn địa chỉ.,Cô không muốn địa chỉ.,1,1.0,1.0,1.0
thu_sau nguoi_khiem_thinh bi sot,Thứ sáu người khiếm thính bị sốt.,Thứ sáu người khiếm thính bị sốt.,1,1.0,1.0,1.0
ngay_mai ban xem,Ngày mai bạn xem.,Ngày mai bạn xem.,1,1.0,1.0,1.0
toi muon bay dien_thoai,Tôi muốn bảy điện thoại.,Tôi muốn bảy điện thoại.,1,1.0,1.0,1.0
toi muon ba_muoi dien_thoai,Tôi muốn ba mươi điện thoại.,Tôi muốn ba mươi điện thoại.,1,1.0,1.0,1.0
toi muon mua com,Tôi muốn mua cơm.,Tôi muốn mua cơm.,1,1.0,1.0,1.0
ban muon chao o sieu_thi,Bạn muốn cháo ở siêu thị.,Bạn muốn cháo ở siêu thị.,1,1.0,1.0,1.0
mua_he thay_giao dang doc_sach,Mùa hè thầy giáo đang đọc sách.,Mùa hè thầy giáo đang đọc sách.,1,1.0,1.0,1.0
thu_ba benh_nhan bi di_ung,Thứ ba bệnh nhân bị dị ứng.,Thứ ba bệnh nhân bị dị ứng.,1,1.0,1.0,1.0
chi dang tam,Chị đang tắm.,Chị đang tắm.,1,1.0,1.0,1.0
toi muon bay nuoc_cam,Tôi muốn bảy nước cam.,Tôi muốn bảy nước cam.,1,1.0,1.0,1.0
bo muon nam chao,Bố muốn năm cháo.,Bố muốn năm cháo.,1,1.0,1.0,1.0
ong thich nghi_ngoi,Ông thích nghỉ ngơi.,Ông thích nghỉ ngơi.,1,1.0,1.0,1.0
thu_ba bo dang rua_tay,Thứ ba bố đang rửa tay.,Thứ ba bố đang rửa tay.,1,1.0,1.0,1.0
dong_ho mau_do,Đồng hồ màu đỏ.,Đồng hồ màu đỏ.,1,1.0,1.0,1.0
buoi_chieu ba viet,Buổi chiều bà viết.,Buổi chiều bà viết.,1,1.0,1.0,1.0
thu_ba thay_giao dang rua_tay,Thứ ba thầy giáo đang rửa tay.,Thứ ba thầy giáo đang rửa tay.,1,1.0,1.0,1.0
con_gai bi dau nen can goi_bac_si,Con gái bị đau nên cần gọi bác sĩ.,Con gái bị đau nên cần gọi bác sĩ.,1,1.0,1.0,1.0
thu_ba me dang lam_bai_tap,Thứ ba mẹ đang làm bài tập.,Thứ ba mẹ đang làm bài tập.,1,1.0,1.0,1.0
toi mat mu,Tôi mất mũ.,Tôi mất mũ.,1,1.0,1.0,1.0
bo bi dau_bung nen can thuoc,Bố bị đau bụng nên cần thuốc.,Bố bị đau bụng nên cần thuốc.,1,1.0,1.0,1.0
thu_tu toi an,Thứ tư tôi ăn.,Thứ tư tôi ăn.,1,1.0,1.0,1.0
chi dang hoc_bai,Chị đang học bài.,Chị đang học bài.,1,1.0,1.0,1.0
toi_nay co nghi,Tối nay cô nghỉ.,Tối nay cô nghỉ.,1,1.0,1.0,1.0
thu_hai anh se di benh_vien,Thứ hai anh sẽ đi bệnh viện.,Thứ hai anh sẽ đi bệnh viện.,1,1.0,1.0,1.0
hom_qua co_giao xem,Hôm qua cô giáo xem.,Hôm qua cô giáo xem.,1,1.0,1.0,1.0
quan mau_xanh,Quần màu xanh.,Quần màu xanh.,1,1.0,1.0,1.0
thay_giao thich cua,Thầy giáo thích cửa.,Thầy giáo thích cửa.,1,1.0,1.0,1.0
co_giao muon sach,Cô giáo muốn sách.,Cô giáo muốn sách.,1,1.0,1.0,1.0
chu_nhat co dang nau_an,Chủ nhật cô đang nấu ăn.,Chủ nhật cô đang nấu ăn.,1,1.0,1.0,1.0
me muon dien_thoai,Mẹ muốn điện thoại.,Mẹ muốn điện thoại.,1,1.0,1.0,1.0
thu_tu em dang chay,Thứ tư em đang chạy.,Thứ tư em đang chạy.,1,1.0,1.0,1.0
co_giao den cong_vien,Cô giáo đến công viên.,Cô giáo đến công viên.,1,1.0,1.0,1.0
mua_dong ong dang di_hoc,Mùa đông ông đang đi học.,Mùa đông ông đang đi học.,1,1.0,1.0,1.0
nam ba dang choi,Năm bà đang chơi.,Năm bà đang chơi.,1,1.0,1.0,1.0
hom_qua ba dang tam,Hôm qua bà đang tắm.,Hôm qua bà đang tắm.,1,1.0,1.0,1.0
chung_toi o giuong,Chúng tôi ở giường.,Chúng tôi ở giường.,1,1.0,1.0,1.0
buoi_chieu bo bi dau_hong,Buổi chiều bố bị đau họng.,Buổi chiều bố bị đau họng.,1,1.0,1.0,1.0
toi_nay bo se di nha,Tối nay bố sẽ đi nhà.,Tối nay bố sẽ đi nhà.,1,1.0,1.0,1.0
chu_nhat anh dang nau_an,Chủ nhật anh đang nấu ăn.,Chủ nhật anh đang nấu ăn.,1,1.0,1.0,1.0
nam bo dang xem,Năm bố đang xem.,Năm bố đang xem.,1,1.0,1.0,1.0
ban muon chin com,Bạn muốn chín cơm.,Bạn muốn chín cơm.,1,1.0,1.0,1.0
con_trai o truong,Con trai ở trường.,Con trai ở trường.,1,1.0,1.0,1.0
ba da rua_tay,Bà đã rửa tay.,Bà đã rửa tay.,1,1.0,1.0,1.0
thang co bi dau_lung,Tháng cô bị đau lưng.,Tháng cô bị đau lưng.,1,1.0,1.0,1.0
hom_qua chi dang nau_an,Hôm qua chị đang nấu ăn.,Hôm qua chị đang nấu ăn.,1,1.0,1.0,1.0
ban muon sau nuoc,Bạn muốn sáu nước.,Bạn muốn sáu nước.,1,1.0,1.0,1.0
bo can tam may_tinh,Bố cần tám máy tính.,Bố cần tám máy tính.,1,1.0,1.0,1.0
mua_he anh dang di_cho,Mùa hè anh đang đi chợ.,Mùa hè anh đang đi chợ.,1,1.0,1.0,1.0
ngay_mai bo se di benh_vien,Ngày mai bố sẽ đi bệnh viện.,Ngày mai bố sẽ đi bệnh viện.,1,1.0,1.0,1.0
nguoi_khiem_thinh can o,Người khiếm thính cần ô.,Người khiếm thính cần ô.,1,1.0,1.0,1.0
ong can mot_tram nuoc_cam,Ông cần một trăm nước cam.,Ông cần một trăm nước cam.,1,1.0,1.0,1.0
thay_giao dang giat_do,Thầy giáo đang giặt đồ.,Thầy giáo đang giặt đồ.,1,1.0,1.0,1.0
thu_bay toi bi di_ung,Thứ bảy tôi bị dị ứng.,Thứ bảy tôi bị dị ứng.,1,1.0,1.0,1.0
hom_qua co dang an,Hôm qua cô đang ăn.,Hôm qua cô đang ăn.,1,1.0,1.0,1.0
em can bao_nhieu noi_com_dien,Em cần bao nhiêu nồi cơm điện?,Em cần bao nhiêu nồi cơm điện?,1,1.0,1.0,1.0
ong can ba_muoi banh_mi,Ông cần ba mươi bánh mì.,Ông cần ba mươi bánh mì.,1,1.0,1.0,1.0
thu_hai con_gai dang hoc_bai,Thứ hai con gái đang học bài.,Thứ hai con gái đang học bài.,1,1.0,1.0,1.0
mua_dong chung_toi dang lam_bai_tap,Mùa đông chúng tôi đang làm bài tập.,Mùa đông chúng tôi đang làm bài tập.,1,1.0,1.0,1.0
nguoi_than can nghi_ngoi,Người thân cần nghỉ ngơi.,Người thân cần nghỉ ngơi.,1,1.0,1.0,1.0
mua_he co dang xem,Mùa hè cô đang xem.,Mùa hè cô đang xem.,1,1.0,1.0,1.0
ban muon nam pho,Bạn muốn năm phở.,Bạn muốn năm phở.,1,1.0,1.0,1.0
vui_long dua di_benh_vien cho toi,Vui lòng đưa đi bệnh viện cho tôi.,Vui lòng đưa đi bệnh viện cho tôi.,1,1.0,1.0,1.0
bay_gio chung_toi dang lam_bai_tap,Bây giờ chúng tôi đang làm bài tập.,Bây giờ chúng tôi đang làm bài tập.,1,1.0,1.0,1.0
toi_nay chi an,Tối nay chị ăn.,Tối nay chị ăn.,1,1.0,1.0,1.0
toi_nay ba dang nghi,Tối nay bà đang nghỉ.,Tối nay bà đang nghỉ.,1,1.0,1.0,1.0
nguoi_khiem_thinh o nha_bep,Người khiếm thính ở nhà bếp.,Người khiếm thính ở nhà bếp.,1,1.0,1.0,1.0
con_gai muon sach,Con gái muốn sách.,Con gái muốn sách.,1,1.0,1.0,1.0
bo bi dau nen can goi_bac_si,Bố bị đau nên cần gọi bác sĩ.,Bố bị đau nên cần gọi bác sĩ.,1,1.0,1.0,1.0
thang nguoi_khiem_thinh dang nghi,Tháng người khiếm thính đang nghỉ.,Tháng người khiếm thính đang nghỉ.,1,1.0,1.0,1.0
co_giao thich di_nha_ve_sinh,Cô giáo thích đi nhà vệ sinh.,Cô giáo thích đi nhà vệ sinh.,1,1.0,1.0,1.0
buoi_toi anh dang ngu,Buổi tối anh đang ngủ.,Buổi tối anh đang ngủ.,1,1.0,1.0,1.0
buoi_toi con_gai dang ngu,Buổi tối con gái đang ngủ.,Buổi tối con gái đang ngủ.,1,1.0,1.0,1.0
me bi dau_chan nen can nuoc,Mẹ bị đau chân nên cần nước.,Mẹ bị đau chân nên cần nước.,1,1.0,1.0,1.0
thu_nam chi dang uong,Thứ năm chị đang uống.,Thứ năm chị đang uống.,1,1.0,1.0,1.0
ong can giuong,Ông cần giường.,Ông cần giường.,1,1.0,1.0,1.0
bo muon sua o nha,Bố muốn sữa ở nhà.,Bố muốn sữa ở nhà.,1,1.0,1.0,1.0
quan nong,Quần nóng.,Quần nóng.,1,1.0,1.0,1.0
thu_tu bo dang xem,Thứ tư bố đang xem.,Thứ tư bố đang xem.,1,1.0,1.0,1.0
ba mat ghe,Bà mất ghế.,Bà mất ghế.,1,1.0,1.0,1.0
thay_giao o ben_xe,Thầy giáo ở bến xe.,Thầy giáo ở bến xe.,1,1.0,1.0,1.0
hom_qua toi bi chong_mat,Hôm qua tôi bị chóng mặt.,Hôm qua tôi bị chóng mặt.,1,1.0,1.0,1.0
toi muon hai_muoi com,Tôi muốn hai mươi cơm.,Tôi muốn hai mươi cơm.,1,1.0,1.0,1.0
hom_nay chung_toi bi dau_bung,Hôm nay chúng tôi bị đau bụng.,Hôm nay chúng tôi bị đau bụng.,1,1.0,1.0,1.0
buoi_trua toi dang chay,Buổi trưa tôi đang chạy.,Buổi trưa tôi đang chạy.,1,1.0,1.0,1.0
toi bi sot can goi_bac_si,"Tôi bị sốt, cần gọi bác sĩ.","Tôi bị sốt, cần gọi bác sĩ.",1,1.0,1.0,1.0
ngay_mai bo dang doc_sach,Ngày mai bố đang đọc sách.,Ngày mai bố đang đọc sách.,1,1.0,1.0,1.0
co dang nau_an,Cô đang nấu ăn.,Cô đang nấu ăn.,1,1.0,1.0,1.0
hom_qua em hoc_bai,Hôm qua em học bài.,Hôm qua em học bài.,1,1.0,1.0,1.0
nam ban bi ho,Năm bạn bị ho.,Năm bạn bị ho.,1,1.0,1.0,1.0
thu_tu co_giao lam_bai_tap,Thứ tư cô giáo làm bài tập.,Thứ tư cô giáo làm bài tập.,1,1.0,1.0,1.0
hom_qua benh_nhan dang lam_viec,Hôm qua bệnh nhân đang làm việc.,Hôm qua bệnh nhân đang làm việc.,1,1.0,1.0,1.0
vui_long dua goi_y_ta cho toi,Vui lòng đưa gọi y tá cho tôi.,Vui lòng đưa gọi y tá cho tôi.,1,1.0,1.0,1.0
nguoi_khiem_thinh can ghe khong,Người khiếm thính có cần ghế không?,Người khiếm thính có cần ghế không?,1,1.0,1.0,1.0
thu_nam con_gai dang doc_sach,Thứ năm con gái đang đọc sách.,Thứ năm con gái đang đọc sách.,1,1.0,1.0,1.0
ngay anh nghi,Ngày anh nghỉ.,Ngày anh nghỉ.,1,1.0,1.0,1.0
buoi_trua ba dang uong,Buổi trưa bà đang uống.,Buổi trưa bà đang uống.,1,1.0,1.0,1.0
thu_ba ban dang nau_an,Thứ ba bạn đang nấu ăn.,Thứ ba bạn đang nấu ăn.,1,1.0,1.0,1.0
em muon sau ban_phim,Em muốn sáu bàn phím.,Em muốn sáu bàn phím.,1,1.0,1.0,1.0
mua_he ong bi dau_dau,Mùa hè ông bị đau đầu.,Mùa hè ông bị đau đầu.,1,1.0,1.0,1.0
bay_gio benh_nhan dang tap_the_duc,Bây giờ bệnh nhân đang tập thể dục.,Bây giờ bệnh nhân đang tập thể dục.,1,1.0,1.0,1.0
buoi_sang con_trai dang giat_do,Buổi sáng con trai đang giặt đồ.,Buổi sáng con trai đang giặt đồ.,1,1.0,1.0,1.0
toi can chin bun,Tôi cần chín bún.,Tôi cần chín bún.,1,1.0,1.0,1.0
ngay toi bi dau_chan,Ngày tôi bị đau chân.,Ngày tôi bị đau chân.,1,1.0,1.0,1.0
buoi_toi toi hoc_bai,Buổi tối tôi học bài.,Buổi tối tôi học bài.,1,1.0,1.0,1.0
y_ta can ao_khoac,Y tá cần áo khoác.,Y tá cần áo khoác.,1,1.0,1.0,1.0
buoi_chieu me bi kho_tho,Buổi chiều mẹ bị khó thở.,Buổi chiều mẹ bị khó thở.,1,1.0,1.0,1.0
me muon bon chao,Mẹ muốn bốn cháo.,Mẹ muốn bốn cháo.,1,1.0,1.0,1.0
hom_nay thay_giao dang di_cho,Hôm nay thầy giáo đang đi chợ.,Hôm nay thầy giáo đang đi chợ.,1,1.0,1.0,1.0
toi_nay chi lam_bai_tap,Tối nay chị làm bài tập.,Tối nay chị làm bài tập.,1,1.0,1.0,1.0
toi se lam_bai_tap,Tôi sẽ làm bài tập.,Tôi sẽ làm bài tập.,1,1.0,1.0,1.0
thu_sau me dang di_cho,Thứ sáu mẹ đang đi chợ.,Thứ sáu mẹ đang đi chợ.,1,1.0,1.0,1.0
nguoi_than can sac_pin,Người thân cần sạc pin.,Người thân cần sạc pin.,1,1.0,1.0,1.0
buoi_sang chi se di cong_ty,Buổi sáng chị sẽ đi công ty.,Buổi sáng chị sẽ đi công ty.,1,1.0,1.0,1.0
bo muon ao,Bố muốn áo.,Bố muốn áo.,1,1.0,1.0,1.0
me bi dau_lung nen can di_nha_ve_sinh,Mẹ bị đau lưng nên cần đi nhà vệ sinh.,Mẹ bị đau lưng nên cần đi nhà vệ sinh.,1,1.0,1.0,1.0
ngay co dang mua_sam,Ngày cô đang mua sắm.,Ngày cô đang mua sắm.,1,1.0,1.0,1.0
bo can ao,Bố cần áo.,Bố cần áo.,1,1.0,1.0,1.0
cua o_dau,Cửa ở đâu?,Cửa ở đâu?,1,1.0,1.0,1.0
buoi_toi con_gai dang di_cho,Buổi tối con gái đang đi chợ.,Buổi tối con gái đang đi chợ.,1,1.0,1.0,1.0
noi_com_dien xau,Nồi cơm điện xấu.,Nồi cơm điện xấu.,1,1.0,1.0,1.0
toi muon ba_muoi bun,Tôi muốn ba mươi bún.,Tôi muốn ba mươi bún.,1,1.0,1.0,1.0
chu_nhat bo bi dau_hong,Chủ nhật bố bị đau họng.,Chủ nhật bố bị đau họng.,1,1.0,1.0,1.0
me can di_nha_ve_sinh khong,Mẹ có cần đi nhà vệ sinh không?,Mẹ có cần đi nhà vệ sinh không?,1,1.0,1.0,1.0
bo can tra,Bố cần trà.,Bố cần trà.,1,1.0,1.0,1.0
chu_nhat toi dang choi,Chủ nhật tôi đang chơi.,Chủ nhật tôi đang chơi.,1,1.0,1.0,1.0
bay_gio thay_giao dang nghi,Bây giờ thầy giáo đang nghỉ.,Bây giờ thầy giáo đang nghỉ.,1,1.0,1.0,1.0
thu_ba thay_giao bi bi_thuong,Thứ ba thầy giáo bị bị thương.,Thứ ba thầy giáo bị bị thương.,1,1.0,1.0,1.0
mua_dong co_giao bi dau_hong,Mùa đông cô giáo bị đau họng.,Mùa đông cô giáo bị đau họng.,1,1.0,1.0,1.0
thang toi dang nghi,Tháng tôi đang nghỉ.,Tháng tôi đang nghỉ.,1,1.0,1.0,1.0
chu_nhat ba bi met,Chủ nhật bà bị mệt.,Chủ nhật bà bị mệt.,1,1.0,1.0,1.0
ong bi dau_tay nen can di_benh_vien,Ông bị đau tay nên cần đi bệnh viện.,Ông bị đau tay nên cần đi bệnh viện.,1,1.0,1.0,1.0
buoi_chieu chi bi chong_mat,Buổi chiều chị bị chóng mặt.,Buổi chiều chị bị chóng mặt.,1,1.0,1.0,1.0
buoi_sang toi bi dau_bung,Buổi sáng tôi bị đau bụng.,Buổi sáng tôi bị đau bụng.,1,1.0,1.0,1.0
ngay_mai em ngu,Ngày mai em ngủ.,Ngày mai em ngủ.,1,1.0,1.0,1.0
ngay_mai chi dang xem,Ngày mai chị đang xem.,Ngày mai chị đang xem.,1,1.0,1.0,1.0
anh muon com o nha_thuoc,Anh muốn cơm ở nhà thuốc.,Anh muốn cơm ở nhà thuốc.,1,1.0,1.0,1.0
hom_qua em dang nghe,Hôm qua em đang nghe.,Hôm qua em đang nghe.,1,1.0,1.0,1.0
co bi chay_mau nen can goi_bac_si,Cô bị chảy máu nên cần gọi bác sĩ.,Cô bị chảy máu nên cần gọi bác sĩ.,1,1.0,1.0,1.0
hom_nay co xem,Hôm nay cô xem.,Hôm nay cô xem.,1,1.0,1.0,1.0
mua_dong ba dang ngu,Mùa đông bà đang ngủ.,Mùa đông bà đang ngủ.,1,1.0,1.0,1.0
toi muon kinh_lup,Tôi muốn kính lúp.,Tôi muốn kính lúp.,1,1.0,1.0,1.0
bay_gio ban se di cong_ty,Bây giờ bạn sẽ đi công ty.,Bây giờ bạn sẽ đi công ty.,1,1.0,1.0,1.0
hom_nay ong dang nghe,Hôm nay ông đang nghe.,Hôm nay ông đang nghe.,1,1.0,1.0,1.0
nam ba dang an,Năm bà đang ăn.,Năm bà đang ăn.,1,1.0,1.0,1.0
benh_nhan can tivi,Bệnh nhân cần ti vi.,Bệnh nhân cần ti vi.,1,1.0,1.0,1.0
thu_tu con_gai dang ngu,Thứ tư con gái đang ngủ.,Thứ tư con gái đang ngủ.,1,1.0,1.0,1.0
hom_nay ong dang mua_sam,Hôm nay ông đang mua sắm.,Hôm nay ông đang mua sắm.,1,1.0,1.0,1.0
toi_nay ban an,Tối nay bạn ăn.,Tối nay bạn ăn.,1,1.0,1.0,1.0
chi can bon sach,Chị cần bốn sách.,Chị cần bốn sách.,1,1.0,1.0,1.0
me muon mot chao,Mẹ muốn một cháo.,Mẹ muốn một cháo.,1,1.0,1.0,1.0
me muon com o truong,Mẹ muốn cơm ở trường.,Mẹ muốn cơm ở trường.,1,1.0,1.0,1.0
cua on_ao,Cửa ồn ào.,Cửa ồn ào.,1,1.0,1.0,1.0
thang ban bi di_ung,Tháng bạn bị dị ứng.,Tháng bạn bị dị ứng.,1,1.0,1.0,1.0
toi_nay em bi bi_thuong,Tối nay em bị bị thương.,Tối nay em bị bị thương.,1,1.0,1.0,1.0
mua_dong chi dang di_hoc,Mùa đông chị đang đi học.,Mùa đông chị đang đi học.,1,1.0,1.0,1.0
toi_nay chung_toi bi dau,Tối nay chúng tôi bị đau.,Tối nay chúng tôi bị đau.,1,1.0,1.0,1.0
thu_bay thay_giao dang nghi,Thứ bảy thầy giáo đang nghỉ.,Thứ bảy thầy giáo đang nghỉ.,1,1.0,1.0,1.0
con_gai bi buon_non nen can goi_bac_si,Con gái bị buồn nôn nên cần gọi bác sĩ.,Con gái bị buồn nôn nên cần gọi bác sĩ.,1,1.0,1.0,1.0
me can bon dien_thoai,Mẹ cần bốn điện thoại.,Mẹ cần bốn điện thoại.,1,1.0,1.0,1.0
mua_he chi lam_viec,Mùa hè chị làm việc.,Mùa hè chị làm việc.,1,1.0,1.0,1.0
buoi_toi con_trai bi bi_thuong,Buổi tối con trai bị bị thương.,Buổi tối con trai bị bị thương.,1,1.0,1.0,1.0
ban muon hai_muoi pho,Bạn muốn hai mươi phở.,Bạn muốn hai mươi phở.,1,1.0,1.0,1.0
thu_ba ban xem,Thứ ba bạn xem.,Thứ ba bạn xem.,1,1.0,1.0,1.0
toi cam_thay chay_mau,Tôi cảm thấy chảy máu.,Tôi cảm thấy chảy máu.,1,1.0,1.0,1.0
hom_nay ong bi chong_mat,Hôm nay ông bị chóng mặt.,Hôm nay ông bị chóng mặt.,1,1.0,1.0,1.0
thu_sau chung_toi bi cam_lanh,Thứ sáu chúng tôi bị cảm lạnh.,Thứ sáu chúng tôi bị cảm lạnh.,1,1.0,1.0,1.0
ba cam_thay buon,Bà cảm thấy buồn.,Bà cảm thấy buồn.,1,1.0,1.0,1.0
nguoi_khiem_thinh can tivi,Người khiếm thính cần ti vi.,Người khiếm thính cần ti vi.,1,1.0,1.0,1.0
thu_ba ban bi kho_tho,Thứ ba bạn bị khó thở.,Thứ ba bạn bị khó thở.,1,1.0,1.0,1.0
hom_nay thay_giao dang chay,Hôm nay thầy giáo đang chạy.,Hôm nay thầy giáo đang chạy.,1,1.0,1.0,1.0
benh_nhan can banh_mi khong,Bệnh nhân có cần bánh mì không?,Bệnh nhân có cần bánh mì không?,1,1.0,1.0,1.0
em bi chong_mat nen can thuc_an,Em bị chóng mặt nên cần thức ăn.,Em bị chóng mặt nên cần thức ăn.,1,1.0,1.0,1.0
mua_dong chi ngu,Mùa đông chị ngủ.,Mùa đông chị ngủ.,1,1.0,1.0,1.0
ngay em dang rua_tay,Ngày em đang rửa tay.,Ngày em đang rửa tay.,1,1.0,1.0,1.0
ban muon hai_muoi com,Bạn muốn hai mươi cơm.,Bạn muốn hai mươi cơm.,1,1.0,1.0,1.0
hom_qua con_gai bi cam_lanh,Hôm qua con gái bị cảm lạnh.,Hôm qua con gái bị cảm lạnh.,1,1.0,1.0,1.0
buoi_toi me bi dau_hong,Buổi tối mẹ bị đau họng.,Buổi tối mẹ bị đau họng.,1,1.0,1.0,1.0
ngay ba dang di_hoc,Ngày bà đang đi học.,Ngày bà đang đi học.,1,1.0,1.0,1.0
thang em dang mua_sam,Tháng em đang mua sắm.,Tháng em đang mua sắm.,1,1.0,1.0,1.0
toi_nay me bi dau_bung,Tối nay mẹ bị đau bụng.,Tối nay mẹ bị đau bụng.,1,1.0,1.0,1.0
ngay toi bi bi_thuong,Ngày tôi bị bị thương.,Ngày tôi bị bị thương.,1,1.0,1.0,1.0
ban cam_thay dau,Bạn cảm thấy đau.,Bạn cảm thấy đau.,1,1.0,1.0,1.0
co khong muon xe_cuu_thuong,Cô không muốn xe cứu thương.,Cô không muốn xe cứu thương.,1,1.0,1.0,1.0
con_gai can goi_bac_si,Con gái cần gọi bác sĩ.,Con gái cần gọi bác sĩ.,1,1.0,1.0,1.0
ba bi cam_lanh nen can goi_bac_si,Bà bị cảm lạnh nên cần gọi bác sĩ.,Bà bị cảm lạnh nên cần gọi bác sĩ.,1,1.0,1.0,1.0
buoi_toi ban bi kho_tho,Buổi tối bạn bị khó thở.,Buổi tối bạn bị khó thở.,1,1.0,1.0,1.0
toi bi dau_hong nen can thuc_an,Tôi bị đau họng nên cần thức ăn.,Tôi bị đau họng nên cần thức ăn.,1,1.0,1.0,1.0
buoi_trua con_trai dang xem,Buổi trưa con trai đang xem.,Buổi trưa con trai đang xem.,1,1.0,1.0,1.0
ban bi dau_lung nen can com,Bạn bị đau lưng nên cần cơm.,Bạn bị đau lưng nên cần cơm.,1,1.0,1.0,1.0
ong muon mua vo,Ông muốn mua vở.,Ông muốn mua vở.,1,1.0,1.0,1.0
ong can tam may_tinh,Ông cần tám máy tính.,Ông cần tám máy tính.,1,1.0,1.0,1.0
con_trai can goi_bac_si khong,Con trai có cần gọi bác sĩ không?,Con trai có cần gọi bác sĩ không?,1,1.0,1.0,1.0
mua_dong nguoi_khiem_thinh bi chay_mau,Mùa đông người khiếm thính bị chảy máu.,Mùa đông người khiếm thính bị chảy máu.,1,1.0,1.0,1.0
thu_bay nguoi_khiem_thinh dang lam_viec,Thứ bảy người khiếm thính đang làm việc.,Thứ bảy người khiếm thính đang làm việc.,1,1.0,1.0,1.0
thang toi ngu,Tháng tôi ngủ.,Tháng tôi ngủ.,1,1.0,1.0,1.0
hom_nay nguoi_khiem_thinh bi cam_lanh,Hôm nay người khiếm thính bị cảm lạnh.,Hôm nay người khiếm thính bị cảm lạnh.,1,1.0,1.0,1.0
ngay_mai bo bi cam_lanh,Ngày mai bố bị cảm lạnh.,Ngày mai bố bị cảm lạnh.,1,1.0,1.0,1.0
em can bay dien_thoai,Em cần bảy điện thoại.,Em cần bảy điện thoại.,1,1.0,1.0,1.0
ngay benh_nhan dang viet,Ngày bệnh nhân đang viết.,Ngày bệnh nhân đang viết.,1,1.0,1.0,1.0
mua_he con_gai dang tam,Mùa hè con gái đang tắm.,Mùa hè con gái đang tắm.,1,1.0,1.0,1.0
chi muon hai tivi,Chị muốn hai ti vi.,Chị muốn hai ti vi.,1,1.0,1.0,1.0
thu_tu ba nghi,Thứ tư bà nghỉ.,Thứ tư bà nghỉ.,1,1.0,1.0,1.0
mua_he thay_giao ngu,Mùa hè thầy giáo ngủ.,Mùa hè thầy giáo ngủ.,1,1.0,1.0,1.0
me can tam dien_thoai,Mẹ cần tám điện thoại.,Mẹ cần tám điện thoại.,1,1.0,1.0,1.0
thu_bay anh bi dau_tay,Thứ bảy anh bị đau tay.,Thứ bảy anh bị đau tay.,1,1.0,1.0,1.0
thu_ba chi dang hoc_bai,Thứ ba chị đang học bài.,Thứ ba chị đang học bài.,1,1.0,1.0,1.0
buoi_sang anh bi chong_mat,Buổi sáng anh bị chóng mặt.,Buổi sáng anh bị chóng mặt.,1,1.0,1.0,1.0
em den ben_xe,Em đến bến xe.,Em đến bến xe.,1,1.0,1.0,1.0
me dang giat_do,Mẹ đang giặt đồ.,Mẹ đang giặt đồ.,1,1.0,1.0,1.0
me can rau,Mẹ cần rau.,Mẹ cần rau.,1,1.0,1.0,1.0
ban muon hai vo,Bạn muốn hai vở.,Bạn muốn hai vở.,1,1.0,1.0,1.0
ban can sau ban_phim,Bạn cần sáu bàn phím.,Bạn cần sáu bàn phím.,1,1.0,1.0,1.0
thu_sau co_giao di_hoc,Thứ sáu cô giáo đi học.,Thứ sáu cô giáo đi học.,1,1.0,1.0,1.0
thu_bay anh xem,Thứ bảy anh xem.,Thứ bảy anh xem.,1,1.0,1.0,1.0
thu_sau ong dang an,Thứ sáu ông đang ăn.,Thứ sáu ông đang ăn.,1,1.0,1.0,1.0
thay_giao can ca_phe khong,Thầy giáo có cần cà phê không?,Thầy giáo có cần cà phê không?,1,1.0,1.0,1.0
nguoi_khiem_thinh muon goi_bac_si,Người khiếm thính muốn gọi bác sĩ.,Người khiếm thính muốn gọi bác sĩ.,1,1.0,1.0,1.0
thu_sau co_giao bi dau_lung,Thứ sáu cô giáo bị đau lưng.,Thứ sáu cô giáo bị đau lưng.,1,1.0,1.0,1.0
ngay_mai me dang tap_the_duc,Ngày mai mẹ đang tập thể dục.,Ngày mai mẹ đang tập thể dục.,1,1.0,1.0,1.0
anh muon bay sua,Anh muốn bảy sữa.,Anh muốn bảy sữa.,1,1.0,1.0,1.0
chi muon ba_muoi nuoc_cam,Chị muốn ba mươi nước cam.,Chị muốn ba mươi nước cam.,1,1.0,1.0,1.0
em can hai_muoi may_tinh,Em cần hai mươi máy tính.,Em cần hai mươi máy tính.,1,1.0,1.0,1.0
buoi_chieu ba dang ngu,Buổi chiều bà đang ngủ.,Buổi chiều bà đang ngủ.,1,1.0,1.0,1.0
bay_gio bo dang tam,Bây giờ bố đang tắm.,Bây giờ bố đang tắm.,1,1.0,1.0,1.0
bo muon bon vo,Bố muốn bốn vở.,Bố muốn bốn vở.,1,1.0,1.0,1.0
buoi_trua toi dang xem,Buổi trưa tôi đang xem.,Buổi trưa tôi đang xem.,1,1.0,1.0,1.0
buoi_chieu ong dang lam_bai_tap,Buổi chiều ông đang làm bài tập.,Buổi chiều ông đang làm bài tập.,1,1.0,1.0,1.0
bo di cho,Bố đi chợ.,Bố đi chợ.,1,1.0,1.0,1.0
thu_bay thay_giao bi kho_tho,Thứ bảy thầy giáo bị khó thở.,Thứ bảy thầy giáo bị khó thở.,1,1.0,1.0,1.0
toi_nay co dang tam,Tối nay cô đang tắm.,Tối nay cô đang tắm.,1,1.0,1.0,1.0
thu_ba chung_toi dang nau_an,Thứ ba chúng tôi đang nấu ăn.,Thứ ba chúng tôi đang nấu ăn.,1,1.0,1.0,1.0
em muon com o benh_vien,Em muốn cơm ở bệnh viện.,Em muốn cơm ở bệnh viện.,1,1.0,1.0,1.0
chi can hai dien_thoai,Chị cần hai điện thoại.,Chị cần hai điện thoại.,1,1.0,1.0,1.0
buoi_chieu bo dang ngu,Buổi chiều bố đang ngủ.,Buổi chiều bố đang ngủ.,1,1.0,1.0,1.0
anh muon pho o phong_kham,Anh muốn phở ở phòng khám.,Anh muốn phở ở phòng khám.,1,1.0,1.0,1.0
chi muon sua o lop_hoc,Chị muốn sữa ở lớp học.,Chị muốn sữa ở lớp học.,1,1.0,1.0,1.0
buoi_chieu em se di cong_ty,Buổi chiều em sẽ đi công ty.,Buổi chiều em sẽ đi công ty.,1,1.0,1.0,1.0
thu_ba co_giao nghi,Thứ ba cô giáo nghỉ.,Thứ ba cô giáo nghỉ.,1,1.0,1.0,1.0
ong can hai_muoi den,Ông cần hai mươi đèn.,Ông cần hai mươi đèn.,1,1.0,1.0,1.0
bay_gio co_giao dang lam_bai_tap,Bây giờ cô giáo đang làm bài tập.,Bây giờ cô giáo đang làm bài tập.,1,1.0,1.0,1.0
me can hai may_tinh,Mẹ cần hai máy tính.,Mẹ cần hai máy tính.,1,1.0,1.0,1.0
toi muon mua ban_phim,Tôi muốn mua bàn phím.,Tôi muốn mua bàn phím.,1,1.0,1.0,1.0
hom_nay bo dang nghi,Hôm nay bố đang nghỉ.,Hôm nay bố đang nghỉ.,1,1.0,1.0,1.0
chu_nhat anh dang an,Chủ nhật anh đang ăn.,Chủ nhật anh đang ăn.,1,1.0,1.0,1.0
nguoi_khiem_thinh thich khau_trang,Người khiếm thính thích khẩu trang.,Người khiếm thính thích khẩu trang.,1,1.0,1.0,1.0
ngay ong bi dau_bung,Ngày ông bị đau bụng.,Ngày ông bị đau bụng.,1,1.0,1.0,1.0
chi thich com,Chị thích cơm.,Chị thích cơm.,1,1.0,1.0,1.0
chi can sau nuoc,Chị cần sáu nước.,Chị cần sáu nước.,1,1.0,1.0,1.0
buoi_trua benh_nhan dang chay,Buổi trưa bệnh nhân đang chạy.,Buổi trưa bệnh nhân đang chạy.,1,1.0,1.0,1.0
bo muon chao o truong,Bố muốn cháo ở trường.,Bố muốn cháo ở trường.,1,1.0,1.0,1.0
thu_ba me bi buon_non,Thứ ba mẹ bị buồn nôn.,Thứ ba mẹ bị buồn nôn.,1,1.0,1.0,1.0
bay_gio toi bi dau_lung,Bây giờ tôi bị đau lưng.,Bây giờ tôi bị đau lưng.,1,1.0,1.0,1.0
co se tam,Cô sẽ tắm.,Cô sẽ tắm.,1,1.0,1.0,1.0
anh muon kinh_lup,Anh muốn kính lúp.,Anh muốn kính lúp.,1,1.0,1.0,1.0
ngay_mai co bi di_ung,Ngày mai cô bị dị ứng.,Ngày mai cô bị dị ứng.,1,1.0,1.0,1.0
hom_nay ban bi dau_chan,Hôm nay bạn bị đau chân.,Hôm nay bạn bị đau chân.,1,1.0,1.0,1.0
thu_bay bo bi dau_lung,Thứ bảy bố bị đau lưng.,Thứ bảy bố bị đau lưng.,1,1.0,1.0,1.0
em muon goi_bac_si,Em muốn gọi bác sĩ.,Em muốn gọi bác sĩ.,1,1.0,1.0,1.0
ba bi dau_hong can goi_bac_si,"Bà bị đau họng, cần gọi bác sĩ.","Bà bị đau họng, cần gọi bác sĩ.",1,1.0,1.0,1.0
hom_qua con_gai dang di_cho,Hôm qua con gái đang đi chợ.,Hôm qua con gái đang đi chợ.,1,1.0,1.0,1.0
con_gai den benh_vien,Con gái đến bệnh viện.,Con gái đến bệnh viện.,1,1.0,1.0,1.0
chu_nhat co bi met,Chủ nhật cô bị mệt.,Chủ nhật cô bị mệt.,1,1.0,1.0,1.0
thu_hai chi an,Thứ hai chị ăn.,Thứ hai chị ăn.,1,1.0,1.0,1.0
thang bo dang viet,Tháng bố đang viết.,Tháng bố đang viết.,1,1.0,1.0,1.0
toi_nay chi se di nha,Tối nay chị sẽ đi nhà.,Tối nay chị sẽ đi nhà.,1,1.0,1.0,1.0
bo bi ho nen can goi_bac_si,Bố bị ho nên cần gọi bác sĩ.,Bố bị ho nên cần gọi bác sĩ.,1,1.0,1.0,1.0
anh can mot banh_mi,Anh cần một bánh mì.,Anh cần một bánh mì.,1,1.0,1.0,1.0
buoi_sang con_gai bi buon_non,Buổi sáng con gái bị buồn nôn.,Buổi sáng con gái bị buồn nôn.,1,1.0,1.0,1.0
me muon ba_muoi sua,Mẹ muốn ba mươi sữa.,Mẹ muốn ba mươi sữa.,1,1.0,1.0,1.0
thu_ba co_giao bi dau_dau,Thứ ba cô giáo bị đau đầu.,Thứ ba cô giáo bị đau đầu.,1,1.0,1.0,1.0
buoi_sang nguoi_khiem_thinh dang di_bo,Buổi sáng người khiếm thính đang đi bộ.,Buổi sáng người khiếm thính đang đi bộ.,1,1.0,1.0,1.0
mua_he em bi dau_dau,Mùa hè em bị đau đầu.,Mùa hè em bị đau đầu.,1,1.0,1.0,1.0
bo muon bay sua,Bố muốn bảy sữa.,Bố muốn bảy sữa.,1,1.0,1.0,1.0
bo muon den duong,Bố muốn đến đường.,Bố muốn đến đường.,1,1.0,1.0,1.0
ba thich keo,Bà thích kẹo.,Bà thích kẹo.,1,1.0,1.0,1.0
chi muon banh_mi o nha_thuoc,Chị muốn bánh mì ở nhà thuốc.,Chị muốn bánh mì ở nhà thuốc.,1,1.0,1.0,1.0
toi bi chong_mat nen can di_nha_ve_sinh,Tôi bị chóng mặt nên cần đi nhà vệ sinh.,Tôi bị chóng mặt nên cần đi nhà vệ sinh.,1,1.0,1.0,1.0
thang ong dang rua_tay,Tháng ông đang rửa tay.,Tháng ông đang rửa tay.,1,1.0,1.0,1.0
thu_nam bo nghi,Thứ năm bố nghỉ.,Thứ năm bố nghỉ.,1,1.0,1.0,1.0
giay sach,Giày sạch.,Giày sạch.,1,1.0,1.0,1.0
bay_gio em noi,Bây giờ em nói.,Bây giờ em nói.,1,1.0,1.0,1.0
buoi_trua ong bi dau_lung,Buổi trưa ông bị đau lưng.,Buổi trưa ông bị đau lưng.,1,1.0,1.0,1.0
buoi_chieu toi lam_viec,Buổi chiều tôi làm việc.,Buổi chiều tôi làm việc.,1,1.0,1.0,1.0
buoi_chieu con_trai bi dau_bung,Buổi chiều con trai bị đau bụng.,Buổi chiều con trai bị đau bụng.,1,1.0,1.0,1.0
buoi_trua em bi dau_dau,Buổi trưa em bị đau đầu.,Buổi trưa em bị đau đầu.,1,1.0,1.0,1.0
thu_nam me dang nghe,Thứ năm mẹ đang nghe.,Thứ năm mẹ đang nghe.,1,1.0,1.0,1.0
me thich nguoi_phien_dich,Mẹ thích người phiên dịch.,Mẹ thích người phiên dịch.,1,1.0,1.0,1.0
me muon hai_muoi but,Mẹ muốn hai mươi bút.,Mẹ muốn hai mươi bút.,1,1.0,1.0,1.0
hom_nay ong dang giat_do,Hôm nay ông đang giặt đồ.,Hôm nay ông đang giặt đồ.,1,1.0,1.0,1.0
ngay_mai chung_toi dang noi,Ngày mai chúng tôi đang nói.,Ngày mai chúng tôi đang nói.,1,1.0,1.0,1.0
thu_ba me bi di_ung,Thứ ba mẹ bị dị ứng.,Thứ ba mẹ bị dị ứng.,1,1.0,1.0,1.0
hom_nay chung_toi dang nau_an,Hôm nay chúng tôi đang nấu ăn.,Hôm nay chúng tôi đang nấu ăn.,1,1.0,1.0,1.0
chi cam_thay khoe,Chị cảm thấy khỏe.,Chị cảm thấy.,0,0.5714285714285715,0.8333333333333333,0.8387096774193549
thang toi bi bi_thuong,Tháng tôi bị bị thương.,Tháng tôi bị bị thương.,1,1.0,1.0,1.0
mua_dong thay_giao di_hoc,Mùa đông thầy giáo đi học.,Mùa đông thầy giáo đi học.,1,1.0,1.0,1.0
ban thich keo,Bạn thích kẹo.,Bạn thích kẹo.,1,1.0,1.0,1.0
ban co ban_phim khong,Bạn có bàn phím không?,Bạn có bàn phím không?,1,1.0,1.0,1.0
buoi_chieu nguoi_khiem_thinh dang noi,Buổi chiều người khiếm thính đang nói.,Buổi chiều người khiếm thính đang nói.,1,1.0,1.0,1.0
thu_ba chi bi dau_lung,Thứ ba chị bị đau lưng.,Thứ ba chị bị đau lưng.,1,1.0,1.0,1.0
buoi_toi toi dang di_bo,Buổi tối tôi đang đi bộ.,Buổi tối tôi đang đi bộ.,1,1.0,1.0,1.0
buoi_chieu ba bi sot,Buổi chiều bà bị sốt.,Buổi chiều bà bị sốt.,1,1.0,1.0,1.0
thu_sau con_trai dang di_hoc,Thứ sáu con trai đang đi học.,Thứ sáu con trai đang đi học.,1,1.0,1.0,1.0
bo khong muon dia_chi,Bố không muốn địa chỉ.,Bố không muốn địa chỉ.,1,1.0,1.0,1.0
ngay_mai co_giao bi ho,Ngày mai cô giáo bị ho.,Ngày mai cô giáo bị ho.,1,1.0,1.0,1.0
bay_gio anh bi dau_hong,Bây giờ anh bị đau họng.,Bây giờ anh bị đau họng.,1,1.0,1.0,1.0
mua_dong em bi dau_hong,Mùa đông em bị đau họng.,Mùa đông em bị đau họng.,1,1.0,1.0,1.0
thu_hai me lam_bai_tap,Thứ hai mẹ làm bài tập.,Thứ hai mẹ làm bài tập.,1,1.0,1.0,1.0
co khong doc_sach,Cô không đọc sách.,Cô không đọc sách.,1,1.0,1.0,1.0
hom_qua ban bi dau_bung,Hôm qua bạn bị đau bụng.,Hôm qua bạn bị đau bụng.,1,1.0,1.0,1.0
thang bo dang mua_sam,Tháng bố đang mua sắm.,Tháng bố đang mua sắm.,1,1.0,1.0,1.0
anh can muoi ban_phim,Anh cần mười bàn phím.,Anh cần mười bàn phím.,1,1.0,1.0,1.0
thu_nam co bi buon_non,Thứ năm cô bị buồn nôn.,Thứ năm cô bị buồn nôn.,1,1.0,1.0,1.0
ba mat ban,Bà mất bàn.,Bà mất bàn.,1,1.0,1.0,1.0
hom_qua chi bi dau_bung,Hôm qua chị bị đau bụng.,Hôm qua chị bị đau bụng.,1,1.0,1.0,1.0
toi_nay ba bi di_ung,Tối nay bà bị dị ứng.,Tối nay bà bị dị ứng.,1,1.0,1.0,1.0
mua_he con_gai dang rua_tay,Mùa hè con gái đang rửa tay.,Mùa hè con gái đang rửa tay.,1,1.0,1.0,1.0
ngay con_gai bi bi_thuong,Ngày con gái bị bị thương.,Ngày con gái bị bị thương.,1,1.0,1.0,1.0
may_tinh yen_tinh,Máy tính yên tĩnh.,Máy tính yên tĩnh.,1,1.0,1.0,1.0
nam ban bi buon_non,Năm bạn bị buồn nôn.,Năm bạn bị buồn nôn.,1,1.0,1.0,1.0
buoi_sang ong dang noi,Buổi sáng ông đang nói.,Buổi sáng ông đang nói.,1,1.0,1.0,1.0
mua_dong ba bi dau_dau,Mùa đông bà bị đau đầu.,Mùa đông bà bị đau đầu.,1,1.0,1.0,1.0
thu_sau bo dang nghi,Thứ sáu bố đang nghỉ.,Thứ sáu bố đang nghỉ.,1,1.0,1.0,1.0
ban muon goi_bac_si,Bạn muốn gọi bác sĩ.,Bạn muốn gọi bác sĩ.,1,1.0,1.0,1.0
bo can nuoc_cam,Bố cần nước cam.,Bố cần nước cam.,1,1.0,1.0,1.0
ban muon di nha,Bạn muốn đi nhà.,Bạn muốn đi nhà.,1,1.0,1.0,1.0
hom_nay anh dang di_bo,Hôm nay anh đang đi bộ.,Hôm nay anh đang đi bộ.,1,1.0,1.0,1.0
co_giao di ben_xe,Cô giáo đi bến xe.,Cô giáo đi bến xe.,1,1.0,1.0,1.0
thang thay_giao ngu,Tháng thầy giáo ngủ.,Tháng thầy giáo ngủ.,1,1.0,1.0,1.0
ban thich ca_phe,Bạn thích cà phê.,Bạn thích cà phê.,1,1.0,1.0,1.0
ban thich ban,Bạn thích bàn.,Bạn thích bàn.,1,1.0,1.0,1.0
thu_ba me bi met,Thứ ba mẹ bị mệt.,Thứ ba mẹ bị mệt.,1,1.0,1.0,1.0
em thich ban,Em thích bàn.,Em thích bàn.,1,1.0,1.0,1.0
ngay_mai ba bi sot,Ngày mai bà bị sốt.,Ngày mai bà bị sốt.,1,1.0,1.0,1.0
thu_sau ban bi chay_mau,Thứ sáu bạn bị chảy máu.,Thứ sáu bạn bị chảy máu.,1,1.0,1.0,1.0
nguoi_than can xe_cuu_thuong,Người thân cần xe cứu thương.,Người thân cần xe cứu thương.,1,1.0,1.0,1.0
co_giao dang di_cho,Cô giáo đang đi chợ.,Cô giáo đang đi chợ.,1,1.0,1.0,1.0
thu_ba ba dang di_bo,Thứ ba bà đang đi bộ.,Thứ ba bà đang đi bộ.,1,1.0,1.0,1.0
thu_bay con_gai dang lam_viec,Thứ bảy con gái đang làm việc.,Thứ bảy con gái đang làm việc.,1,1.0,1.0,1.0
co_giao dang uong,Cô giáo đang uống.,Cô giáo đang uống.,1,1.0,1.0,1.0
ban mat quan,Bạn mất quần.,Bạn mất quần.,1,1.0,1.0,1.0
me muon ba_muoi tivi,Mẹ muốn ba mươi ti vi.,Mẹ muốn ba mươi ti vi.,1,1.0,1.0,1.0
bo muon ca_phe o nha,Bố muốn cà phê ở nhà.,Bố muốn cà phê ở nhà.,1,1.0,1.0,1.0
thu_ba con_trai dang rua_tay,Thứ ba con trai đang rửa tay.,Thứ ba con trai đang rửa tay.,1,1.0,1.0,1.0
nam bo dang tap_the_duc,Năm bố đang tập thể dục.,Năm bố đang tập thể dục.,1,1.0,1.0,1.0
toi can ba ban_phim,Tôi cần ba bàn phím.,Tôi cần ba bàn phím.,1,1.0,1.0,1.0
ban cam_thay kho_rao,Bạn cảm thấy khô ráo.,Bạn cảm thấy khô ráo.,1,1.0,1.0,1.0
thu_hai ong dang tam,Thứ hai ông đang tắm.,Thứ hai ông đang tắm.,1,1.0,1.0,1.0
thang con_gai dang tap_the_duc,Tháng con gái đang tập thể dục.,Tháng con gái đang tập thể dục.,1,1.0,1.0,1.0
thu_sau chi dang choi,Thứ sáu chị đang chơi.,Thứ sáu chị đang chơi.,1,1.0,1.0,1.0
toi_nay chung_toi dang an,Tối nay chúng tôi đang ăn.,Tối nay chúng tôi đang ăn.,1,1.0,1.0,1.0
thu_hai chung_toi dang an,Thứ hai chúng tôi đang ăn.,Thứ hai chúng tôi đang ăn.,1,1.0,1.0,1.0
em bi chong_mat,Em bị chóng mặt.,Em bị chóng mặt.,1,1.0,1.0,1.0
thu_sau chi viet,Thứ sáu chị viết.,Thứ sáu chị viết.,1,1.0,1.0,1.0
thu_nam ban bi cam_lanh,Thứ năm bạn bị cảm lạnh.,Thứ năm bạn bị cảm lạnh.,1,1.0,1.0,1.0
chi muon chao,Chị muốn cháo.,Chị muốn cháo.,1,1.0,1.0,1.0
thu_ba bo ngu,Thứ ba bố ngủ.,Thứ ba bố ngủ.,1,1.0,1.0,1.0
em can ba sach,Em cần ba sách.,Em cần ba sách.,1,1.0,1.0,1.0
em muon mot may_tinh,Em muốn một máy tính.,Em muốn một máy tính.,1,1.0,1.0,1.0
thu_tu thay_giao dang hoc_bai,Thứ tư thầy giáo đang học bài.,Thứ tư thầy giáo đang học bài.,1,1.0,1.0,1.0
chung_toi thich bun,Chúng tôi thích bún.,Chúng tôi thích bún.,1,1.0,1.0,1.0
mua_he me bi kho_tho,Mùa hè mẹ bị khó thở.,Mùa hè mẹ bị khó thở.,1,1.0,1.0,1.0
bo bi ho nen can giup_do,Bố bị ho nên cần giúp đỡ.,Bố bị ho nên cần giúp đỡ.,1,1.0,1.0,1.0
ngay_mai toi se di benh_vien,Ngày mai tôi sẽ đi bệnh viện.,Ngày mai tôi sẽ đi bệnh viện.,1,1.0,1.0,1.0
chi can sau banh_mi,Chị cần sáu bánh mì.,Chị cần sáu bánh mì.,1,1.0,1.0,1.0
chu_nhat ban doc_sach,Chủ nhật bạn đọc sách.,Chủ nhật bạn đọc sách.,1,1.0,1.0,1.0
buoi_sang ban bi dau_dau,Buổi sáng bạn bị đau đầu.,Buổi sáng bạn bị đau đầu.,1,1.0,1.0,1.0
thu_tu co nghe,Thứ tư cô nghe.,Thứ tư cô nghe.,1,1.0,1.0,1.0
toi_nay con_gai dang choi,Tối nay con gái đang chơi.,Tối nay con gái đang chơi.,1,1.0,1.0,1.0
toi muon mua ba_lo,Tôi muốn mua ba lô.,Tôi muốn mua ba lô.,1,1.0,1.0,1.0
hom_qua me dang choi,Hôm qua mẹ đang chơi.,Hôm qua mẹ đang chơi.,1,1.0,1.0,1.0
buoi_trua me dang nghe,Buổi trưa mẹ đang nghe.,Buổi trưa mẹ đang nghe.,1,1.0,1.0,1.0
noi_com_dien thom,Nồi cơm điện thơm.,Nồi cơm điện thơm.,1,1.0,1.0,1.0
co khong nghe,Cô không nghe.,Cô không nghe.,1,1.0,1.0,1.0
toi cam_thay troi_nang,Tôi cảm thấy trời nắng.,Tôi cảm thấy trời nắng.,1,1.0,1.0,1.0
co bi dau_hong,Cô bị đau họng.,Cô bị đau họng.,1,1.0,1.0,1.0
ban muon mua sua,Bạn muốn mua sữa.,Bạn muốn mua sữa.,1,1.0,1.0,1.0
ban tim dien_thoai,Bạn tìm điện thoại.,Bạn tìm điện thoại.,1,1.0,1.0,1.0
chu_nhat em dang di_bo,Chủ nhật em đang đi bộ.,Chủ nhật em đang đi bộ.,1,1.0,1.0,1.0
benh_nhan bi chong_mat nen can goi_bac_si,Bệnh nhân bị chóng mặt nên cần gọi bác sĩ.,Bệnh nhân bị chóng mặt nên cần gọi bác sĩ.,1,1.0,1.0,1.0
buoi_toi ba bi dau_tay,Buổi tối bà bị đau tay.,Buổi tối bà bị đau tay.,1,1.0,1.0,1.0
mua_he ba bi chay_mau,Mùa hè bà bị chảy máu.,Mùa hè bà bị chảy máu.,1,1.0,1.0,1.0
em muon nuoc o sieu_thi,Em muốn nước ở siêu thị.,Em muốn nước ở siêu thị.,1,1.0,1.0,1.0
thang thay_giao bi kho_tho,Tháng thầy giáo bị khó thở.,Tháng thầy giáo bị khó thở.,1,1.0,1.0,1.0
co_giao can may_tinh,Cô giáo cần máy tính.,Cô giáo cần máy tính.,1,1.0,1.0,1.0
thu_hai nguoi_khiem_thinh dang giat_do,Thứ hai người khiếm thính đang giặt đồ.,Thứ hai người khiếm thính đang giặt đồ.,1,1.0,1.0,1.0
mua_he con_gai dang lam_viec,Mùa hè con gái đang làm việc.,Mùa hè con gái đang làm việc.,1,1.0,1.0,1.0
thu_tu ban noi,Thứ tư bạn nói.,Thứ tư bạn nói.,1,1.0,1.0,1.0
thu_tu troi_nong,Thứ tư trời nóng.,Thứ tư trời nóng.,1,1.0,1.0,1.0
mua_he bo dang mua_sam,Mùa hè bố đang mua sắm.,Mùa hè bố đang mua sắm.,1,1.0,1.0,1.0
ngay_mai co_giao dang choi,Ngày mai cô giáo đang chơi.,Ngày mai cô giáo đang chơi.,1,1.0,1.0,1.0
anh khong muon di_benh_vien,Anh không muốn đi bệnh viện.,Anh không muốn đi bệnh viện.,1,1.0,1.0,1.0
chu_nhat ban dang di_hoc,Chủ nhật bạn đang đi học.,Chủ nhật bạn đang đi học.,1,1.0,1.0,1.0
thu_sau co dang nghe,Thứ sáu cô đang nghe.,Thứ sáu cô đang nghe.,1,1.0,1.0,1.0
mua_dong thay_giao bi di_ung,Mùa đông thầy giáo bị dị ứng.,Mùa đông thầy giáo bị dị ứng.,1,1.0,1.0,1.0
chi co khoe khong,Chị có khỏe không?,Chị có không?,0,0.8571428571428571,0.8,0.8387096774193549
chi khong di_cho,Chị không đi chợ.,Chị không đi chợ.,1,1.0,1.0,1.0
anh bi dau_bung nen can goi_y_ta,Anh bị đau bụng nên cần gọi y tá.,Anh bị đau bụng nên cần gọi y tá.,1,1.0,1.0,1.0
thu_sau bo dang choi,Thứ sáu bố đang chơi.,Thứ sáu bố đang chơi.,1,1.0,1.0,1.0
ba muon nuoc_cam,Bà muốn nước cam.,Bà muốn nước cam.,1,1.0,1.0,1.0
hom_nay em lam_viec,Hôm nay em làm việc.,Hôm nay em làm việc.,1,1.0,1.0,1.0
me can but khong,Mẹ có cần bút không?,Mẹ có cần bút không?,1,1.0,1.0,1.0
ba di ben_xe,Bà đi bến xe.,Bà đi bến xe.,1,1.0,1.0,1.0
mua_dong con_gai dang chay,Mùa đông con gái đang chạy.,Mùa đông con gái đang chạy.,1,1.0,1.0,1.0
vui_long dan toi den nha_thuoc,Vui lòng dẫn tôi đến nhà thuốc.,Vui lòng dẫn tôi đến nhà thuốc.,1,1.0,1.0,1.0
ngay_mai nguoi_khiem_thinh dang nghi,Ngày mai người khiếm thính đang nghỉ.,Ngày mai người khiếm thính đang nghỉ.,1,1.0,1.0,1.0
thu_bay co dang rua_tay,Thứ bảy cô đang rửa tay.,Thứ bảy cô đang rửa tay.,1,1.0,1.0,1.0
ban_be o benh_vien,Bạn bè ở bệnh viện.,Bạn bè ở bệnh viện.,1,1.0,1.0,1.0
anh thich mu,Anh thích mũ.,Anh thích mũ.,1,1.0,1.0,1.0
bo bi dau_bung nen can di_nha_ve_sinh,Bố bị đau bụng nên cần đi nhà vệ sinh.,Bố bị đau bụng nên cần đi nhà vệ sinh.,1,1.0,1.0,1.0
toi muon hai_muoi may_tinh,Tôi muốn hai mươi máy tính.,Tôi muốn hai mươi máy tính.,1,1.0,1.0,1.0
thang ong hoc_bai,Tháng ông học bài.,Tháng ông học bài.,1,1.0,1.0,1.0
buoi_chieu bo bi kho_tho,Buổi chiều bố bị khó thở.,Buổi chiều bố bị khó thở.,1,1.0,1.0,1.0
buoi_sang ba bi di_ung,Buổi sáng bà bị dị ứng.,Buổi sáng bà bị dị ứng.,1,1.0,1.0,1.0
bay_gio con_gai bi chay_mau,Bây giờ con gái bị chảy máu.,Bây giờ con gái bị chảy máu.,1,1.0,1.0,1.0
ban can bon chao,Bạn cần bốn cháo.,Bạn cần bốn cháo.,1,1.0,1.0,1.0
ngay_mai thay_giao nghe,Ngày mai thầy giáo nghe.,Ngày mai thầy giáo nghe.,1,1.0,1.0,1.0
bo muon nam but,Bố muốn năm bút.,Bố muốn năm bút.,1,1.0,1.0,1.0
con_trai di cho,Con trai đi chợ.,Con trai đi chợ.,1,1.0,1.0,1.0
buoi_sang chi se di nha,Buổi sáng chị sẽ đi nhà.,Buổi sáng chị sẽ đi nhà.,1,1.0,1.0,1.0
nam toi noi,Năm tôi nói.,Năm tôi nói.,1,1.0,1.0,1.0
thu_tu con_gai dang chay,Thứ tư con gái đang chạy.,Thứ tư con gái đang chạy.,1,1.0,1.0,1.0
thang chi dang nghi,Tháng chị đang nghỉ.,Tháng chị đang nghỉ.,1,1.0,1.0,1.0
toi_nay ong bi ho,Tối nay ông bị ho.,Tối nay ông bị ho.,1,1.0,1.0,1.0
chu_nhat benh_nhan dang xem,Chủ nhật bệnh nhân đang xem.,Chủ nhật bệnh nhân đang xem.,1,1.0,1.0,1.0
bo thich but,Bố thích bút.,Bố thích bút.,1,1.0,1.0,1.0
buoi_chieu chi bi dau_dau,Buổi chiều chị bị đau đầu.,Buổi chiều chị bị đau đầu.,1,1.0,1.0,1.0
buoi_chieu me lam_bai_tap,Buổi chiều mẹ làm bài tập.,Buổi chiều mẹ làm bài tập.,1,1.0,1.0,1.0
toi_nay con_gai bi kho_tho,Tối nay con gái bị khó thở.,Tối nay con gái bị khó thở.,1,1.0,1.0,1.0
thang ba dang nghi,Tháng bà đang nghỉ.,Tháng bà đang nghỉ.,1,1.0,1.0,1.0
ong muon chao o nha_thuoc,Ông muốn cháo ở nhà thuốc.,Ông muốn cháo ở nhà thuốc.,1,1.0,1.0,1.0
toi muon nam bun,Tôi muốn năm bún.,Tôi muốn năm bún.,1,1.0,1.0,1.0
thu_sau chi bi dau_bung,Thứ sáu chị bị đau bụng.,Thứ sáu chị bị đau bụng.,1,1.0,1.0,1.0
co tim may_tinh,Cô tìm máy tính.,Cô tìm máy tính.,1,1.0,1.0,1.0
hom_nay ba bi buon_non,Hôm nay bà bị buồn nôn.,Hôm nay bà bị buồn nôn.,1,1.0,1.0,1.0
ong muon dong_ho,Ông muốn đồng hồ.,Ông muốn đồng hồ.,1,1.0,1.0,1.0
hom_nay chi se di benh_vien,Hôm nay chị sẽ đi bệnh viện.,Hôm nay chị sẽ đi bệnh viện.,1,1.0,1.0,1.0
ong muon bay dien_thoai,Ông muốn bảy điện thoại.,Ông muốn bảy điện thoại.,1,1.0,1.0,1.0
toi_nay benh_nhan bi dau_chan,Tối nay bệnh nhân bị đau chân.,Tối nay bệnh nhân bị đau chân.,1,1.0,1.0,1.0
hom_qua anh hoc_bai,Hôm qua anh học bài.,Hôm qua anh học bài.,1,1.0,1.0,1.0
nguoi_khiem_thinh thich sach,Người khiếm thính thích sách.,Người khiếm thính thích sách.,1,1.0,1.0,1.0
bo thich tivi,Bố thích ti vi.,Bố thích ti vi.,1,1.0,1.0,1.0
em khong doc_sach,Em không đọc sách.,Em không đọc sách.,1,1.0,1.0,1.0
em da an,Em đã ăn.,Em đã ăn.,1,1.0,1.0,1.0
thu_bay co doc_sach,Thứ bảy cô đọc sách.,Thứ bảy cô đọc sách.,1,1.0,1.0,1.0
toi muon ca o lop_hoc,Tôi muốn cá ở lớp học.,Tôi muốn cá ở lớp học.,1,1.0,1.0,1.0
ban_phim tot,Bàn phím tốt.,Bàn phím tốt.,1,1.0,1.0,1.0
bo muon ba_muoi chao,Bố muốn ba mươi cháo.,Bố muốn ba mươi cháo.,1,1.0,1.0,1.0
mua_he chung_toi bi buon_non,Mùa hè chúng tôi bị buồn nôn.,Mùa hè chúng tôi bị buồn nôn.,1,1.0,1.0,1.0
toi bi dau_dau nen can di_benh_vien,Tôi bị đau đầu nên cần đi bệnh viện.,Tôi bị đau đầu nên cần đi bệnh viện.,1,1.0,1.0,1.0
co can ban_do khong,Cô có cần bản đồ không?,Cô có cần bản đồ không?,1,1.0,1.0,1.0
thu_hai co dang hoc_bai,Thứ hai cô đang học bài.,Thứ hai cô đang học bài.,1,1.0,1.0,1.0
ban can ban_do khong,Bạn có cần bản đồ không?,Bạn có cần bản đồ không?,1,1.0,1.0,1.0
hom_qua ong dang giat_do,Hôm qua ông đang giặt đồ.,Hôm qua ông đang giặt đồ.,1,1.0,1.0,1.0
thu_hai ong dang hoc_bai,Thứ hai ông đang học bài.,Thứ hai ông đang học bài.,1,1.0,1.0,1.0
buoi_trua bo bi kho_tho,Buổi trưa bố bị khó thở.,Buổi trưa bố bị khó thở.,1,1.0,1.0,1.0
thu_nam ba bi dau_chan,Thứ năm bà bị đau chân.,Thứ năm bà bị đau chân.,1,1.0,1.0,1.0
bo la ky_su,Bố là kỹ sư.,Bố là kỹ sư.,1,1.0,1.0,1.0
bo bi ho nen can thuc_an,Bố bị ho nên cần thức ăn.,Bố bị ho nên cần thức ăn.,1,1.0,1.0,1.0
buoi_sang anh dang giat_do,Buổi sáng anh đang giặt đồ.,Buổi sáng anh đang giặt đồ.,1,1.0,1.0,1.0
nam con_trai dang viet,Năm con trai đang viết.,Năm con trai đang viết.,1,1.0,1.0,1.0
ong khong muon thuoc,Ông không muốn thuốc.,Ông không muốn thuốc.,1,1.0,1.0,1.0
thu_nam con_trai dang rua_tay,Thứ năm con trai đang rửa tay.,Thứ năm con trai đang rửa tay.,1,1.0,1.0,1.0
thay_giao den duong,Thầy giáo đến đường.,Thầy giáo đến đường.,1,1.0,1.0,1.0
chung_toi o cong_vien,Chúng tôi ở công viên.,Chúng tôi ở công viên.,1,1.0,1.0,1.0
ba den phong,Bà đến phòng.,Bà đến phòng.,1,1.0,1.0,1.0
chu_nhat em bi dau_chan,Chủ nhật em bị đau chân.,Chủ nhật em bị đau chân.,1,1.0,1.0,1.0
ngay_mai toi bi dau_hong,Ngày mai tôi bị đau họng.,Ngày mai tôi bị đau họng.,1,1.0,1.0,1.0
anh muon muoi com,Anh muốn mười cơm.,Anh muốn mười cơm.,1,1.0,1.0,1.0
chung_toi den cho,Chúng tôi đến chợ.,Chúng tôi đến chợ.,1,1.0,1.0,1.0
ong can mot ban_phim,Ông cần một bàn phím.,Ông cần một bàn phím.,1,1.0,1.0,1.0
ngay_mai anh se di phong_kham,Ngày mai anh sẽ đi phòng khám.,Ngày mai anh sẽ đi phòng khám.,1,1.0,1.0,1.0
anh can ca_phe,Anh cần cà phê.,Anh cần cà phê.,1,1.0,1.0,1.0
mua_dong co_giao dang nghi,Mùa đông cô giáo đang nghỉ.,Mùa đông cô giáo đang nghỉ.,1,1.0,1.0,1.0
chi di ghe,Chị đi ghế.,Chị đi ghế.,1,1.0,1.0,1.0
em can com,Em cần cơm.,Em cần cơm.,1,1.0,1.0,1.0
ngay_mai ong ngu,Ngày mai ông ngủ.,Ngày mai ông ngủ.,1,1.0,1.0,1.0
ban bi dau_lung nen can giup_do,Bạn bị đau lưng nên cần giúp đỡ.,Bạn bị đau lưng nên cần giúp đỡ.,1,1.0,1.0,1.0
ban can ba vo,Bạn cần ba vở.,Bạn cần ba vở.,1,1.0,1.0,1.0
thu_bay con_trai dang di_hoc,Thứ bảy con trai đang đi học.,Thứ bảy con trai đang đi học.,1,1.0,1.0,1.0
ong muon ca_phe o phong_kham,Ông muốn cà phê ở phòng khám.,Ông muốn cà phê ở phòng khám.,1,1.0,1.0,1.0
ban can nam sach,Bạn cần năm sách.,Bạn cần năm sách.,1,1.0,1.0,1.0
ngay_mai ban di_hoc,Ngày mai bạn đi học.,Ngày mai bạn đi học.,1,1.0,1.0,1.0
ong can muoi den,Ông cần mười đèn.,Ông cần mười đèn.,1,1.0,1.0,1.0
nam ban dang di_hoc,Năm bạn đang đi học.,Năm bạn đang đi học.,1,1.0,1.0,1.0
thu_hai thay_giao bi chong_mat,Thứ hai thầy giáo bị chóng mặt.,Thứ hai thầy giáo bị chóng mặt.,1,1.0,1.0,1.0
chi muon di cong_vien,Chị muốn đi công viên.,Chị muốn đi công viên.,1,1.0,1.0,1.0
buoi_trua ban di_hoc,Buổi trưa bạn đi học.,Buổi trưa bạn đi học.,1,1.0,1.0,1.0
ngay ban dang an,Ngày bạn đang ăn.,Ngày bạn đang ăn.,1,1.0,1.0,1.0
thu_bay toi noi,Thứ bảy tôi nói.,Thứ bảy tôi nói.,1,1.0,1.0,1.0
thu_nam chi lam_viec,Thứ năm chị làm việc.,Thứ năm chị làm việc.,1,1.0,1.0,1.0
nguoi_khiem_thinh bi met nen can goi_bac_si,Người khiếm thính bị mệt nên cần gọi bác sĩ.,Người khiếm thính bị mệt nên cần gọi bác sĩ.,1,1.0,1.0,1.0
toi can nam but,Tôi cần năm bút.,Tôi cần năm bút.,1,1.0,1.0,1.0
me can tam banh_mi,Mẹ cần tám bánh mì.,Mẹ cần tám bánh mì.,1,1.0,1.0,1.0
bo can nam sua,Bố cần năm sữa.,Bố cần năm sữa.,1,1.0,1.0,1.0
buoi_toi co nghi,Buổi tối cô nghỉ.,Buổi tối cô nghỉ.,1,1.0,1.0,1.0
mu mau_den,Mũ màu đen.,Mũ màu đen.,1,1.0,1.0,1.0
con_trai muon quan,Con trai muốn quần.,Con trai muốn quần.,1,1.0,1.0,1.0
buoi_trua co_giao dang tam,Buổi trưa cô giáo đang tắm.,Buổi trưa cô giáo đang tắm.,1,1.0,1.0,1.0
thu_hai nguoi_khiem_thinh bi dau_chan,Thứ hai người khiếm thính bị đau chân.,Thứ hai người khiếm thính bị đau chân.,1,1.0,1.0,1.0
em can tam vo,Em cần tám vở.,Em cần tám vở.,1,1.0,1.0,1.0
thu_ba ba bi dau_bung,Thứ ba bà bị đau bụng.,Thứ ba bà bị đau bụng.,1,1.0,1.0,1.0
chi o phong,Chị ở phòng.,Chị ở phòng.,1,1.0,1.0,1.0
toi can ba_muoi sua,Tôi cần ba mươi sữa.,Tôi cần ba mươi sữa.,1,1.0,1.0,1.0
thu_bay ong dang doc_sach,Thứ bảy ông đang đọc sách.,Thứ bảy ông đang đọc sách.,1,1.0,1.0,1.0
toi bi dau_tay nen can nuoc,Tôi bị đau tay nên cần nước.,Tôi bị đau tay nên cần nước.,1,1.0,1.0,1.0
anh muon mot sach,Anh muốn một sách.,Anh muốn một sách.,1,1.0,1.0,1.0
ngay thay_giao dang ngu,Ngày thầy giáo đang ngủ.,Ngày thầy giáo đang ngủ.,1,1.0,1.0,1.0
thu_nam ong dang mua_sam,Thứ năm ông đang mua sắm.,Thứ năm ông đang mua sắm.,1,1.0,1.0,1.0
chi can nuoc,Chị cần nước.,Chị cần nước.,1,1.0,1.0,1.0
thang me ngu,Tháng mẹ ngủ.,Tháng mẹ ngủ.,1,1.0,1.0,1.0
ngay co dang uong,Ngày cô đang uống.,Ngày cô đang uống.,1,1.0,1.0,1.0
thu_bay con_gai dang rua_tay,Thứ bảy con gái đang rửa tay.,Thứ bảy con gái đang rửa tay.,1,1.0,1.0,1.0
me can ba_muoi sach,Mẹ cần ba mươi sách.,Mẹ cần ba mươi sách.,1,1.0,1.0,1.0
toi_nay ong dang di_bo,Tối nay ông đang đi bộ.,Tối nay ông đang đi bộ.,1,1.0,1.0,1.0
buoi_sang con_trai bi dau_bung,Buổi sáng con trai bị đau bụng.,Buổi sáng con trai bị đau bụng.,1,1.0,1.0,1.0
ban dang lam_bai_tap,Bạn đang làm bài tập.,Bạn đang làm bài tập.,1,1.0,1.0,1.0
me se doc_sach,Mẹ sẽ đọc sách.,Mẹ sẽ đọc sách.,1,1.0,1.0,1.0
me bi dau_hong nen can giup_do,Mẹ bị đau họng nên cần giúp đỡ.,Mẹ bị đau họng nên cần giúp đỡ.,1,1.0,1.0,1.0
thu_bay benh_nhan bi kho_tho,Thứ bảy bệnh nhân bị khó thở.,Thứ bảy bệnh nhân bị khó thở.,1,1.0,1.0,1.0
em muon bay may_tinh,Em muốn bảy máy tính.,Em muốn bảy máy tính.,1,1.0,1.0,1.0
toi khong an,Tôi không ăn.,Tôi không ăn.,1,1.0,1.0,1.0
benh_nhan muon mu,Bệnh nhân muốn mũ.,Bệnh nhân muốn mũ.,1,1.0,1.0,1.0
ban co thit khong,Bạn có thịt không?,Bạn có thịt không?,1,1.0,1.0,1.0
em can hai bun,Em cần hai bún.,Em cần hai bún.,1,1.0,1.0,1.0
mua_dong con_trai dang ngu,Mùa đông con trai đang ngủ.,Mùa đông con trai đang ngủ.,1,1.0,1.0,1.0
me di van_phong,Mẹ đi văn phòng.,Mẹ đi văn phòng.,1,1.0,1.0,1.0
mua_dong chung_toi bi di_ung,Mùa đông chúng tôi bị dị ứng.,Mùa đông chúng tôi bị dị ứng.,1,1.0,1.0,1.0
mua_dong ban dang nghe,Mùa đông bạn đang nghe.,Mùa đông bạn đang nghe.,1,1.0,1.0,1.0
mua_dong chi bi dau_chan,Mùa đông chị bị đau chân.,Mùa đông chị bị đau chân.,1,1.0,1.0,1.0
chi muon tam nuoc_cam,Chị muốn tám nước cam.,Chị muốn tám nước cam.,1,1.0,1.0,1.0
thay_giao bi sot nen can goi_bac_si,Thầy giáo bị sốt nên cần gọi bác sĩ.,Thầy giáo bị sốt nên cần gọi bác sĩ.,1,1.0,1.0,1.0
mua_he toi lam_bai_tap,Mùa hè tôi làm bài tập.,Mùa hè tôi làm bài tập.,1,1.0,1.0,1.0
toi_nay toi bi cam_lanh,Tối nay tôi bị cảm lạnh.,Tối nay tôi bị cảm lạnh.,1,1.0,1.0,1.0
nguoi_khiem_thinh thich nuoc_cam,Người khiếm thính thích nước cam.,Người khiếm thính thích nước cam.,1,1.0,1.0,1.0
ngay_mai benh_nhan bi ho,Ngày mai bệnh nhân bị ho.,Ngày mai bệnh nhân bị ho.,1,1.0,1.0,1.0
anh can bay but,Anh cần bảy bút.,Anh cần bảy bút.,1,1.0,1.0,1.0
co tim ghe,Cô tìm ghế.,Cô tìm ghế.,1,1.0,1.0,1.0
buoi_toi ong bi cam_lanh,Buổi tối ông bị cảm lạnh.,Buổi tối ông bị cảm lạnh.,1,1.0,1.0,1.0
thu_hai em bi ho,Thứ hai em bị ho.,Thứ hai em bị ho.,1,1.0,1.0,1.0
nam con_gai dang uong,Năm con gái đang uống.,Năm con gái đang uống.,1,1.0,1.0,1.0
toi muon chin but,Tôi muốn chín bút.,Tôi muốn chín bút.,1,1.0,1.0,1.0
buoi_toi bo se di nha_thuoc,Buổi tối bố sẽ đi nhà thuốc.,Buổi tối bố sẽ đi nhà thuốc.,1,1.0,1.0,1.0
ban den lop_hoc,Bạn đến lớp học.,Bạn đến lớp học.,1,1.0,1.0,1.0
ngay_mai co_giao dang uong,Ngày mai cô giáo đang uống.,Ngày mai cô giáo đang uống.,1,1.0,1.0,1.0
benh_nhan can dong_ho khong,Bệnh nhân có cần đồng hồ không?,Bệnh nhân có cần đồng hồ không?,1,1.0,1.0,1.0
thu_nam ban di_hoc,Thứ năm bạn đi học.,Thứ năm bạn đi học.,1,1.0,1.0,1.0
chi thich thuoc,Chị thích thuốc.,Chị thích thuốc.,1,1.0,1.0,1.0
but mau_den,Bút màu đen.,Bút màu đen.,1,1.0,1.0,1.0
toi muon nuoc o nha_thuoc,Tôi muốn nước ở nhà thuốc.,Tôi muốn nước ở nhà thuốc.,1,1.0,1.0,1.0
mua_he toi bi dau_bung,Mùa hè tôi bị đau bụng.,Mùa hè tôi bị đau bụng.,1,1.0,1.0,1.0
toi_nay chi dang tap_the_duc,Tối nay chị đang tập thể dục.,Tối nay chị đang tập thể dục.,1,1.0,1.0,1.0
co_giao can o khong,Cô giáo có cần ô không?,Cô giáo có cần ô không?,1,1.0,1.0,1.0
toi_nay benh_nhan dang ngu,Tối nay bệnh nhân đang ngủ.,Tối nay bệnh nhân đang ngủ.,1,1.0,1.0,1.0
ngay_mai nguoi_khiem_thinh dang nghe,Ngày mai người khiếm thính đang nghe.,Ngày mai người khiếm thính đang nghe.,1,1.0,1.0,1.0
buoi_sang ong se di cho,Buổi sáng ông sẽ đi chợ.,Buổi sáng ông sẽ đi chợ.,1,1.0,1.0,1.0
toi muon ca_phe o truong,Tôi muốn cà phê ở trường.,Tôi muốn cà phê ở trường.,1,1.0,1.0,1.0
thu_hai chung_toi dang viet,Thứ hai chúng tôi đang viết.,Thứ hai chúng tôi đang viết.,1,1.0,1.0,1.0
buoi_trua ong bi cam_lanh,Buổi trưa ông bị cảm lạnh.,Buổi trưa ông bị cảm lạnh.,1,1.0,1.0,1.0
con_trai can mu,Con trai cần mũ.,Con trai cần mũ.,1,1.0,1.0,1.0
thu_hai con_trai dang doc_sach,Thứ hai con trai đang đọc sách.,Thứ hai con trai đang đọc sách.,1,1.0,1.0,1.0
anh da ngu,Anh đã ngủ.,Anh đã ngủ.,1,1.0,1.0,1.0
ngay_mai ban viet,Ngày mai bạn viết.,Ngày mai bạn viết.,1,1.0,1.0,1.0
ngay em dang di_cho,Ngày em đang đi chợ.,Ngày em đang đi chợ.,1,1.0,1.0,1.0
ngay nguoi_khiem_thinh dang an,Ngày người khiếm thính đang ăn.,Ngày người khiếm thính đang ăn.,1,1.0,1.0,1.0
me o san_bay,Mẹ ở sân bay.,Mẹ ở sân bay.,1,1.0,1.0,1.0
thu_hai ba dang lam_viec,Thứ hai bà đang làm việc.,Thứ hai bà đang làm việc.,1,1.0,1.0,1.0
ong can banh_mi,Ông cần bánh mì.,Ông cần bánh mì.,1,1.0,1.0,1.0
toi_nay con_trai bi met,Tối nay con trai bị mệt.,Tối nay con trai bị mệt.,1,1.0,1.0,1.0
thang me bi dau_tay,Tháng mẹ bị đau tay.,Tháng mẹ bị đau tay.,1,1.0,1.0,1.0
dong_ho bao_nhieu_tien,Đồng hồ bao nhiêu tiền?,Đồng hồ bao nhiêu tiền?,1,1.0,1.0,1.0
thu_ba co bi chong_mat,Thứ ba cô bị chóng mặt.,Thứ ba cô bị chóng mặt.,1,1.0,1.0,1.0
ban can nam den,Bạn cần năm đèn.,Bạn cần năm đèn.,1,1.0,1.0,1.0
me muon nam banh_mi,Mẹ muốn năm bánh mì.,Mẹ muốn năm bánh mì.,1,1.0,1.0,1.0
anh muon muoi dien_thoai,Anh muốn mười điện thoại.,Anh muốn mười điện thoại.,1,1.0,1.0,1.0
co_giao o san_bay,Cô giáo ở sân bay.,Cô giáo ở sân bay.,1,1.0,1.0,1.0
chi tim quan,Chị tìm quần.,Chị tìm quần.,1,1.0,1.0,1.0
thu_hai ban dang rua_tay,Thứ hai bạn đang rửa tay.,Thứ hai bạn đang rửa tay.,1,1.0,1.0,1.0
em muon hai_muoi tivi,Em muốn hai mươi ti vi.,Em muốn hai mươi ti vi.,1,1.0,1.0,1.0
thu_hai thay_giao viet,Thứ hai thầy giáo viết.,Thứ hai thầy giáo viết.,1,1.0,1.0,1.0
hom_qua me dang doc_sach,Hôm qua mẹ đang đọc sách.,Hôm qua mẹ đang đọc sách.,1,1.0,1.0,1.0
me bi dau_dau nen can thuoc,Mẹ bị đau đầu nên cần thuốc.,Mẹ bị đau đầu nên cần thuốc.,1,1.0,1.0,1.0
toi_nay chung_toi dang mua_sam,Tối nay chúng tôi đang mua sắm.,Tối nay chúng tôi đang mua sắm.,1,1.0,1.0,1.0
chung_toi muon ban_phim,Chúng tôi muốn bàn phím.,Chúng tôi muốn bàn phím.,1,1.0,1.0,1.0
buoi_chieu thay_giao bi dau_hong,Buổi chiều thầy giáo bị đau họng.,Buổi chiều thầy giáo bị đau họng.,1,1.0,1.0,1.0
me muon mua but,Mẹ muốn mua bút.,Mẹ muốn mua bút.,1,1.0,1.0,1.0
buoi_chieu em dang viet,Buổi chiều em đang viết.,Buổi chiều em đang viết.,1,1.0,1.0,1.0
ban cam_thay co_may,Bạn cảm thấy có mây.,Bạn cảm thấy có mây.,1,1.0,1.0,1.0
mua_dong nguoi_khiem_thinh bi chong_mat,Mùa đông người khiếm thính bị chóng mặt.,Mùa đông người khiếm thính bị chóng mặt.,1,1.0,1.0,1.0
chi muon hai nuoc_cam,Chị muốn hai nước cam.,Chị muốn hai nước cam.,1,1.0,1.0,1.0
bay_gio thay_giao bi kho_tho,Bây giờ thầy giáo bị khó thở.,Bây giờ thầy giáo bị khó thở.,1,1.0,1.0,1.0
nam chi dang lam_viec,Năm chị đang làm việc.,Năm chị đang làm việc.,1,1.0,1.0,1.0
anh se di_cho,Anh sẽ đi chợ.,Anh sẽ đi chợ.,1,1.0,1.0,1.0
chi khong_thich nuoc,Chị không thích nước.,Chị không thích nước.,1,1.0,1.0,1.0
co_giao can ao_khoac khong,Cô giáo có cần áo khoác không?,Cô giáo có cần áo khoác không?,1,1.0,1.0,1.0
ngay ong dang tam,Ngày ông đang tắm.,Ngày ông đang tắm.,1,1.0,1.0,1.0
ban muon hai_muoi sua,Bạn muốn hai mươi sữa.,Bạn muốn hai mươi sữa.,1,1.0,1.0,1.0
buoi_sang em dang tam,Buổi sáng em đang tắm.,Buổi sáng em đang tắm.,1,1.0,1.0,1.0
bay_gio chi dang lam_viec,Bây giờ chị đang làm việc.,Bây giờ chị đang làm việc.,1,1.0,1.0,1.0
ngay_mai me dang di_bo,Ngày mai mẹ đang đi bộ.,Ngày mai mẹ đang đi bộ.,1,1.0,1.0,1.0
me thich dia_chi,Mẹ thích địa chỉ.,Mẹ thích địa chỉ.,1,1.0,1.0,1.0
hom_qua bo bi chong_mat,Hôm qua bố bị chóng mặt.,Hôm qua bố bị chóng mặt.,1,1.0,1.0,1.0
cua moi,Cửa mới.,Cửa mới.,1,1.0,1.0,1.0
may_tinh uot,Máy tính ướt.,Máy tính ướt.,1,1.0,1.0,1.0
thu_sau ban bi met,Thứ sáu bạn bị mệt.,Thứ sáu bạn bị mệt.,1,1.0,1.0,1.0
thu_hai chung_toi dang lam_viec,Thứ hai chúng tôi đang làm việc.,Thứ hai chúng tôi đang làm việc.,1,1.0,1.0,1.0
chung_toi can ba_lo,Chúng tôi cần ba lô.,Chúng tôi cần ba lô.,1,1.0,1.0,1.0
thang ban bi ho,Tháng bạn bị ho.,Tháng bạn bị ho.,1,1.0,1.0,1.0
ban la nghe_nghiep,Bạn là nghề nghiệp.,Bạn là nghề nghiệp.,1,1.0,1.0,1.0
nam con_gai bi chong_mat,Năm con gái bị chóng mặt.,Năm con gái bị chóng mặt.,1,1.0,1.0,1.0
thu_ba ong lam_viec,Thứ ba ông làm việc.,Thứ ba ông làm việc.,1,1.0,1.0,1.0
thu_tu co_giao di_hoc,Thứ tư cô giáo đi học.,Thứ tư cô giáo đi học.,1,1.0,1.0,1.0
bo can cua,Bố cần cửa.,Bố cần cửa.,1,1.0,1.0,1.0
ban can giay,Bạn cần giấy.,Bạn cần giày.,0,0.6666666666666666,1.0,0.9230769230769231
chung_toi den sieu_thi,Chúng tôi đến siêu thị.,Chúng tôi đến siêu thị.,1,1.0,1.0,1.0
thu_hai bo dang doc_sach,Thứ hai bố đang đọc sách.,Thứ hai bố đang đọc sách.,1,1.0,1.0,1.0
keo o_dau,Kẹo ở đâu?,Kẹo ở đâu?,1,1.0,1.0,1.0
me muon sua o benh_vien,Mẹ muốn sữa ở bệnh viện.,Mẹ muốn sữa ở bệnh viện.,1,1.0,1.0,1.0
buoi_toi me se di cong_ty,Buổi tối mẹ sẽ đi công ty.,Buổi tối mẹ sẽ đi công ty.,1,1.0,1.0,1.0
bo bi kho_tho nen can com,Bố bị khó thở nên cần cơm.,Bố bị khó thở nên cần cơm.,1,1.0,1.0,1.0
thu_bay co bi dau_bung,Thứ bảy cô bị đau bụng.,Thứ bảy cô bị đau bụng.,1,1.0,1.0,1.0
chu_nhat bo dang tam,Chủ nhật bố đang tắm.,Chủ nhật bố đang tắm.,1,1.0,1.0,1.0
toi_nay em bi dau,Tối nay em bị đau.,Tối nay em bị đau.,1,1.0,1.0,1.0
chi thich banh,Chị thích bánh.,Chị thích bánh.,1,1.0,1.0,1.0
anh can nam ban_phim,Anh cần năm bàn phím.,Anh cần năm bàn phím.,1,1.0,1.0,1.0
toi muon ca o cho,Tôi muốn cá ở chợ.,Tôi muốn cá ở chợ.,1,1.0,1.0,1.0
me muon nam ban_phim,Mẹ muốn năm bàn phím.,Mẹ muốn năm bàn phím.,1,1.0,1.0,1.0
thay_giao dang an,Thầy giáo đang ăn.,Thầy giáo đang ăn.,1,1.0,1.0,1.0
hom_qua co dang lam_viec,Hôm qua cô đang làm việc.,Hôm qua cô đang làm việc.,1,1.0,1.0,1.0
buoi_sang em lam_viec,Buổi sáng em làm việc.,Buổi sáng em làm việc.,1,1.0,1.0,1.0
chung_toi o ben_xe,Chúng tôi ở bến xe.,Chúng tôi ở bến xe.,1,1.0,1.0,1.0
chu_nhat chi noi,Chủ nhật chị nói.,Chủ nhật chị nói.,1,1.0,1.0,1.0
lam_on dua ghe giup toi,Làm ơn đưa ghế giúp tôi.,Làm ơn đưa ghế giúp tôi.,1,1.0,1.0,1.0
hom_nay thay_giao dang lam_bai_tap,Hôm nay thầy giáo đang làm bài tập.,Hôm nay thầy giáo đang làm bài tập.,1,1.0,1.0,1.0
buoi_trua thay_giao hoc_bai,Buổi trưa thầy giáo học bài.,Buổi trưa thầy giáo học bài.,1,1.0,1.0,1.0
chi muon chin tivi,Chị muốn chín ti vi.,Chị muốn chín ti vi.,1,1.0,1.0,1.0
hom_qua em dang viet,Hôm qua em đang viết.,Hôm qua em đang viết.,1,1.0,1.0,1.0
buoi_toi me dang an,Buổi tối mẹ đang ăn.,Buổi tối mẹ đang ăn.,1,1.0,1.0,1.0
me thich den,Mẹ thích đèn.,Mẹ thích đèn.,1,1.0,1.0,1.0
hom_nay ban xem,Hôm nay bạn xem.,Hôm nay bạn xem.,1,1.0,1.0,1.0
me muon hai_muoi bun,Mẹ muốn hai mươi bún.,Mẹ muốn hai mươi bún.,1,1.0,1.0,1.0
chung_toi den nha_ve_sinh,Chúng tôi đến nhà vệ sinh.,Chúng tôi đến nhà vệ sinh.,1,1.0,1.0,1.0
thu_bay toi bi dau_bung,Thứ bảy tôi bị đau bụng.,Thứ bảy tôi bị đau bụng.,1,1.0,1.0,1.0
co bi dau_bung can goi_bac_si,"Cô bị đau bụng, cần gọi bác sĩ.","Cô bị đau bụng, cần gọi bác sĩ.",1,1.0,1.0,1.0
thu_nam anh bi cam_lanh,Thứ năm anh bị cảm lạnh.,Thứ năm anh bị cảm lạnh.,1,1.0,1.0,1.0
ngay chung_toi dang noi,Ngày chúng tôi đang nói.,Ngày chúng tôi đang nói.,1,1.0,1.0,1.0
buoi_toi chung_toi bi dau_tay,Buổi tối chúng tôi bị đau tay.,Buổi tối chúng tôi bị đau tay.,1,1.0,1.0,1.0
ngay ba doc_sach,Ngày bà đọc sách.,Ngày bà đọc sách.,1,1.0,1.0,1.0
benh_nhan muon sua,Bệnh nhân muốn sữa.,Bệnh nhân muốn sữa.,1,1.0,1.0,1.0
thu_sau em dang lam_viec,Thứ sáu em đang làm việc.,Thứ sáu em đang làm việc.,1,1.0,1.0,1.0
hom_qua ban se di lop_hoc,Hôm qua bạn sẽ đi lớp học.,Hôm qua bạn sẽ đi lớp học.,1,1.0,1.0,1.0
toi muon ban,Tôi muốn bàn.,Tôi muốn bàn.,1,1.0,1.0,1.0
buoi_toi em bi ho,Buổi tối em bị ho.,Buổi tối em bị ho.,1,1.0,1.0,1.0
buoi_toi thay_giao bi bi_thuong,Buổi tối thầy giáo bị bị thương.,Buổi tối thầy giáo bị bị thương.,1,1.0,1.0,1.0
thang ong an,Tháng ông ăn.,Tháng ông ăn.,1,1.0,1.0,1.0
em muon mua dien_thoai,Em muốn mua điện thoại.,Em muốn mua điện thoại.,1,1.0,1.0,1.0
buoi_sang bo bi dau_bung,Buổi sáng bố bị đau bụng.,Buổi sáng bố bị đau bụng.,1,1.0,1.0,1.0
thu_bay co dang di_bo,Thứ bảy cô đang đi bộ.,Thứ bảy cô đang đi bộ.,1,1.0,1.0,1.0
chi can chin may_tinh,Chị cần chín máy tính.,Chị cần chín máy tính.,1,1.0,1.0,1.0
em muon chin banh_mi,Em muốn chín bánh mì.,Em muốn chín bánh mì.,1,1.0,1.0,1.0
thu_hai co_giao dang choi,Thứ hai cô giáo đang chơi.,Thứ hai cô giáo đang chơi.,1,1.0,1.0,1.0
bay_gio em se di cho,Bây giờ em sẽ đi chợ.,Bây giờ em sẽ đi chợ.,1,1.0,1.0,1.0
buoi_sang ban dang giat_do,Buổi sáng bạn đang giặt đồ.,Buổi sáng bạn đang giặt đồ.,1,1.0,1.0,1.0
buoi_chieu thay_giao dang xem,Buổi chiều thầy giáo đang xem.,Buổi chiều thầy giáo đang xem.,1,1.0,1.0,1.0
con_gai can dien_thoai khong,Con gái có cần điện thoại không?,Con gái có cần điện thoại không?,1,1.0,1.0,1.0
anh dang giat_do,Anh đang giặt đồ.,Anh đang giặt đồ.,1,1.0,1.0,1.0
ba thich ao,Bà thích áo.,Bà thích áo.,1,1.0,1.0,1.0
thang anh dang chay,Tháng anh đang chạy.,Tháng anh đang chạy.,1,1.0,1.0,1.0
thu_tu benh_nhan dang chay,Thứ tư bệnh nhân đang chạy.,Thứ tư bệnh nhân đang chạy.,1,1.0,1.0,1.0
buoi_trua toi dang nghe,Buổi trưa tôi đang nghe.,Buổi trưa tôi đang nghe.,1,1.0,1.0,1.0
con_trai can sach,Con trai cần sách.,Con trai cần sách.,1,1.0,1.0,1.0
benh_nhan bi dau_chan nen can goi_bac_si,Bệnh nhân bị đau chân nên cần gọi bác sĩ.,Bệnh nhân bị đau chân nên cần gọi bác sĩ.,1,1.0,1.0,1.0
em muon com o truong,Em muốn cơm ở trường.,Em muốn cơm ở trường.,1,1.0,1.0,1.0
toi_nay thay_giao viet,Tối nay thầy giáo viết.,Tối nay thầy giáo viết.,1,1.0,1.0,1.0
mua_he co_giao dang uong,Mùa hè cô giáo đang uống.,Mùa hè cô giáo đang uống.,1,1.0,1.0,1.0
bay_gio em bi cam_lanh,Bây giờ em bị cảm lạnh.,Bây giờ em bị cảm lạnh.,1,1.0,1.0,1.0
hom_nay bo lam_viec,Hôm nay bố làm việc.,Hôm nay bố làm việc.,1,1.0,1.0,1.0
hom_nay me dang chay,Hôm nay mẹ đang chạy.,Hôm nay mẹ đang chạy.,1,1.0,1.0,1.0
ban can ao_khoac khong,Bạn có cần áo khoác không?,Bạn có cần áo khoác không?,1,1.0,1.0,1.0
ong muon hai_muoi ban_phim,Ông muốn hai mươi bàn phím.,Ông muốn hai mươi bàn phím.,1,1.0,1.0,1.0
ngay con_gai dang rua_tay,Ngày con gái đang rửa tay.,Ngày con gái đang rửa tay.,1,1.0,1.0,1.0
mua_he chi noi,Mùa hè chị nói.,Mùa hè chị nói.,1,1.0,1.0,1.0
con_gai can but khong,Con gái có cần bút không?,Con gái có cần bút không?,1,1.0,1.0,1.0
hom_nay thay_giao lam_bai_tap,Hôm nay thầy giáo làm bài tập.,Hôm nay thầy giáo làm bài tập.,1,1.0,1.0,1.0
buoi_chieu chi bi dau_bung,Buổi chiều chị bị đau bụng.,Buổi chiều chị bị đau bụng.,1,1.0,1.0,1.0
co se chay,Cô sẽ chạy.,Cô sẽ chạy.,1,1.0,1.0,1.0
mua_dong em bi met,Mùa đông em bị mệt.,Mùa đông em bị mệt.,1,1.0,1.0,1.0
con_trai can giay khong,Con trai có cần giày không?,Con trai có cần giày không?,1,1.0,1.0,1.0
bo muon hai_muoi com,Bố muốn hai mươi cơm.,Bố muốn hai mươi cơm.,1,1.0,1.0,1.0
thang chi dang choi,Tháng chị đang chơi.,Tháng chị đang chơi.,1,1.0,1.0,1.0
thu_ba ba dang tap_the_duc,Thứ ba bà đang tập thể dục.,Thứ ba bà đang tập thể dục.,1,1.0,1.0,1.0
thu_sau con_trai dang doc_sach,Thứ sáu con trai đang đọc sách.,Thứ sáu con trai đang đọc sách.,1,1.0,1.0,1.0
co can nguoi_phien_dich,Cô cần người phiên dịch.,Cô cần người phiên dịch.,1,1.0,1.0,1.0
me thich nuoc,Mẹ thích nước.,Mẹ thích nước.,1,1.0,1.0,1.0
chung_toi bi buon_non nen can goi_bac_si,Chúng tôi bị buồn nôn nên cần gọi bác sĩ.,Chúng tôi bị buồn nôn nên cần gọi bác sĩ.,1,1.0,1.0,1.0
hom_qua toi dang di_hoc,Hôm qua tôi đang đi học.,Hôm qua tôi đang đi học.,1,1.0,1.0,1.0
hom_qua me dang rua_tay,Hôm qua mẹ đang rửa tay.,Hôm qua mẹ đang rửa tay.,1,1.0,1.0,1.0
chu_nhat anh nghe,Chủ nhật anh nghe.,Chủ nhật anh nghe.,1,1.0,1.0,1.0
hom_nay nguoi_khiem_thinh dang nau_an,Hôm nay người khiếm thính đang nấu ăn.,Hôm nay người khiếm thính đang nấu ăn.,1,1.0,1.0,1.0
toi muon xe_cuu_thuong,Tôi muốn xe cứu thương.,Tôi muốn xe cứu thương.,1,1.0,1.0,1.0
chung_toi can dong_ho,Chúng tôi cần đồng hồ.,Chúng tôi cần đồng hồ.,1,1.0,1.0,1.0
nam chi an,Năm chị ăn.,Năm chị ăn.,1,1.0,1.0,1.0
anh se xem,Anh sẽ xem.,Anh sẽ xem.,1,1.0,1.0,1.0
buoi_trua bo se di cong_ty,Buổi trưa bố sẽ đi công ty.,Buổi trưa bố sẽ đi công ty.,1,1.0,1.0,1.0
chi muon bay sua,Chị muốn bảy sữa.,Chị muốn bảy sữa.,1,1.0,1.0,1.0
thu_bay nguoi_khiem_thinh dang viet,Thứ bảy người khiếm thính đang viết.,Thứ bảy người khiếm thính đang viết.,1,1.0,1.0,1.0
thu_hai bo dang tap_the_duc,Thứ hai bố đang tập thể dục.,Thứ hai bố đang tập thể dục.,1,1.0,1.0,1.0
thu_nam ba dang ngu,Thứ năm bà đang ngủ.,Thứ năm bà đang ngủ.,1,1.0,1.0,1.0
em muon com o cho,Em muốn cơm ở chợ.,Em muốn cơm ở chợ.,1,1.0,1.0,1.0
buoi_trua con_trai bi met,Buổi trưa con trai bị mệt.,Buổi trưa con trai bị mệt.,1,1.0,1.0,1.0
thay_giao can com,Thầy giáo cần cơm.,Thầy giáo cần cơm.,1,1.0,1.0,1.0
thu_nam toi hoc_bai,Thứ năm tôi học bài.,Thứ năm tôi học bài.,1,1.0,1.0,1.0
nam nguoi_khiem_thinh dang viet,Năm người khiếm thính đang viết.,Năm người khiếm thính đang viết.,1,1.0,1.0,1.0
anh cam_thay co_may,Anh cảm thấy có mây.,Anh cảm thấy có mây.,1,1.0,1.0,1.0
ong muon den cong_ty,Ông muốn đến công ty.,Ông muốn đến công ty.,1,1.0,1.0,1.0
nguoi_khiem_thinh can ban_phim,Người khiếm thính cần bàn phím.,Người khiếm thính cần bàn phím.,1,1.0,1.0,1.0
chi o ben_xe,Chị ở bến xe.,Chị ở bến xe.,1,1.0,1.0,1.0
anh da rua_tay,Anh đã rửa tay.,Anh đã rửa tay.,1,1.0,1.0,1.0
but moi,Bút mới.,Bút mới.,1,1.0,1.0,1.0
thu_ba me dang ngu,Thứ ba mẹ đang ngủ.,Thứ ba mẹ đang ngủ.,1,1.0,1.0,1.0
mua_he bo lam_bai_tap,Mùa hè bố làm bài tập.,Mùa hè bố làm bài tập.,1,1.0,1.0,1.0
thu_bay co_giao bi dau_tay,Thứ bảy cô giáo bị đau tay.,Thứ bảy cô giáo bị đau tay.,1,1.0,1.0,1.0
thu_bay co_giao lam_bai_tap,Thứ bảy cô giáo làm bài tập.,Thứ bảy cô giáo làm bài tập.,1,1.0,1.0,1.0
ong da noi,Ông đã nói.,Ông đã nói.,1,1.0,1.0,1.0
thu_ba em dang tap_the_duc,Thứ ba em đang tập thể dục.,Thứ ba em đang tập thể dục.,1,1.0,1.0,1.0
bay_gio chi dang giat_do,Bây giờ chị đang giặt đồ.,Bây giờ chị đang giặt đồ.,1,1.0,1.0,1.0
chu_nhat ong dang rua_tay,Chủ nhật ông đang rửa tay.,Chủ nhật ông đang rửa tay.,1,1.0,1.0,1.0
toi bi dau_bung nen can goi_y_ta,Tôi bị đau bụng nên cần gọi y tá.,Tôi bị đau bụng nên cần gọi y tá.,1,1.0,1.0,1.0
bo mat sach,Bố mất sách.,Bố mất sách.,1,1.0,1.0,1.0
em cam_thay met,Em cảm thấy mệt.,Em cảm thấy mệt.,1,1.0,1.0,1.0
kinh_lup mau_xanh,Kính lúp màu xanh.,Kính lúp màu xanh.,1,1.0,1.0,1.0
hom_qua em bi dau_bung,Hôm qua em bị đau bụng.,Hôm qua em bị đau bụng.,1,1.0,1.0,1.0
ban can ca,Bạn cần cá.,Bạn cần cá.,1,1.0,1.0,1.0
bo muon ca_phe o phong_kham,Bố muốn cà phê ở phòng khám.,Bố muốn cà phê ở phòng khám.,1,1.0,1.0,1.0
thu_nam anh dang nau_an,Thứ năm anh đang nấu ăn.,Thứ năm anh đang nấu ăn.,1,1.0,1.0,1.0
em can banh khong,Em có cần bánh không?,Em có cần bánh không?,1,1.0,1.0,1.0
mua_he con_gai dang doc_sach,Mùa hè con gái đang đọc sách.,Mùa hè con gái đang đọc sách.,1,1.0,1.0,1.0
hom_nay ban bi buon_non,Hôm nay bạn bị buồn nôn.,Hôm nay bạn bị buồn nôn.,1,1.0,1.0,1.0
hom_qua chi dang tam,Hôm qua chị đang tắm.,Hôm qua chị đang tắm.,1,1.0,1.0,1.0
toi khong di_hoc,Tôi không đi học.,Tôi không đi học.,1,1.0,1.0,1.0
ngay_mai con_trai bi dau,Ngày mai con trai bị đau.,Ngày mai con trai bị đau.,1,1.0,1.0,1.0
ba cam_thay dau_chan,Bà cảm thấy đau chân.,Bà cảm thấy đau chân.,1,1.0,1.0,1.0
thu_tu kho_rao khong,Thứ tư có khô ráo không?,Thứ tư có khô ráo không?,1,1.0,1.0,1.0
ghe mau_tim,Ghế màu tím.,Ghế màu tím.,1,1.0,1.0,1.0
con_gai den duong,Con gái đến đường.,Con gái đến đường.,1,1.0,1.0,1.0
thang anh bi chay_mau,Tháng anh bị chảy máu.,Tháng anh bị chảy máu.,1,1.0,1.0,1.0
hom_nay troi_nong khong,Hôm nay có nóng không?,Hôm nay có nóng không?,1,1.0,1.0,1.0
thu_ba me noi,Thứ ba mẹ nói.,Thứ ba mẹ nói.,1,1.0,1.0,1.0
buoi_chieu thay_giao dang hoc_bai,Buổi chiều thầy giáo đang học bài.,Buổi chiều thầy giáo đang học bài.,1,1.0,1.0,1.0
anh muon sua o lop_hoc,Anh muốn sữa ở lớp học.,Anh muốn sữa ở lớp học.,1,1.0,1.0,1.0
toi muon giay,Tôi muốn giày.,Tôi muốn giày.,1,1.0,1.0,1.0
toi can chin ban_phim,Tôi cần chín bàn phím.,Tôi cần chín bàn phím.,1,1.0,1.0,1.0
thu_hai chi dang hoc_bai,Thứ hai chị đang học bài.,Thứ hai chị đang học bài.,1,1.0,1.0,1.0
me can xe_cuu_thuong,Mẹ cần xe cứu thương.,Mẹ cần xe cứu thương.,1,1.0,1.0,1.0
em muon di cho,Em muốn đi chợ.,Em muốn đi chợ.,1,1.0,1.0,1.0
ngay_mai con_trai dang nghi,Ngày mai con trai đang nghỉ.,Ngày mai con trai đang nghỉ.,1,1.0,1.0,1.0
mua_dong anh dang doc_sach,Mùa đông anh đang đọc sách.,Mùa đông anh đang đọc sách.,1,1.0,1.0,1.0
thu_hai anh bi chay_mau,Thứ hai anh bị chảy máu.,Thứ hai anh bị chảy máu.,1,1.0,1.0,1.0
hom_qua bo nghe,Hôm qua bố nghe.,Hôm qua bố nghe.,1,1.0,1.0,1.0
ngay_mai anh lam_bai_tap,Ngày mai anh làm bài tập.,Ngày mai anh làm bài tập.,1,1.0,1.0,1.0
co di phong_kham,Cô đi phòng khám.,Cô đi phòng khám.,1,1.0,1.0,1.0
buoi_sang em ngu,Buổi sáng em ngủ.,Buổi sáng em ngủ.,1,1.0,1.0,1.0
toi muon di lop_hoc,Tôi muốn đi lớp học.,Tôi muốn đi lớp học.,1,1.0,1.0,1.0
buoi_sang ba hoc_bai,Buổi sáng bà học bài.,Buổi sáng bà học bài.,1,1.0,1.0,1.0
buoi_chieu con_trai dang giat_do,Buổi chiều con trai đang giặt đồ.,Buổi chiều con trai đang giặt đồ.,1,1.0,1.0,1.0
ong can ba_muoi com,Ông cần ba mươi cơm.,Ông cần ba mươi cơm.,1,1.0,1.0,1.0
buoi_chieu chi bi chay_mau,Buổi chiều chị bị chảy máu.,Buổi chiều chị bị chảy máu.,1,1.0,1.0,1.0
ngay thay_giao dang tam,Ngày thầy giáo đang tắm.,Ngày thầy giáo đang tắm.,1,1.0,1.0,1.0
toi_nay nguoi_khiem_thinh dang doc_sach,Tối nay người khiếm thính đang đọc sách.,Tối nay người khiếm thính đang đọc sách.,1,1.0,1.0,1.0
thu_sau ong dang di_hoc,Thứ sáu ông đang đi học.,Thứ sáu ông đang đi học.,1,1.0,1.0,1.0
thang ba dang rua_tay,Tháng bà đang rửa tay.,Tháng bà đang rửa tay.,1,1.0,1.0,1.0
thay_giao se doc_sach,Thầy giáo sẽ đọc sách.,Thầy giáo sẽ đọc sách.,1,1.0,1.0,1.0
me muon ca_phe,Mẹ muốn cà phê.,Mẹ muốn cà phê.,1,1.0,1.0,1.0
ngay_mai co bi cam_lanh,Ngày mai cô bị cảm lạnh.,Ngày mai cô bị cảm lạnh.,1,1.0,1.0,1.0
chi se choi,Chị sẽ chơi.,Chị sẽ chơi.,1,1.0,1.0,1.0
thu_nam chi dang rua_tay,Thứ năm chị đang rửa tay.,Thứ năm chị đang rửa tay.,1,1.0,1.0,1.0
nam co_giao dang rua_tay,Năm cô giáo đang rửa tay.,Năm cô giáo đang rửa tay.,1,1.0,1.0,1.0
em di tau_hoa,Em đi tàu hỏa.,Em đi tàu.,0,0.5714285714285715,0.8,0.8333333333333334
ngay_mai ba nghi,Ngày mai bà nghỉ.,Ngày mai bà nghỉ.,1,1.0,1.0,1.0
anh thich banh,Anh thích bánh.,Anh thích bánh.,1,1.0,1.0,1.0
anh o_dau,Anh ở đâu?,Anh ở đâu?,1,1.0,1.0,1.0
hom_nay ba bi dau_bung,Hôm nay bà bị đau bụng.,Hôm nay bà bị đau bụng.,1,1.0,1.0,1.0
thu_ba chi an,Thứ ba chị ăn.,Thứ ba chị ăn.,1,1.0,1.0,1.0
me bi chong_mat nen can nghi_ngoi,Mẹ bị chóng mặt nên cần nghỉ ngơi.,Mẹ bị chóng mặt nên cần nghỉ ngơi.,1,1.0,1.0,1.0
anh muon mot_tram banh_mi,Anh muốn một trăm bánh mì.,Anh muốn một trăm bánh mì.,1,1.0,1.0,1.0
bay_gio benh_nhan dang nau_an,Bây giờ bệnh nhân đang nấu ăn.,Bây giờ bệnh nhân đang nấu ăn.,1,1.0,1.0,1.0
toi can hai_muoi com,Tôi cần hai mươi cơm.,Tôi cần hai mươi cơm.,1,1.0,1.0,1.0
thu_nam bo dang lam_bai_tap,Thứ năm bố đang làm bài tập.,Thứ năm bố đang làm bài tập.,1,1.0,1.0,1.0
thu_hai chung_toi bi dau_hong,Thứ hai chúng tôi bị đau họng.,Thứ hai chúng tôi bị đau họng.,1,1.0,1.0,1.0
toi bi dau_dau nen can thuoc,Tôi bị đau đầu nên cần thuốc.,Tôi bị đau đầu nên cần thuốc.,1,1.0,1.0,1.0
ngay anh dang lam_viec,Ngày anh đang làm việc.,Ngày anh đang làm việc.,1,1.0,1.0,1.0
bay_gio benh_nhan dang di_hoc,Bây giờ bệnh nhân đang đi học.,Bây giờ bệnh nhân đang đi học.,1,1.0,1.0,1.0
y_ta can kinh,Y tá cần kính.,Y tá cần kính.,1,1.0,1.0,1.0
em can hai dien_thoai,Em cần hai điện thoại.,Em cần hai điện thoại.,1,1.0,1.0,1.0
toi can mot_tram den,Tôi cần một trăm đèn.,Tôi cần một trăm đèn.,1,1.0,1.0,1.0
ngay_mai ong bi dau_bung,Ngày mai ông bị đau bụng.,Ngày mai ông bị đau bụng.,1,1.0,1.0,1.0
anh tim ao,Anh tìm áo.,Anh tìm áo.,1,1.0,1.0,1.0
nam toi bi buon_non,Năm tôi bị buồn nôn.,Năm tôi bị buồn nôn.,1,1.0,1.0,1.0
toi_nay con_trai bi buon_non,Tối nay con trai bị buồn nôn.,Tối nay con trai bị buồn nôn.,1,1.0,1.0,1.0
thu_bay ong dang noi,Thứ bảy ông đang nói.,Thứ bảy ông đang nói.,1,1.0,1.0,1.0
mua_dong me bi dau_dau,Mùa đông mẹ bị đau đầu.,Mùa đông mẹ bị đau đầu.,1,1.0,1.0,1.0
ong can bao_nhieu den,Ông cần bao nhiêu đèn?,Ông cần bao nhiêu đèn?,1,1.0,1.0,1.0
thang co_giao dang tam,Tháng cô giáo đang tắm.,Tháng cô giáo đang tắm.,1,1.0,1.0,1.0
ngay_mai ong nghi,Ngày mai ông nghỉ.,Ngày mai ông nghỉ.,1,1.0,1.0,1.0
thay_giao can tivi khong,Thầy giáo có cần ti vi không?,Thầy giáo có cần ti vi không?,1,1.0,1.0,1.0
thu_hai anh nghi,Thứ hai anh nghỉ.,Thứ hai anh nghỉ.,1,1.0,1.0,1.0
thu_ba nguoi_khiem_thinh dang an,Thứ ba người khiếm thính đang ăn.,Thứ ba người khiếm thính đang ăn.,1,1.0,1.0,1.0
thang me noi,Tháng mẹ nói.,Tháng mẹ nói.,1,1.0,1.0,1.0
den cu,Đèn cũ.,Đèn cũ.,1,1.0,1.0,1.0
co khong_dong_y,Cô không đồng ý.,Cô không đồng ý.,1,1.0,1.0,1.0
nam con_trai bi di_ung,Năm con trai bị dị ứng.,Năm con trai bị dị ứng.,1,1.0,1.0,1.0
buoi_chieu em nghi,Buổi chiều em nghỉ.,Buổi chiều em nghỉ.,1,1.0,1.0,1.0
bo muon bun,Bố muốn bún.,Bố muốn bún.,1,1.0,1.0,1.0
hom_qua anh dang hoc_bai,Hôm qua anh đang học bài.,Hôm qua anh đang học bài.,1,1.0,1.0,1.0
co mat cua,Cô mất cửa.,Cô mất cửa.,1,1.0,1.0,1.0
thang chi bi dau_tay,Tháng chị bị đau tay.,Tháng chị bị đau tay.,1,1.0,1.0,1.0
ban muon di ban,Bạn muốn đi bàn.,Bạn muốn đi bàn.,1,1.0,1.0,1.0
mua_dong ban bi buon_non,Mùa đông bạn bị buồn nôn.,Mùa đông bạn bị buồn nôn.,1,1.0,1.0,1.0
bay_gio co_giao ngu,Bây giờ cô giáo ngủ.,Bây giờ cô giáo ngủ.,1,1.0,1.0,1.0
con_gai can ca_phe,Con gái cần cà phê.,Con gái cần cà phê.,1,1.0,1.0,1.0
hom_nay chung_toi dang lam_bai_tap,Hôm nay chúng tôi đang làm bài tập.,Hôm nay chúng tôi đang làm bài tập.,1,1.0,1.0,1.0
thu_tu toi bi chay_mau,Thứ tư tôi bị chảy máu.,Thứ tư tôi bị chảy máu.,1,1.0,1.0,1.0
ong can nam but,Ông cần năm bút.,Ông cần năm bút.,1,1.0,1.0,1.0
thu_nam chi dang di_cho,Thứ năm chị đang đi chợ.,Thứ năm chị đang đi chợ.,1,1.0,1.0,1.0
anh muon hai_muoi vo,Anh muốn hai mươi vở.,Anh muốn hai mươi vở.,1,1.0,1.0,1.0
buoi_chieu anh dang giat_do,Buổi chiều anh đang giặt đồ.,Buổi chiều anh đang giặt đồ.,1,1.0,1.0,1.0
chung_toi muon com,Chúng tôi muốn cơm.,Chúng tôi muốn cơm.,1,1.0,1.0,1.0
chi se hoc_bai,Chị sẽ học bài.,Chị sẽ học bài.,1,1.0,1.0,1.0
thu_nam benh_nhan bi dau_lung,Thứ năm bệnh nhân bị đau lưng.,Thứ năm bệnh nhân bị đau lưng.,1,1.0,1.0,1.0
ngay_mai kho_rao khong,Ngày mai có khô ráo không?,Ngày mai có khô ráo không?,1,1.0,1.0,1.0
thang em dang lam_bai_tap,Tháng em đang làm bài tập.,Tháng em đang làm bài tập.,1,1.0,1.0,1.0
chi dang nghe,Chị đang nghe.,Chị đang nghe.,1,1.0,1.0,1.0
buoi_toi ban se di truong,Buổi tối bạn sẽ đi trường.,Buổi tối bạn sẽ đi trường.,1,1.0,1.0,1.0
buoi_trua me bi dau_bung,Buổi trưa mẹ bị đau bụng.,Buổi trưa mẹ bị đau bụng.,1,1.0,1.0,1.0
lam_on lay ba_lo giup toi,Làm ơn lấy ba lô giúp tôi.,Làm ơn lấy ba lô giúp tôi.,1,1.0,1.0,1.0
thu_tu chi dang hoc_bai,Thứ tư chị đang học bài.,Thứ tư chị đang học bài.,1,1.0,1.0,1.0
buoi_toi chi lam_viec,Buổi tối chị làm việc.,Buổi tối chị làm việc.,1,1.0,1.0,1.0
hom_nay chi noi,Hôm nay chị nói.,Hôm nay chị nói.,1,1.0,1.0,1.0
em thich sach,Em thích sách.,Em thích sách.,1,1.0,1.0,1.0
con_trai can sach khong,Con trai có cần sách không?,Con trai có cần sách không?,1,1.0,1.0,1.0
giuong cu,Giường cũ.,Giường cũ.,1,1.0,1.0,1.0
anh di xe_may,Anh đi xe máy.,Anh đi xe máy.,1,1.0,1.0,1.0
thang thay_giao dang di_bo,Tháng thầy giáo đang đi bộ.,Tháng thầy giáo đang đi bộ.,1,1.0,1.0,1.0
ngay_mai ong dang lam_bai_tap,Ngày mai ông đang làm bài tập.,Ngày mai ông đang làm bài tập.,1,1.0,1.0,1.0
thu_bay bo hoc_bai,Thứ bảy bố học bài.,Thứ bảy bố học bài.,1,1.0,1.0,1.0
em di nha_ga,Em đi nhà ga.,Em đi nhà ga.,1,1.0,1.0,1.0
benh_nhan can sach,Bệnh nhân cần sách.,Bệnh nhân cần sách.,1,1.0,1.0,1.0
ong muon chao o phong_kham,Ông muốn cháo ở phòng khám.,Ông muốn cháo ở phòng khám.,1,1.0,1.0,1.0
buoi_chieu thay_giao dang doc_sach,Buổi chiều thầy giáo đang đọc sách.,Buổi chiều thầy giáo đang đọc sách.,1,1.0,1.0,1.0
lam_on goi quan giup toi,Làm ơn gọi quần giúp tôi.,Làm ơn gọi quần giúp tôi.,1,1.0,1.0,1.0
ngay_mai anh dang doc_sach,Ngày mai anh đang đọc sách.,Ngày mai anh đang đọc sách.,1,1.0,1.0,1.0
thang toi bi ho,Tháng tôi bị ho.,Tháng tôi bị ho.,1,1.0,1.0,1.0
me muon xe_cuu_thuong,Mẹ muốn xe cứu thương.,Mẹ muốn xe cứu thương.,1,1.0,1.0,1.0
thay_giao o sieu_thi,Thầy giáo ở siêu thị.,Thầy giáo ở siêu thị.,1,1.0,1.0,1.0
bay_gio co_giao dang mua_sam,Bây giờ cô giáo đang mua sắm.,Bây giờ cô giáo đang mua sắm.,1,1.0,1.0,1.0
toi_nay toi nghi,Tối nay tôi nghỉ.,Tối nay tôi nghỉ.,1,1.0,1.0,1.0
thu_bay thay_giao bi dau,Thứ bảy thầy giáo bị đau.,Thứ bảy thầy giáo bị đau.,1,1.0,1.0,1.0
thu_hai con_trai dang tam,Thứ hai con trai đang tắm.,Thứ hai con trai đang tắm.,1,1.0,1.0,1.0
mua_he chung_toi bi kho_tho,Mùa hè chúng tôi bị khó thở.,Mùa hè chúng tôi bị khó thở.,1,1.0,1.0,1.0
ban co but khong,Bạn có bút không?,Bạn có bút không?,1,1.0,1.0,1.0
thang nguoi_khiem_thinh bi chong_mat,Tháng người khiếm thính bị chóng mặt.,Tháng người khiếm thính bị chóng mặt.,1,1.0,1.0,1.0
thu_bay ong nghi,Thứ bảy ông nghỉ.,Thứ bảy ông nghỉ.,1,1.0,1.0,1.0
bo muon ca o phong_kham,Bố muốn cá ở phòng khám.,Bố muốn cá ở phòng khám.,1,1.0,1.0,1.0
ong muon chao o nha,Ông muốn cháo ở nhà.,Ông muốn cháo ở nhà.,1,1.0,1.0,1.0
anh can chin den,Anh cần chín đèn.,Anh cần chín đèn.,1,1.0,1.0,1.0
chu_nhat co lam_viec,Chủ nhật cô làm việc.,Chủ nhật cô làm việc.,1,1.0,1.0,1.0
chi muon ba tivi,Chị muốn ba ti vi.,Chị muốn ba ti vi.,1,1.0,1.0,1.0
thu_nam ba viet,Thứ năm bà viết.,Thứ năm bà viết.,1,1.0,1.0,1.0
thu_bay bo bi cam_lanh,Thứ bảy bố bị cảm lạnh.,Thứ bảy bố bị cảm lạnh.,1,1.0,1.0,1.0
mua_dong em dang di_hoc,Mùa đông em đang đi học.,Mùa đông em đang đi học.,1,1.0,1.0,1.0
toi_nay benh_nhan dang an,Tối nay bệnh nhân đang ăn.,Tối nay bệnh nhân đang ăn.,1,1.0,1.0,1.0
ong muon bon sua,Ông muốn bốn sữa.,Ông muốn bốn sữa.,1,1.0,1.0,1.0
buoi_sang co bi di_ung,Buổi sáng cô bị dị ứng.,Buổi sáng cô bị dị ứng.,1,1.0,1.0,1.0
chi muon hai sach,Chị muốn hai sách.,Chị muốn hai sách.,1,1.0,1.0,1.0
chi muon tra o truong,Chị muốn trà ở trường.,Chị muốn trà ở trường.,1,1.0,1.0,1.0
me khong tam,Mẹ không tắm.,Mẹ không tắm.,1,1.0,1.0,1.0
thu_ba ba bi cam_lanh,Thứ ba bà bị cảm lạnh.,Thứ ba bà bị cảm lạnh.,1,1.0,1.0,1.0
bay_gio ban bi met,Bây giờ bạn bị mệt.,Bây giờ bạn bị mệt.,1,1.0,1.0,1.0
buoi_sang em bi ho,Buổi sáng em bị ho.,Buổi sáng em bị ho.,1,1.0,1.0,1.0
thu_sau em dang viet,Thứ sáu em đang viết.,Thứ sáu em đang viết.,1,1.0,1.0,1.0
thu_tu co_giao bi ho,Thứ tư cô giáo bị ho.,Thứ tư cô giáo bị ho.,1,1.0,1.0,1.0
toi_nay me se di nha_thuoc,Tối nay mẹ sẽ đi nhà thuốc.,Tối nay mẹ sẽ đi nhà thuốc.,1,1.0,1.0,1.0
lam_on dua tivi giup toi,Làm ơn đưa ti vi giúp tôi.,Làm ơn đưa ti vi giúp tôi.,1,1.0,1.0,1.0
bo muon di xe_may,Bố muốn đi xe máy.,Bố muốn đi xe máy.,1,1.0,1.0,1.0
me muon tam vo,Mẹ muốn tám vở.,Mẹ muốn tám vở.,1,1.0,1.0,1.0
thu_hai con_trai bi dau,Thứ hai con trai bị đau.,Thứ hai con trai bị đau.,1,1.0,1.0,1.0
buoi_toi me se di van_phong,Buổi tối mẹ sẽ đi văn phòng.,Buổi tối mẹ sẽ đi văn phòng.,1,1.0,1.0,1.0
buoi_sang kho_rao,Buổi sáng khô ráo.,Buổi sáng khô ráo.,1,1.0,1.0,1.0
bo muon thit o nha,Bố muốn thịt ở nhà.,Bố muốn thịt ở nhà.,1,1.0,1.0,1.0
thu_bay ba bi dau_bung,Thứ bảy bà bị đau bụng.,Thứ bảy bà bị đau bụng.,1,1.0,1.0,1.0
thu_hai chung_toi bi bi_thuong,Thứ hai chúng tôi bị bị thương.,Thứ hai chúng tôi bị bị thương.,1,1.0,1.0,1.0
bay_gio con_trai dang hoc_bai,Bây giờ con trai đang học bài.,Bây giờ con trai đang học bài.,1,1.0,1.0,1.0
buoi_toi chung_toi dang ngu,Buổi tối chúng tôi đang ngủ.,Buổi tối chúng tôi đang ngủ.,1,1.0,1.0,1.0
nam con_trai dang noi,Năm con trai đang nói.,Năm con trai đang nói.,1,1.0,1.0,1.0
mua_he co xem,Mùa hè cô xem.,Mùa hè cô xem.,1,1.0,1.0,1.0
em muon mot com,Em muốn một cơm.,Em muốn một cơm.,1,1.0,1.0,1.0
co thich keo,Cô thích kẹo.,Cô thích kẹo.,1,1.0,1.0,1.0
thu_hai co_giao dang viet,Thứ hai cô giáo đang viết.,Thứ hai cô giáo đang viết.,1,1.0,1.0,1.0
thu_hai ban dang xem,Thứ hai bạn đang xem.,Thứ hai bạn đang xem.,1,1.0,1.0,1.0
ong muon tivi,Ông muốn ti vi.,Ông muốn ti vi.,1,1.0,1.0,1.0
thu_hai co dang nghi,Thứ hai cô đang nghỉ.,Thứ hai cô đang nghỉ.,1,1.0,1.0,1.0
nam em noi,Năm em nói.,Năm em nói.,1,1.0,1.0,1.0
em se mua_sam,Em sẽ mua sắm.,Em sẽ mua sắm.,1,1.0,1.0,1.0
chu_nhat benh_nhan dang hoc_bai,Chủ nhật bệnh nhân đang học bài.,Chủ nhật bệnh nhân đang học bài.,1,1.0,1.0,1.0
ban la bac_si,Bạn là bác sĩ.,Bạn là bác sĩ.,1,1.0,1.0,1.0
toi thich goi_bac_si,Tôi thích gọi bác sĩ.,Tôi thích gọi bác sĩ.,1,1.0,1.0,1.0
me muon di phong_kham,Mẹ muốn đi phòng khám.,Mẹ muốn đi phòng khám.,1,1.0,1.0,1.0
bo can muoi bun,Bố cần mười bún.,Bố cần mười bún.,1,1.0,1.0,1.0
nam anh dang mua_sam,Năm anh đang mua sắm.,Năm anh đang mua sắm.,1,1.0,1.0,1.0
buoi_sang co bi ho,Buổi sáng cô bị ho.,Buổi sáng cô bị ho.,1,1.0,1.0,1.0
toi can bay but,Tôi cần bảy bút.,Tôi cần bảy bút.,1,1.0,1.0,1.0
toi_nay bo bi dau_lung,Tối nay bố bị đau lưng.,Tối nay bố bị đau lưng.,1,1.0,1.0,1.0
toi_nay toi doc_sach,Tối nay tôi đọc sách.,Tối nay tôi đọc sách.,1,1.0,1.0,1.0
thu_hai con_gai bi ho,Thứ hai con gái bị ho.,Thứ hai con gái bị ho.,1,1.0,1.0,1.0
thu_hai em dang nghe,Thứ hai em đang nghe.,Thứ hai em đang nghe.,1,1.0,1.0,1.0
chung_toi den giuong,Chúng tôi đến giường.,Chúng tôi đến giường.,1,1.0,1.0,1.0
thu_bay ban bi ho,Thứ bảy bạn bị ho.,Thứ bảy bạn bị ho.,1,1.0,1.0,1.0
ngay ong dang viet,Ngày ông đang viết.,Ngày ông đang viết.,1,1.0,1.0,1.0
hom_nay anh dang noi,Hôm nay anh đang nói.,Hôm nay anh đang nói.,1,1.0,1.0,1.0
toi muon mot vo,Tôi muốn một vở.,Tôi muốn một vở.,1,1.0,1.0,1.0
ban can khau_trang khong,Bạn có cần khẩu trang không?,Bạn có cần khẩu trang không?,1,1.0,1.0,1.0
bay_gio toi dang giat_do,Bây giờ tôi đang giặt đồ.,Bây giờ tôi đang giặt đồ.,1,1.0,1.0,1.0
ong can sau den,Ông cần sáu đèn.,Ông cần sáu đèn.,1,1.0,1.0,1.0
ba muon sac_pin,Bà muốn sạc pin.,Bà muốn sạc pin.,1,1.0,1.0,1.0
thu_nam ban bi dau_tay,Thứ năm bạn bị đau tay.,Thứ năm bạn bị đau tay.,1,1.0,1.0,1.0
thu_bay co_giao dang di_hoc,Thứ bảy cô giáo đang đi học.,Thứ bảy cô giáo đang đi học.,1,1.0,1.0,1.0
chi can banh_mi khong,Chị có cần bánh mì không?,Chị có cần bánh mì không?,1,1.0,1.0,1.0
em bi ho nen can di_nha_ve_sinh,Em bị ho nên cần đi nhà vệ sinh.,Em bị ho nên cần đi nhà vệ sinh.,1,1.0,1.0,1.0
thu_bay bo bi di_ung,Thứ bảy bố bị dị ứng.,Thứ bảy bố bị dị ứng.,1,1.0,1.0,1.0
chu_nhat bo dang nau_an,Chủ nhật bố đang nấu ăn.,Chủ nhật bố đang nấu ăn.,1,1.0,1.0,1.0
con_gai bi ho nen can goi_bac_si,Con gái bị ho nên cần gọi bác sĩ.,Con gái bị ho nên cần gọi bác sĩ.,1,1.0,1.0,1.0
nguoi_khiem_thinh bi dau_lung nen can goi_bac_si,Người khiếm thính bị đau lưng nên cần gọi bác sĩ.,Người khiếm thính bị đau lưng nên cần gọi bác sĩ.,1,1.0,1.0,1.0
benh_nhan can rau khong,Bệnh nhân có cần rau không?,Bệnh nhân có cần rau không?,1,1.0,1.0,1.0
chi thich goi_y_ta,Chị thích gọi y tá.,Chị thích gọi y tá.,1,1.0,1.0,1.0
ngay em dang mua_sam,Ngày em đang mua sắm.,Ngày em đang mua sắm.,1,1.0,1.0,1.0
ngay_mai me bi chong_mat,Ngày mai mẹ bị chóng mặt.,Ngày mai mẹ bị chóng mặt.,1,1.0,1.0,1.0
nam co_giao bi bi_thuong,Năm cô giáo bị bị thương.,Năm cô giáo bị bị thương.,1,1.0,1.0,1.0
anh can vo khong,Anh có cần vở không?,Anh có cần vở không?,1,1.0,1.0,1.0
buoi_toi toi dang an,Buổi tối tôi đang ăn.,Buổi tối tôi đang ăn.,1,1.0,1.0,1.0
con_trai o cong_vien,Con trai ở công viên.,Con trai ở công viên.,1,1.0,1.0,1.0
me khong di_cho,Mẹ không đi chợ.,Mẹ không đi chợ.,1,1.0,1.0,1.0
thu_bay co_giao dang lam_bai_tap,Thứ bảy cô giáo đang làm bài tập.,Thứ bảy cô giáo đang làm bài tập.,1,1.0,1.0,1.0
toi bi dau_lung nen can goi_bac_si,Tôi bị đau lưng nên cần gọi bác sĩ.,Tôi bị đau lưng nên cần gọi bác sĩ.,1,1.0,1.0,1.0
ngay_mai ba dang viet,Ngày mai bà đang viết.,Ngày mai bà đang viết.,1,1.0,1.0,1.0
toi bi dau_hong nen can thuoc,Tôi bị đau họng nên cần thuốc.,Tôi bị đau họng nên cần thuốc.,1,1.0,1.0,1.0
chi dang di_bo,Chị đang đi bộ.,Chị đang đi bộ.,1,1.0,1.0,1.0
bo bi chong_mat nen can giup_do,Bố bị chóng mặt nên cần giúp đỡ.,Bố bị chóng mặt nên cần giúp đỡ.,1,1.0,1.0,1.0
benh_nhan thich den,Bệnh nhân thích đèn.,Bệnh nhân thích đèn.,1,1.0,1.0,1.0
chung_toi thich dien_thoai,Chúng tôi thích điện thoại.,Chúng tôi thích điện thoại.,1,1.0,1.0,1.0
hom_qua thay_giao dang nghi,Hôm qua thầy giáo đang nghỉ.,Hôm qua thầy giáo đang nghỉ.,1,1.0,1.0,1.0
me can ca_phe khong,Mẹ có cần cà phê không?,Mẹ có cần cà phê không?,1,1.0,1.0,1.0
thu_bay ba lam_viec,Thứ bảy bà làm việc.,Thứ bảy bà làm việc.,1,1.0,1.0,1.0
bay_gio ong hoc_bai,Bây giờ ông học bài.,Bây giờ ông học bài.,1,1.0,1.0,1.0
buoi_sang nguoi_khiem_thinh bi kho_tho,Buổi sáng người khiếm thính bị khó thở.,Buổi sáng người khiếm thính bị khó thở.,1,1.0,1.0,1.0
mua_dong co nghi,Mùa đông cô nghỉ.,Mùa đông cô nghỉ.,1,1.0,1.0,1.0
hom_nay bo dang noi,Hôm nay bố đang nói.,Hôm nay bố đang nói.,1,1.0,1.0,1.0
mua_he chung_toi dang di_bo,Mùa hè chúng tôi đang đi bộ.,Mùa hè chúng tôi đang đi bộ.,1,1.0,1.0,1.0
me tim quan,Mẹ tìm quần.,Mẹ tìm quần.,1,1.0,1.0,1.0
toi muon mot sach,Tôi muốn một sách.,Tôi muốn một sách.,1,1.0,1.0,1.0
ngay_mai chi dang uong,Ngày mai chị đang uống.,Ngày mai chị đang uống.,1,1.0,1.0,1.0
me bi kho_tho nen can di_benh_vien,Mẹ bị khó thở nên cần đi bệnh viện.,Mẹ bị khó thở nên cần đi bệnh viện.,1,1.0,1.0,1.0
hom_qua chung_toi dang mua_sam,Hôm qua chúng tôi đang mua sắm.,Hôm qua chúng tôi đang mua sắm.,1,1.0,1.0,1.0
hom_qua ba bi dau,Hôm qua bà bị đau.,Hôm qua bà bị đau.,1,1.0,1.0,1.0
ong muon mua keo,Ông muốn mua kẹo.,Ông muốn mua kẹo.,1,1.0,1.0,1.0
chu_nhat benh_nhan dang rua_tay,Chủ nhật bệnh nhân đang rửa tay.,Chủ nhật bệnh nhân đang rửa tay.,1,1.0,1.0,1.0
me muon mot_tram com,Mẹ muốn một trăm cơm.,Mẹ muốn một trăm cơm.,1,1.0,1.0,1.0
thu_hai ong dang choi,Thứ hai ông đang chơi.,Thứ hai ông đang chơi.,1,1.0,1.0,1.0
em can sau den,Em cần sáu đèn.,Em cần sáu đèn.,1,1.0,1.0,1.0
ban_phim de,Bàn phím dễ.,Bàn phím dễ.,1,1.0,1.0,1.0
nam nguoi_khiem_thinh dang lam_viec,Năm người khiếm thính đang làm việc.,Năm người khiếm thính đang làm việc.,1,1.0,1.0,1.0
ong muon mot nuoc,Ông muốn một nước.,Ông muốn một nước.,1,1.0,1.0,1.0
thay_giao bi dau_dau nen can goi_bac_si,Thầy giáo bị đau đầu nên cần gọi bác sĩ.,Thầy giáo bị đau đầu nên cần gọi bác sĩ.,1,1.0,1.0,1.0
mua_he con_gai dang nghe,Mùa hè con gái đang nghe.,Mùa hè con gái đang nghe.,1,1.0,1.0,1.0
thu_hai anh se di cho,Thứ hai anh sẽ đi chợ.,Thứ hai anh sẽ đi chợ.,1,1.0,1.0,1.0
toi muon ba_muoi ban_phim,Tôi muốn ba mươi bàn phím.,Tôi muốn ba mươi bàn phím.,1,1.0,1.0,1.0
bo can hai_muoi bun,Bố cần hai mươi bún.,Bố cần hai mươi bún.,1,1.0,1.0,1.0
thu_hai toi dang di_bo,Thứ hai tôi đang đi bộ.,Thứ hai tôi đang đi bộ.,1,1.0,1.0,1.0
thu_sau me dang choi,Thứ sáu mẹ đang chơi.,Thứ sáu mẹ đang chơi.,1,1.0,1.0,1.0
con_gai can dong_ho khong,Con gái có cần đồng hồ không?,Con gái có cần đồng hồ không?,1,1.0,1.0,1.0
toi muon muoi ban_phim,Tôi muốn mười bàn phím.,Tôi muốn mười bàn phím.,1,1.0,1.0,1.0
nam anh dang giat_do,Năm anh đang giặt đồ.,Năm anh đang giặt đồ.,1,1.0,1.0,1.0
ngay_mai me noi,Ngày mai mẹ nói.,Ngày mai mẹ nói.,1,1.0,1.0,1.0
thu_bay chi dang rua_tay,Thứ bảy chị đang rửa tay.,Thứ bảy chị đang rửa tay.,1,1.0,1.0,1.0
buoi_trua co dang rua_tay,Buổi trưa cô đang rửa tay.,Buổi trưa cô đang rửa tay.,1,1.0,1.0,1.0
ngay_mai ong dang mua_sam,Ngày mai ông đang mua sắm.,Ngày mai ông đang mua sắm.,1,1.0,1.0,1.0
bo khong_thich ca_phe,Bố không thích cà phê.,Bố không thích cà phê.,1,1.0,1.0,1.0
thu_ba co_giao hoc_bai,Thứ ba cô giáo học bài.,Thứ ba cô giáo học bài.,1,1.0,1.0,1.0
nam bo dang viet,Năm bố đang viết.,Năm bố đang viết.,1,1.0,1.0,1.0
buoi_chieu chi bi sot,Buổi chiều chị bị sốt.,Buổi chiều chị bị sốt.,1,1.0,1.0,1.0
nam me dang hoc_bai,Năm mẹ đang học bài.,Năm mẹ đang học bài.,1,1.0,1.0,1.0
thu_ba ba bi dau_hong,Thứ ba bà bị đau họng.,Thứ ba bà bị đau họng.,1,1.0,1.0,1.0
nam em bi cam_lanh,Năm em bị cảm lạnh.,Năm em bị cảm lạnh.,1,1.0,1.0,1.0
ban muon nuoc_cam o benh_vien,Bạn muốn nước cam ở bệnh viện.,Bạn muốn nước cam ở bệnh viện.,1,1.0,1.0,1.0
thay_giao o nha_thuoc,Thầy giáo ở nhà thuốc.,Thầy giáo ở nhà thuốc.,1,1.0,1.0,1.0
ong muon hai nuoc,Ông muốn hai nước.,Ông muốn hai nước.,1,1.0,1.0,1.0
tam_biet,Tạm biệt.,Tối nay.,0,0.0,0.28571428571428575,0.35294117647058826
me muon mua banh_mi,Mẹ muốn mua bánh mì.,Mẹ muốn mua bánh mì.,1,1.0,1.0,1.0
thu_ba ba dang hoc_bai,Thứ ba bà đang học bài.,Thứ ba bà đang học bài.,1,1.0,1.0,1.0
buoi_chieu thay_giao bi sot,Buổi chiều thầy giáo bị sốt.,Buổi chiều thầy giáo bị sốt.,1,1.0,1.0,1.0
ngay co dang xem,Ngày cô đang xem.,Ngày cô đang xem.,1,1.0,1.0,1.0
buoi_sang co_giao dang lam_bai_tap,Buổi sáng cô giáo đang làm bài tập.,Buổi sáng cô giáo đang làm bài tập.,1,1.0,1.0,1.0
ngay_mai chung_toi bi met,Ngày mai chúng tôi bị mệt.,Ngày mai chúng tôi bị mệt.,1,1.0,1.0,1.0
bo can hai_muoi pho,Bố cần hai mươi phở.,Bố cần hai mươi phở.,1,1.0,1.0,1.0
mua_dong em bi dau_tay,Mùa đông em bị đau tay.,Mùa đông em bị đau tay.,1,1.0,1.0,1.0
co can goi_y_ta,Cô cần gọi y tá.,Cô cần gọi y tá.,1,1.0,1.0,1.0
ong muon tam may_tinh,Ông muốn tám máy tính.,Ông muốn tám máy tính.,1,1.0,1.0,1.0
ngay_mai em bi di_ung,Ngày mai em bị dị ứng.,Ngày mai em bị dị ứng.,1,1.0,1.0,1.0
toi_nay chi bi cam_lanh,Tối nay chị bị cảm lạnh.,Tối nay chị bị cảm lạnh.,1,1.0,1.0,1.0
thu_ba me dang nghe,Thứ ba mẹ đang nghe.,Thứ ba mẹ đang nghe.,1,1.0,1.0,1.0
ong thich quan,Ông thích quần.,Ông thích quần.,1,1.0,1.0,1.0
toi_nay chung_toi bi dau_hong,Tối nay chúng tôi bị đau họng.,Tối nay chúng tôi bị đau họng.,1,1.0,1.0,1.0
toi_nay nguoi_khiem_thinh dang mua_sam,Tối nay người khiếm thính đang mua sắm.,Tối nay người khiếm thính đang mua sắm.,1,1.0,1.0,1.0
nguoi_khiem_thinh thich pho,Người khiếm thính thích phở.,Người khiếm thính thích phở.,1,1.0,1.0,1.0
thu_sau benh_nhan dang nghi,Thứ sáu bệnh nhân đang nghỉ.,Thứ sáu bệnh nhân đang nghỉ.,1,1.0,1.0,1.0
thay_giao di benh_vien,Thầy giáo đi bệnh viện.,Thầy giáo đi bệnh viện.,1,1.0,1.0,1.0
nguoi_khiem_thinh muon nuoc,Người khiếm thính muốn nước.,Người khiếm thính muốn nước.,1,1.0,1.0,1.0
buoi_sang me bi dau_bung,Buổi sáng mẹ bị đau bụng.,Buổi sáng mẹ bị đau bụng.,1,1.0,1.0,1.0
nam con_trai dang lam_viec,Năm con trai đang làm việc.,Năm con trai đang làm việc.,1,1.0,1.0,1.0
thu_bay chi dang doc_sach,Thứ bảy chị đang đọc sách.,Thứ bảy chị đang đọc sách.,1,1.0,1.0,1.0
thu_hai bo noi,Thứ hai bố nói.,Thứ hai bố nói.,1,1.0,1.0,1.0
em can chin nuoc,Em cần chín nước.,Em cần chín nước.,1,1.0,1.0,1.0
anh den benh_vien,Anh đến bệnh viện.,Anh đến bệnh viện.,1,1.0,1.0,1.0
me can ban_phim,Mẹ cần bàn phím.,Mẹ cần bàn phím.,1,1.0,1.0,1.0
buoi_toi con_trai bi dau_bung,Buổi tối con trai bị đau bụng.,Buổi tối con trai bị đau bụng.,1,1.0,1.0,1.0
ong muon ca o truong,Ông muốn cá ở trường.,Ông muốn cá ở trường.,1,1.0,1.0,1.0
bo da hoc_bai,Bố đã học bài.,Bố đã học bài.,1,1.0,1.0,1.0
ban tim sach,Bạn tìm sách.,Bạn tìm sách.,1,1.0,1.0,1.0
chu_nhat chung_toi dang di_bo,Chủ nhật chúng tôi đang đi bộ.,Chủ nhật chúng tôi đang đi bộ.,1,1.0,1.0,1.0
chu_nhat ba bi chay_mau,Chủ nhật bà bị chảy máu.,Chủ nhật bà bị chảy máu.,1,1.0,1.0,1.0
toi can ba_muoi pho,Tôi cần ba mươi phở.,Tôi cần ba mươi phở.,1,1.0,1.0,1.0
thu_hai co_giao dang nghi,Thứ hai cô giáo đang nghỉ.,Thứ hai cô giáo đang nghỉ.,1,1.0,1.0,1.0
buoi_chieu em se di truong,Buổi chiều em sẽ đi trường.,Buổi chiều em sẽ đi trường.,1,1.0,1.0,1.0
thu_bay co_giao dang nghe,Thứ bảy cô giáo đang nghe.,Thứ bảy cô giáo đang nghe.,1,1.0,1.0,1.0
thu_bay me dang mua_sam,Thứ bảy mẹ đang mua sắm.,Thứ bảy mẹ đang mua sắm.,1,1.0,1.0,1.0
thu_hai em nghi,Thứ hai em nghỉ.,Thứ hai em nghỉ.,1,1.0,1.0,1.0
thu_ba ban nghi,Thứ ba bạn nghỉ.,Thứ ba bạn nghỉ.,1,1.0,1.0,1.0
ban muon ca o sieu_thi,Bạn muốn cá ở siêu thị.,Bạn muốn cá ở siêu thị.,1,1.0,1.0,1.0
chi di xe_dap,Chị đi xe đạp.,Chị đi xe đạp.,1,1.0,1.0,1.0
benh_nhan bi chay_mau nen can goi_bac_si,Bệnh nhân bị chảy máu nên cần gọi bác sĩ.,Bệnh nhân bị chảy máu nên cần gọi bác sĩ.,1,1.0,1.0,1.0
thu_hai bo bi dau,Thứ hai bố bị đau.,Thứ hai bố bị đau.,1,1.0,1.0,1.0
nguoi_khiem_thinh den giuong,Người khiếm thính đến giường.,Người khiếm thính đến giường.,1,1.0,1.0,1.0
me can mot sua,Mẹ cần một sữa.,Mẹ cần một sữa.,1,1.0,1.0,1.0
co_giao bi sot nen can goi_bac_si,Cô giáo bị sốt nên cần gọi bác sĩ.,Cô giáo bị sốt nên cần gọi bác sĩ.,1,1.0,1.0,1.0
ngay con_gai dang choi,Ngày con gái đang chơi.,Ngày con gái đang chơi.,1,1.0,1.0,1.0
chung_toi muon quan,Chúng tôi muốn quần.,Chúng tôi muốn quần.,1,1.0,1.0,1.0
mua_dong me hoc_bai,Mùa đông mẹ học bài.,Mùa đông mẹ học bài.,1,1.0,1.0,1.0
chu_nhat co_giao bi chay_mau,Chủ nhật cô giáo bị chảy máu.,Chủ nhật cô giáo bị chảy máu.,1,1.0,1.0,1.0
em muon bon nuoc_cam,Em muốn bốn nước cam.,Em muốn bốn nước cam.,1,1.0,1.0,1.0
thay_giao muon chao,Thầy giáo muốn cháo.,Thầy giáo muốn cháo.,1,1.0,1.0,1.0
chi muon di duong,Chị muốn đi đường.,Chị muốn đi đường.,1,1.0,1.0,1.0
co_giao can khau_trang,Cô giáo cần khẩu trang.,Cô giáo cần khẩu trang.,1,1.0,1.0,1.0
buoi_trua troi_nong,Buổi trưa trời nóng.,Buổi trưa trời nóng.,1,1.0,1.0,1.0
thu_hai nguoi_khiem_thinh bi bi_thuong,Thứ hai người khiếm thính bị bị thương.,Thứ hai người khiếm thính bị bị thương.,1,1.0,1.0,1.0
buoi_trua anh bi bi_thuong,Buổi trưa anh bị bị thương.,Buổi trưa anh bị bị thương.,1,1.0,1.0,1.0
nam bo bi dau_bung,Năm bố bị đau bụng.,Năm bố bị đau bụng.,1,1.0,1.0,1.0
thu_bay ong dang choi,Thứ bảy ông đang chơi.,Thứ bảy ông đang chơi.,1,1.0,1.0,1.0
co_giao o benh_vien,Cô giáo ở bệnh viện.,Cô giáo ở bệnh viện.,1,1.0,1.0,1.0
ong muon sau com,Ông muốn sáu cơm.,Ông muốn sáu cơm.,1,1.0,1.0,1.0
buoi_sang co_giao dang uong,Buổi sáng cô giáo đang uống.,Buổi sáng cô giáo đang uống.,1,1.0,1.0,1.0
but cu,Bút cũ.,Bút cũ.,1,1.0,1.0,1.0
den kho_rao,Đèn khô ráo.,Đèn khô ráo.,1,1.0,1.0,1.0
thang con_gai dang giat_do,Tháng con gái đang giặt đồ.,Tháng con gái đang giặt đồ.,1,1.0,1.0,1.0
hom_nay thay_giao bi ho,Hôm nay thầy giáo bị ho.,Hôm nay thầy giáo bị ho.,1,1.0,1.0,1.0
buoi_trua benh_nhan bi dau_lung,Buổi trưa bệnh nhân bị đau lưng.,Buổi trưa bệnh nhân bị đau lưng.,1,1.0,1.0,1.0
mua_dong chi bi met,Mùa đông chị bị mệt.,Mùa đông chị bị mệt.,1,1.0,1.0,1.0
chu_nhat ban bi dau_lung,Chủ nhật bạn bị đau lưng.,Chủ nhật bạn bị đau lưng.,1,1.0,1.0,1.0
ngay chi lam_viec,Ngày chị làm việc.,Ngày chị làm việc.,1,1.0,1.0,1.0
co_giao can rau,Cô giáo cần rau.,Cô giáo cần rau.,1,1.0,1.0,1.0
chu_nhat me bi di_ung,Chủ nhật mẹ bị dị ứng.,Chủ nhật mẹ bị dị ứng.,1,1.0,1.0,1.0
toi can dien_thoai,Tôi cần điện thoại.,Tôi cần điện thoại.,1,1.0,1.0,1.0
benh_nhan di cho,Bệnh nhân đi chợ.,Bệnh nhân đi chợ.,1,1.0,1.0,1.0
thu_bay em bi dau_dau,Thứ bảy em bị đau đầu.,Thứ bảy em bị đau đầu.,1,1.0,1.0,1.0
bo can ba dien_thoai,Bố cần ba điện thoại.,Bố cần ba điện thoại.,1,1.0,1.0,1.0
ba mat dien_thoai,Bà mất điện thoại.,Bà mất điện thoại.,1,1.0,1.0,1.0
bo can hai tivi,Bố cần hai ti vi.,Bố cần hai ti vi.,1,1.0,1.0,1.0
hom_qua troi_lanh,Hôm qua trời lạnh.,Hôm qua trời lạnh.,1,1.0,1.0,1.0
thit o_dau,Thịt ở đâu?,Thịt ở đâu?,1,1.0,1.0,1.0
mua_dong anh bi buon_non,Mùa đông anh bị buồn nôn.,Mùa đông anh bị buồn nôn.,1,1.0,1.0,1.0
buoi_trua bo bi ho,Buổi trưa bố bị ho.,Buổi trưa bố bị ho.,1,1.0,1.0,1.0
chi muon sua,Chị muốn sữa.,Chị muốn sữa.,1,1.0,1.0,1.0
anh bi dau_lung nen can di_benh_vien,Anh bị đau lưng nên cần đi bệnh viện.,Anh bị đau lưng nên cần đi bệnh viện.,1,1.0,1.0,1.0
ong bi dau_lung,Ông bị đau lưng.,Ông bị đau lưng.,1,1.0,1.0,1.0
buoi_trua ban dang nghe,Buổi trưa bạn đang nghe.,Buổi trưa bạn đang nghe.,1,1.0,1.0,1.0
ban muon nuoc o benh_vien,Bạn muốn nước ở bệnh viện.,Bạn muốn nước ở bệnh viện.,1,1.0,1.0,1.0
thay_giao dang lam_viec,Thầy giáo đang làm việc.,Thầy giáo đang làm việc.,1,1.0,1.0,1.0
hom_qua em noi,Hôm qua em nói.,Hôm qua em nói.,1,1.0,1.0,1.0
buoi_sang nguoi_khiem_thinh dang di_cho,Buổi sáng người khiếm thính đang đi chợ.,Buổi sáng người khiếm thính đang đi chợ.,1,1.0,1.0,1.0
thu_bay nguoi_khiem_thinh dang di_cho,Thứ bảy người khiếm thính đang đi chợ.,Thứ bảy người khiếm thính đang đi chợ.,1,1.0,1.0,1.0
lam_on dua nguoi_phien_dich giup toi,Làm ơn đưa người phiên dịch giúp tôi.,Làm ơn đưa người phiên dịch giúp tôi.,1,1.0,1.0,1.0
thu_bay toi dang noi,Thứ bảy tôi đang nói.,Thứ bảy tôi đang nói.,1,1.0,1.0,1.0
bo bi sot nen can nghi_ngoi,Bố bị sốt nên cần nghỉ ngơi.,Bố bị sốt nên cần nghỉ ngơi.,1,1.0,1.0,1.0
co mat kinh_lup,Cô mất kính lúp.,Cô mất kính lúp.,1,1.0,1.0,1.0
ban muon hai chao,Bạn muốn hai cháo.,Bạn muốn hai cháo.,1,1.0,1.0,1.0
ban muon muoi tivi,Bạn muốn mười ti vi.,Bạn muốn mười ti vi.,1,1.0,1.0,1.0
con_gai can ghe,Con gái cần ghế.,Con gái cần ghế.,1,1.0,1.0,1.0
con_gai can goi_y_ta,Con gái cần gọi y tá.,Con gái cần gọi y tá.,1,1.0,1.0,1.0
ong can mot_tram den,Ông cần một trăm đèn.,Ông cần một trăm đèn.,1,1.0,1.0,1.0
bo can hai_muoi nuoc,Bố cần hai mươi nước.,Bố cần hai mươi nước.,1,1.0,1.0,1.0
nguoi_khiem_thinh muon tivi,Người khiếm thính muốn ti vi.,Người khiếm thính muốn ti vi.,1,1.0,1.0,1.0
thu_nam ban dang choi,Thứ năm bạn đang chơi.,Thứ năm bạn đang chơi.,1,1.0,1.0,1.0
mua_he anh nghe,Mùa hè anh nghe.,Mùa hè anh nghe.,1,1.0,1.0,1.0
anh can ba nuoc_cam,Anh cần ba nước cam.,Anh cần ba nước cam.,1,1.0,1.0,1.0
buoi_toi chung_toi bi ho,Buổi tối chúng tôi bị ho.,Buổi tối chúng tôi bị ho.,1,1.0,1.0,1.0
me muon banh_mi o truong,Mẹ muốn bánh mì ở trường.,Mẹ muốn bánh mì ở trường.,1,1.0,1.0,1.0
thu_ba bo bi met,Thứ ba bố bị mệt.,Thứ ba bố bị mệt.,1,1.0,1.0,1.0
thu_sau chung_toi bi chay_mau,Thứ sáu chúng tôi bị chảy máu.,Thứ sáu chúng tôi bị chảy máu.,1,1.0,1.0,1.0
con_gai bi dau_lung nen can goi_bac_si,Con gái bị đau lưng nên cần gọi bác sĩ.,Con gái bị đau lưng nên cần gọi bác sĩ.,1,1.0,1.0,1.0
buoi_trua chi lam_viec,Buổi trưa chị làm việc.,Buổi trưa chị làm việc.,1,1.0,1.0,1.0
ban thich xe_cuu_thuong,Bạn thích xe cứu thương.,Bạn thích xe cứu thương.,1,1.0,1.0,1.0
nguoi_khiem_thinh den ben_xe,Người khiếm thính đến bến xe.,Người khiếm thính đến bến xe.,1,1.0,1.0,1.0
ba tim may_tinh,Bà tìm máy tính.,Bà tìm máy tính.,1,1.0,1.0,1.0
ban se di_hoc,Bạn sẽ đi học.,Bạn sẽ đi học.,1,1.0,1.0,1.0
me muon nuoc_cam o truong,Mẹ muốn nước cam ở trường.,Mẹ muốn nước cam ở trường.,1,1.0,1.0,1.0
thu_bay co dang mua_sam,Thứ bảy cô đang mua sắm.,Thứ bảy cô đang mua sắm.,1,1.0,1.0,1.0
anh muon mot_tram dien_thoai,Anh muốn một trăm điện thoại.,Anh muốn một trăm điện thoại.,1,1.0,1.0,1.0
cam_on,Cảm ơn bạn.,Cảm ơn.,0,0.4,0.7499999999999999,0.7777777777777778
bo muon banh_mi o phong_kham,Bố muốn bánh mì ở phòng khám.,Bố muốn bánh mì ở phòng khám.,1,1.0,1.0,1.0
chi den duong,Chị đến đường.,Chị đến đường.,1,1.0,1.0,1.0
thu_bay nguoi_khiem_thinh dang ngu,Thứ bảy người khiếm thính đang ngủ.,Thứ bảy người khiếm thính đang ngủ.,1,1.0,1.0,1.0
thu_ba em dang nau_an,Thứ ba em đang nấu ăn.,Thứ ba em đang nấu ăn.,1,1.0,1.0,1.0
em can ba pho,Em cần ba phở.,Em cần ba phở.,1,1.0,1.0,1.0
mua_dong co_giao nghi,Mùa đông cô giáo nghỉ.,Mùa đông cô giáo nghỉ.,1,1.0,1.0,1.0
thu_tu chi dang choi,Thứ tư chị đang chơi.,Thứ tư chị đang chơi.,1,1.0,1.0,1.0
nam toi dang giat_do,Năm tôi đang giặt đồ.,Năm tôi đang giặt đồ.,1,1.0,1.0,1.0
bo khong muon dien_thoai,Bố không muốn điện thoại.,Bố không muốn điện thoại.,1,1.0,1.0,1.0
bo can ba vo,Bố cần ba vở.,Bố cần ba vở.,1,1.0,1.0,1.0
ban khong_thich chao,Bạn không thích cháo.,Bạn không thích cháo.,1,1.0,1.0,1.0
mua_he co dang di_bo,Mùa hè cô đang đi bộ.,Mùa hè cô đang đi bộ.,1,1.0,1.0,1.0
me can ba_muoi dien_thoai,Mẹ cần ba mươi điện thoại.,Mẹ cần ba mươi điện thoại.,1,1.0,1.0,1.0
toi_nay ban bi bi_thuong,Tối nay bạn bị bị thương.,Tối nay bạn bị bị thương.,1,1.0,1.0,1.0
hom_qua con_trai bi met,Hôm qua con trai bị mệt.,Hôm qua con trai bị mệt.,1,1.0,1.0,1.0
co_giao dang tap_the_duc,Cô giáo đang tập thể dục.,Cô giáo đang tập thể dục.,1,1.0,1.0,1.0
toi can sua,Tôi cần sữa.,Tôi cần sữa.,1,1.0,1.0,1.0
ban can bay vo,Bạn cần bảy vở.,Bạn cần bảy vở.,1,1.0,1.0,1.0
me can khau_trang,Mẹ cần khẩu trang.,Mẹ cần khẩu trang.,1,1.0,1.0,1.0
me muon banh,Mẹ muốn bánh.,Mẹ muốn bánh.,1,1.0,1.0,1.0
ong muon hai den,Ông muốn hai đèn.,Ông muốn hai đèn.,1,1.0,1.0,1.0
me can hai sach,Mẹ cần hai sách.,Mẹ cần hai sách.,1,1.0,1.0,1.0
chu_nhat me dang uong,Chủ nhật mẹ đang uống.,Chủ nhật mẹ đang uống.,1,1.0,1.0,1.0
ngay chi xem,Ngày chị xem.,Ngày chị xem.,1,1.0,1.0,1.0
chi muon sau tivi,Chị muốn sáu ti vi.,Chị muốn sáu ti vi.,1,1.0,1.0,1.0
mua_he thay_giao dang giat_do,Mùa hè thầy giáo đang giặt đồ.,Mùa hè thầy giáo đang giặt đồ.,1,1.0,1.0,1.0
ngay chi an,Ngày chị ăn.,Ngày chị ăn.,1,1.0,1.0,1.0
mua_dong benh_nhan dang ngu,Mùa đông bệnh nhân đang ngủ.,Mùa đông bệnh nhân đang ngủ.,1,1.0,1.0,1.0
anh can hai ban_phim,Anh cần hai bàn phím.,Anh cần hai bàn phím.,1,1.0,1.0,1.0
benh_nhan can nuoc_cam,Bệnh nhân cần nước cam.,Bệnh nhân cần nước cam.,1,1.0,1.0,1.0
bay_gio anh bi dau_dau,Bây giờ anh bị đau đầu.,Bây giờ anh bị đau đầu.,1,1.0,1.0,1.0
mua_dong thay_giao an,Mùa đông thầy giáo ăn.,Mùa đông thầy giáo ăn.,1,1.0,1.0,1.0
buoi_trua thay_giao nghi,Buổi trưa thầy giáo nghỉ.,Buổi trưa thầy giáo nghỉ.,1,1.0,1.0,1.0
hom_nay me di_hoc,Hôm nay mẹ đi học.,Hôm nay mẹ đi học.,1,1.0,1.0,1.0
bo muon hai_muoi nuoc,Bố muốn hai mươi nước.,Bố muốn hai mươi nước.,1,1.0,1.0,1.0
toi can muoi den,Tôi cần mười đèn.,Tôi cần mười đèn.,1,1.0,1.0,1.0
bo muon sau ban_phim,Bố muốn sáu bàn phím.,Bố muốn sáu bàn phím.,1,1.0,1.0,1.0
thu_hai chung_toi dang uong,Thứ hai chúng tôi đang uống.,Thứ hai chúng tôi đang uống.,1,1.0,1.0,1.0
thu_tu nguoi_khiem_thinh dang lam_viec,Thứ tư người khiếm thính đang làm việc.,Thứ tư người khiếm thính đang làm việc.,1,1.0,1.0,1.0
ban muon tam vo,Bạn muốn tám vở.,Bạn muốn tám vở.,1,1.0,1.0,1.0
thay_giao can noi_com_dien khong,Thầy giáo có cần nồi cơm điện không?,Thầy giáo có cần nồi cơm điện không?,1,1.0,1.0,1.0
thu_nam co_giao hoc_bai,Thứ năm cô giáo học bài.,Thứ năm cô giáo học bài.,1,1.0,1.0,1.0
may_tinh mau_den,Máy tính màu đen.,Máy tính màu đen.,1,1.0,1.0,1.0
thu_tu me dang di_bo,Thứ tư mẹ đang đi bộ.,Thứ tư mẹ đang đi bộ.,1,1.0,1.0,1.0
ong can mot_tram com,Ông cần một trăm cơm.,Ông cần một trăm cơm.,1,1.0,1.0,1.0
hom_qua nguoi_khiem_thinh dang uong,Hôm qua người khiếm thính đang uống.,Hôm qua người khiếm thính đang uống.,1,1.0,1.0,1.0
hom_qua ban bi bi_thuong,Hôm qua bạn bị bị thương.,Hôm qua bạn bị bị thương.,1,1.0,1.0,1.0
thang anh dang lam_viec,Tháng anh đang làm việc.,Tháng anh đang làm việc.,1,1.0,1.0,1.0
ngay_mai bo dang xem,Ngày mai bố đang xem.,Ngày mai bố đang xem.,1,1.0,1.0,1.0
chu_nhat chi lam_viec,Chủ nhật chị làm việc.,Chủ nhật chị làm việc.,1,1.0,1.0,1.0
thu_tu bo dang noi,Thứ tư bố đang nói.,Thứ tư bố đang nói.,1,1.0,1.0,1.0
thu_ba kho_rao khong,Thứ ba có khô ráo không?,Thứ ba có khô ráo không?,1,1.0,1.0,1.0
bo muon muoi sua,Bố muốn mười sữa.,Bố muốn mười sữa.,1,1.0,1.0,1.0
toi muon mot tivi,Tôi muốn một ti vi.,Tôi muốn một ti vi.,1,1.0,1.0,1.0
toi_nay co_giao bi bi_thuong,Tối nay cô giáo bị bị thương.,Tối nay cô giáo bị bị thương.,1,1.0,1.0,1.0
ngay_mai bo se di sieu_thi,Ngày mai bố sẽ đi siêu thị.,Ngày mai bố sẽ đi siêu thị.,1,1.0,1.0,1.0
hom_nay ong bi cam_lanh,Hôm nay ông bị cảm lạnh.,Hôm nay ông bị cảm lạnh.,1,1.0,1.0,1.0
buoi_toi me dang di_bo,Buổi tối mẹ đang đi bộ.,Buổi tối mẹ đang đi bộ.,1,1.0,1.0,1.0
thu_bay anh dang nghe,Thứ bảy anh đang nghe.,Thứ bảy anh đang nghe.,1,1.0,1.0,1.0
buoi_chieu em xem,Buổi chiều em xem.,Buổi chiều em xem.,1,1.0,1.0,1.0
thu_ba co dang doc_sach,Thứ ba cô đang đọc sách.,Thứ ba cô đang đọc sách.,1,1.0,1.0,1.0
buoi_sang co_giao dang di_bo,Buổi sáng cô giáo đang đi bộ.,Buổi sáng cô giáo đang đi bộ.,1,1.0,1.0,1.0
con_gai thich sach,Con gái thích sách.,Con gái thích sách.,1,1.0,1.0,1.0
mua_dong em ngu,Mùa đông em ngủ.,Mùa đông em ngủ.,1,1.0,1.0,1.0
hom_qua thay_giao dang di_hoc,Hôm qua thầy giáo đang đi học.,Hôm qua thầy giáo đang đi học.,1,1.0,1.0,1.0
buoi_chieu nguoi_khiem_thinh bi cam_lanh,Buổi chiều người khiếm thính bị cảm lạnh.,Buổi chiều người khiếm thính bị cảm lạnh.,1,1.0,1.0,1.0
em cam_thay buon_non,Em cảm thấy buồn nôn.,Em cảm thấy buồn nôn.,1,1.0,1.0,1.0
thu_nam toi xem,Thứ năm tôi xem.,Thứ năm tôi xem.,1,1.0,1.0,1.0
thu_hai con_gai dang tam,Thứ hai con gái đang tắm.,Thứ hai con gái đang tắm.,1,1.0,1.0,1.0
toi muon bon den,Tôi muốn bốn đèn.,Tôi muốn bốn đèn.,1,1.0,1.0,1.0
thu_ba bo bi cam_lanh,Thứ ba bố bị cảm lạnh.,Thứ ba bố bị cảm lạnh.,1,1.0,1.0,1.0
ngay_mai co nghi,Ngày mai cô nghỉ.,Ngày mai cô nghỉ.,1,1.0,1.0,1.0
me la nhan_vien,Mẹ là nhân viên.,Mẹ là nhân viên.,1,1.0,1.0,1.0
anh muon bun o sieu_thi,Anh muốn bún ở siêu thị.,Anh muốn bún ở siêu thị.,1,1.0,1.0,1.0
bay_gio benh_nhan dang ngu,Bây giờ bệnh nhân đang ngủ.,Bây giờ bệnh nhân đang ngủ.,1,1.0,1.0,1.0
bo cam_thay dau_dau,Bố cảm thấy đau đầu.,Bố cảm thấy đau đầu.,1,1.0,1.0,1.0
co di lop_hoc,Cô đi lớp học.,Cô đi lớp học.,1,1.0,1.0,1.0
chu_nhat chi dang xem,Chủ nhật chị đang xem.,Chủ nhật chị đang xem.,1,1.0,1.0,1.0
nam bo dang mua_sam,Năm bố đang mua sắm.,Năm bố đang mua sắm.,1,1.0,1.0,1.0
me muon tam but,Mẹ muốn tám bút.,Mẹ muốn tám bút.,1,1.0,1.0,1.0
buoi_sang gio_manh,Buổi sáng gió mạnh.,Buổi sáng gió mạnh.,1,1.0,1.0,1.0
ban dong_y,Bạn đồng ý.,Bàn đồng ý.,0,0.6666666666666666,1.0,0.9090909090909091
buoi_trua ban dang di_cho,Buổi trưa bạn đang đi chợ.,Buổi trưa bạn đang đi chợ.,1,1.0,1.0,1.0
nam chi bi chong_mat,Năm chị bị chóng mặt.,Năm chị bị chóng mặt.,1,1.0,1.0,1.0
thu_nam ba dang tap_the_duc,Thứ năm bà đang tập thể dục.,Thứ năm bà đang tập thể dục.,1,1.0,1.0,1.0
toi muon mua mu,Tôi muốn mua mũ.,Tôi muốn mua mũ.,1,1.0,1.0,1.0
thu_sau toi dang tap_the_duc,Thứ sáu tôi đang tập thể dục.,Thứ sáu tôi đang tập thể dục.,1,1.0,1.0,1.0
thu_nam chi dang lam_viec,Thứ năm chị đang làm việc.,Thứ năm chị đang làm việc.,1,1.0,1.0,1.0
anh muon di xe_bus,Anh muốn đi xe buýt.,Anh muốn đi xe buýt.,1,1.0,1.0,1.0
co_giao muon com,Cô giáo muốn cơm.,Cô giáo muốn cơm.,1,1.0,1.0,1.0
buoi_chieu thay_giao bi ho,Buổi chiều thầy giáo bị ho.,Buổi chiều thầy giáo bị ho.,1,1.0,1.0,1.0
hom_qua benh_nhan dang ngu,Hôm qua bệnh nhân đang ngủ.,Hôm qua bệnh nhân đang ngủ.,1,1.0,1.0,1.0
toi bi dau_tay,Tôi bị đau tay.,Tôi bị đau tay.,1,1.0,1.0,1.0
buoi_toi con_trai dang nghe,Buổi tối con trai đang nghe.,Buổi tối con trai đang nghe.,1,1.0,1.0,1.0
ong can ba chao,Ông cần ba cháo.,Ông cần ba cháo.,1,1.0,1.0,1.0
hom_nay con_trai dang ngu,Hôm nay con trai đang ngủ.,Hôm nay con trai đang ngủ.,1,1.0,1.0,1.0
me bi dau_bung nen can goi_bac_si,Mẹ bị đau bụng nên cần gọi bác sĩ.,Mẹ bị đau bụng nên cần gọi bác sĩ.,1,1.0,1.0,1.0
ngay chung_toi bi dau_hong,Ngày chúng tôi bị đau họng.,Ngày chúng tôi bị đau họng.,1,1.0,1.0,1.0
toi can bay tivi,Tôi cần bảy ti vi.,Tôi cần bảy ti vi.,1,1.0,1.0,1.0
hom_qua nguoi_khiem_thinh dang tap_the_duc,Hôm qua người khiếm thính đang tập thể dục.,Hôm qua người khiếm thính đang tập thể dục.,1,1.0,1.0,1.0
buoi_trua benh_nhan bi cam_lanh,Buổi trưa bệnh nhân bị cảm lạnh.,Buổi trưa bệnh nhân bị cảm lạnh.,1,1.0,1.0,1.0
buoi_chieu co dang di_hoc,Buổi chiều cô đang đi học.,Buổi chiều cô đang đi học.,1,1.0,1.0,1.0
ngay con_gai dang ngu,Ngày con gái đang ngủ.,Ngày con gái đang ngủ.,1,1.0,1.0,1.0
bo bi ho,Bố bị ho.,Bố bị ho.,1,1.0,1.0,1.0
bo da xem,Bố đã xem.,Bố đã xem.,1,1.0,1.0,1.0
thu_tu nguoi_khiem_thinh bi dau_tay,Thứ tư người khiếm thính bị đau tay.,Thứ tư người khiếm thính bị đau tay.,1,1.0,1.0,1.0
hom_qua bo dang giat_do,Hôm qua bố đang giặt đồ.,Hôm qua bố đang giặt đồ.,1,1.0,1.0,1.0
ngay anh doc_sach,Ngày anh đọc sách.,Ngày anh đọc sách.,1,1.0,1.0,1.0
thang bo dang nghe,Tháng bố đang nghe.,Tháng bố đang nghe.,1,1.0,1.0,1.0
thu_ba co dang tam,Thứ ba cô đang tắm.,Thứ ba cô đang tắm.,1,1.0,1.0,1.0
thu_hai benh_nhan dang mua_sam,Thứ hai bệnh nhân đang mua sắm.,Thứ hai bệnh nhân đang mua sắm.,1,1.0,1.0,1.0
nam me dang giat_do,Năm mẹ đang giặt đồ.,Năm mẹ đang giặt đồ.,1,1.0,1.0,1.0
buoi_toi ba bi dau,Buổi tối bà bị đau.,Buổi tối bà bị đau.,1,1.0,1.0,1.0
thu_hai benh_nhan dang chay,Thứ hai bệnh nhân đang chạy.,Thứ hai bệnh nhân đang chạy.,1,1.0,1.0,1.0
anh muon nuoc_cam o truong,Anh muốn nước cam ở trường.,Anh muốn nước cam ở trường.,1,1.0,1.0,1.0
chi can bon vo,Chị cần bốn vở.,Chị cần bốn vở.,1,1.0,1.0,1.0
mua_he em dang lam_viec,Mùa hè em đang làm việc.,Mùa hè em đang làm việc.,1,1.0,1.0,1.0
mu mau_xanh,Mũ màu xanh.,Mũ màu xanh.,1,1.0,1.0,1.0
bay_gio nguoi_khiem_thinh bi dau_bung,Bây giờ người khiếm thính bị đau bụng.,Bây giờ người khiếm thính bị đau bụng.,1,1.0,1.0,1.0
toi tim giuong,Tôi tìm giường.,Tôi tìm giường.,1,1.0,1.0,1.0
bo mat cua,Bố mất cửa.,Bố mất cửa.,1,1.0,1.0,1.0
hom_nay ong se di cho,Hôm nay ông sẽ đi chợ.,Hôm nay ông sẽ đi chợ.,1,1.0,1.0,1.0
ban can tam den,Bạn cần tám đèn.,Bạn cần tám đèn.,1,1.0,1.0,1.0
chu_nhat em dang xem,Chủ nhật em đang xem.,Chủ nhật em đang xem.,1,1.0,1.0,1.0
ba se lam_viec,Bà sẽ làm việc.,Bà sẽ làm việc.,1,1.0,1.0,1.0
buoi_trua em se di nha,Buổi trưa em sẽ đi nhà.,Buổi trưa em sẽ đi nhà.,1,1.0,1.0,1.0
mua_dong co bi buon_non,Mùa đông cô bị buồn nôn.,Mùa đông cô bị buồn nôn.,1,1.0,1.0,1.0
me da di_cho,Mẹ đã đi chợ.,Mẹ đã đi chợ.,1,1.0,1.0,1.0
buoi_toi bo bi kho_tho,Buổi tối bố bị khó thở.,Buổi tối bố bị khó thở.,1,1.0,1.0,1.0
anh muon tam sua,Anh muốn tám sữa.,Anh muốn tám sữa.,1,1.0,1.0,1.0
em muon hai den,Em muốn hai đèn.,Em muốn hai đèn.,1,1.0,1.0,1.0
ong muon mua dien_thoai,Ông muốn mua điện thoại.,Ông muốn mua điện thoại.,1,1.0,1.0,1.0
buoi_chieu troi_nang khong,Buổi chiều có nắng không?,Buổi chiều có nắng không?,1,1.0,1.0,1.0
buoi_toi ba bi dau_lung,Buổi tối bà bị đau lưng.,Buổi tối bà bị đau lưng.,1,1.0,1.0,1.0
buoi_chieu chi lam_bai_tap,Buổi chiều chị làm bài tập.,Buổi chiều chị làm bài tập.,1,1.0,1.0,1.0
buoi_trua bo viet,Buổi trưa bố viết.,Buổi trưa bố viết.,1,1.0,1.0,1.0
me muon tra o nha,Mẹ muốn trà ở nhà.,Mẹ muốn trà ở nhà.,1,1.0,1.0,1.0
me can mot banh_mi,Mẹ cần một bánh mì.,Mẹ cần một bánh mì.,1,1.0,1.0,1.0
chi khong muon goi_bac_si,Chị không muốn gọi bác sĩ.,Chị không muốn gọi bác sĩ.,1,1.0,1.0,1.0
nam ba an,Năm bà ăn.,Năm bà ăn.,1,1.0,1.0,1.0
ban bi dau_tay nen can di_nha_ve_sinh,Bạn bị đau tay nên cần đi nhà vệ sinh.,Bạn bị đau tay nên cần đi nhà vệ sinh.,1,1.0,1.0,1.0
me khong_thich keo,Mẹ không thích kẹo.,Mẹ không thích kẹo.,1,1.0,1.0,1.0
toi muon chao o benh_vien,Tôi muốn cháo ở bệnh viện.,Tôi muốn cháo ở bệnh viện.,1,1.0,1.0,1.0
ban co di_nha_ve_sinh khong,Bạn có đi nhà vệ sinh không?,Bạn có đi nhà vệ sinh không?,1,1.0,1.0,1.0
em can chin chao,Em cần chín cháo.,Em cần chín cháo.,1,1.0,1.0,1.0
me muon bay banh_mi,Mẹ muốn bảy bánh mì.,Mẹ muốn bảy bánh mì.,1,1.0,1.0,1.0
con_gai can di_nha_ve_sinh,Con gái cần đi nhà vệ sinh.,Con gái cần đi nhà vệ sinh.,1,1.0,1.0,1.0
ngay chung_toi bi cam_lanh,Ngày chúng tôi bị cảm lạnh.,Ngày chúng tôi bị cảm lạnh.,1,1.0,1.0,1.0
nam co dang mua_sam,Năm cô đang mua sắm.,Năm cô đang mua sắm.,1,1.0,1.0,1.0
ban can bon dien_thoai,Bạn cần bốn điện thoại.,Bạn cần bốn điện thoại.,1,1.0,1.0,1.0
bay_gio bo dang tap_the_duc,Bây giờ bố đang tập thể dục.,Bây giờ bố đang tập thể dục.,1,1.0,1.0,1.0
thu_sau ban dang nau_an,Thứ sáu bạn đang nấu ăn.,Thứ sáu bạn đang nấu ăn.,1,1.0,1.0,1.0
thu_sau thay_giao dang ngu,Thứ sáu thầy giáo đang ngủ.,Thứ sáu thầy giáo đang ngủ.,1,1.0,1.0,1.0
ong can ao_khoac khong,Ông có cần áo khoác không?,Ông có cần áo khoác không?,1,1.0,1.0,1.0
anh cam_thay ho,Anh cảm thấy ho.,Anh cảm thấy ho.,1,1.0,1.0,1.0
co da doc_sach,Cô đã đọc sách.,Cô đã đọc sách.,1,1.0,1.0,1.0
ban thich may_tinh,Bạn thích máy tính.,Bạn thích máy tính.,1,1.0,1.0,1.0
chi can but,Chị cần bút.,Chị cần bút.,1,1.0,1.0,1.0
hom_nay toi dang rua_tay,Hôm nay tôi đang rửa tay.,Hôm nay tôi đang rửa tay.,1,1.0,1.0,1.0
thu_ba me bi cam_lanh,Thứ ba mẹ bị cảm lạnh.,Thứ ba mẹ bị cảm lạnh.,1,1.0,1.0,1.0
ong can ba sach,Ông cần ba sách.,Ông cần ba sách.,1,1.0,1.0,1.0
me se lam_bai_tap,Mẹ sẽ làm bài tập.,Mẹ sẽ làm bài tập.,1,1.0,1.0,1.0
nam bo dang noi,Năm bố đang nói.,Năm bố đang nói.,1,1.0,1.0,1.0
ong can keo khong,Ông có cần kẹo không?,Ông có cần kẹo không?,1,1.0,1.0,1.0
ngay chi dang lam_bai_tap,Ngày chị đang làm bài tập.,Ngày chị đang làm bài tập.,1,1.0,1.0,1.0
buoi_toi con_gai bi sot,Buổi tối con gái bị sốt.,Buổi tối con gái bị sốt.,1,1.0,1.0,1.0
hom_nay me dang ngu,Hôm nay mẹ đang ngủ.,Hôm nay mẹ đang ngủ.,1,1.0,1.0,1.0
buoi_chieu ong an,Buổi chiều ông ăn.,Buổi chiều ông ăn.,1,1.0,1.0,1.0
toi_nay toi dang rua_tay,Tối nay tôi đang rửa tay.,Tối nay tôi đang rửa tay.,1,1.0,1.0,1.0
hom_nay co dang noi,Hôm nay cô đang nói.,Hôm nay cô đang nói.,1,1.0,1.0,1.0
toi_nay bo dang tam,Tối nay bố đang tắm.,Tối nay bố đang tắm.,1,1.0,1.0,1.0
bay_gio nguoi_khiem_thinh bi kho_tho,Bây giờ người khiếm thính bị khó thở.,Bây giờ người khiếm thính bị khó thở.,1,1.0,1.0,1.0
nguoi_khiem_thinh thich banh,Người khiếm thính thích bánh.,Người khiếm thính thích bánh.,1,1.0,1.0,1.0
em muon banh_mi o nha,Em muốn bánh mì ở nhà.,Em muốn bánh mì ở nhà.,1,1.0,1.0,1.0
mua_he toi nghe,Mùa hè tôi nghe.,Mùa hè tôi nghe.,1,1.0,1.0,1.0
em muon quan,Em muốn quần.,Em muốn quần.,1,1.0,1.0,1.0
hom_qua con_trai dang xem,Hôm qua con trai đang xem.,Hôm qua con trai đang xem.,1,1.0,1.0,1.0
